border,constellations,right_ascension,declination
1,And Lac,22.964353,35.16823
1,And Lac,22.96401,36.16822
1,And Lac,22.963659,37.16821
1,And Lac,22.963298,38.1682
1,And Lac,22.962928,39.16819
1,And Lac,22.962546,40.16818
1,And Lac,22.962153,41.16817
1,And Lac,22.961749,42.16816
1,And Lac,22.961331,43.16815
1,And Lac,22.960899,44.16814
1,And Lac,22.960452,45.16813
1,And Lac,22.959989,46.16812
1,And Lac,22.959509,47.16811
1,And Lac,22.959011,48.16809
1,And Lac,22.958493,49.16808
1,And Lac,22.957953,50.16807
1,And Lac,22.957391,51.16805
1,And Lac,22.956803,52.16804
1,And Lac,22.956189,53.16802
2,And Cas,22.956189,53.16802
2,And Cas,23.050971,53.17264
2,And Cas,23.145763,53.17684
2,And Cas,23.240565,53.18064
2,And Cas,23.335374,53.18403
2,And Cas,23.430191,53.187
2,And Cas,23.430486,52.35367
2,And Cas,23.43077,51.52034
2,And Cas,23.431043,50.68701
2,And Cas,23.515593,50.68931
2,And Cas,23.600146,50.69127
2,And Cas,23.684702,50.6929
2,And Cas,23.68489,49.6929
2,And Cas,23.68507,48.69291
2,And Cas,23.783626,48.69438
2,And Cas,23.882184,48.69541
2,And Cas,23.980744,48.69597
2,And Cas,0.079304,48.69608
2,And Cas,0.177864,48.69573
2,And Cas,0.276423,48.69493
2,And Cas,0.276318,47.69493
2,And Cas,0.276217,46.69493
2,And Cas,0.364836,46.69381
2,And Cas,0.453452,46.69233
2,And Cas,0.542066,46.69048
2,And Cas,0.630676,46.68826
2,And Cas,0.719282,46.68568
2,And Cas,0.807884,46.68273
2,And Cas,0.89648,46.67942
2,And Cas,0.985071,46.67575
2,And Cas,0.985489,47.67574
2,And Cas,0.985923,48.67573
2,And Cas,1.070364,48.6719
2,And Cas,1.154799,48.66774
2,And Cas,1.239226,48.66326
2,And Cas,1.239797,49.66324
2,And Cas,1.240392,50.66323
2,And Cas,1.324891,50.65843
2,And Cas,1.409381,50.6533
2,And Cas,1.493861,50.64787
3,And Per,1.493861,50.64787
3,And Per,1.595224,50.64093
3,And Per,1.69657,50.63355
3,And Per,1.7979,50.62574
3,And Per,1.797042,49.62577
3,And Per,1.796219,48.6258
3,And Per,1.795428,47.62583
3,And Per,1.890285,47.61812
3,And Per,1.985127,47.61003
3,And Per,2.079954,47.60157
3,And Per,2.174765,47.59274
3,And Per,2.175591,48.4677
3,And Per,2.176446,49.34266
3,And Per,2.177333,50.21762
3,And Per,2.178252,51.09258
3,And Per,2.274449,51.08325
3,And Per,2.370627,51.07356
3,And Per,2.466783,51.06351
3,And Per,2.562918,51.05311
3,And Per,2.65903,51.04237
3,And Per,2.657802,50.0603
3,And Per,2.656623,49.07822
3,And Per,2.65549,48.09614
3,And Per,2.6544,47.11406
3,And Per,2.653349,46.13198
3,And Per,2.652334,45.14989
3,And Per,2.651354,44.1678
3,And Per,2.650407,43.18572
3,And Per,2.649489,42.20362
3,And Per,2.648599,41.22153
3,And Per,2.647736,40.23944
3,And Per,2.646897,39.25734
3,And Per,2.646082,38.27525
3,And Per,2.645288,37.29315
4,And Tri,2.645288,37.29315
4,And Tri,2.570948,37.30149
4,And Tri,2.496599,37.30962
4,And Tri,2.422242,37.31755
4,And Tri,2.347877,37.32526
4,And Tri,2.273505,37.33275
4,And Tri,2.199125,37.34002
4,And Tri,2.124738,37.34708
4,And Tri,2.12417,36.4721
4,And Tri,2.123615,35.59713
4,And Tri,2.049108,35.60397
4,And Tri,1.974594,35.61058
4,And Tri,1.900074,35.61696
4,And Tri,1.825547,35.62311
4,And Tri,1.751016,35.62902
4,And Tri,1.676478,35.6347
4,And Tri,1.601935,35.64014
4,And Tri,1.527388,35.64533
4,And Tri,1.526935,34.64535
4,And Tri,1.526494,33.64536
5,And Psc,1.526494,33.64536
5,And Psc,1.44907,33.6505
5,And Psc,1.371642,33.65537
5,And Psc,1.294209,33.65997
5,And Psc,1.216773,33.66431
5,And Psc,1.139332,33.66837
5,And Psc,1.061888,33.67216
5,And Psc,0.984441,33.67568
5,And Psc,0.90699,33.67892
5,And Psc,0.829536,33.68189
5,And Psc,0.829322,32.75689
5,And Psc,0.829112,31.8319
5,And Psc,0.828906,30.9069
5,And Psc,0.828704,29.9819
5,And Psc,0.828506,29.05691
5,And Psc,0.828312,28.13191
5,And Psc,0.82812,27.20691
5,And Psc,0.827932,26.28192
5,And Psc,0.827747,25.35692
5,And Psc,0.827565,24.43192
5,And Psc,0.894585,24.42937
5,And Psc,0.961603,24.42662
5,And Psc,0.961395,23.50995
5,And Psc,0.961189,22.59329
5,And Psc,0.960987,21.67663
5,And Psc,0.889826,21.67955
5,And Psc,0.818663,21.68224
5,And Psc,0.747499,21.68469
5,And Psc,0.676335,21.6869
5,And Psc,0.605169,21.68888
5,And Psc,0.534002,21.69062
5,And Psc,0.462834,21.69212
5,And Psc,0.391665,21.69338
5,And Psc,0.320496,21.6944
5,And Psc,0.249327,21.69518
6,And Peg,0.249327,21.69518
6,And Peg,0.249375,22.69518
6,And Peg,0.211688,22.6955
6,And Peg,0.174,22.69575
6,And Peg,0.17403,23.69575
6,And Peg,0.174061,24.69575
6,And Peg,0.174092,25.69575
6,And Peg,0.174123,26.69575
6,And Peg,0.174155,27.69575
6,And Peg,0.174188,28.69575
6,And Peg,0.10708,28.69603
6,And Peg,0.107092,29.52936
6,And Peg,0.107105,30.36269
6,And Peg,0.107118,31.19603
6,And Peg,0.107131,32.02936
6,And Peg,0.04416,32.02942
6,And Peg,23.98119,32.0293
6,And Peg,23.91822,32.02899
6,And Peg,23.85525,32.0285
6,And Peg,23.855206,32.7785
6,And Peg,23.792222,32.77781
6,And Peg,23.72924,32.77694
6,And Peg,23.666257,32.77588
6,And Peg,23.603276,32.77464
6,And Peg,23.603167,33.58019
6,And Peg,23.603057,34.38575
6,And Peg,23.602944,35.1913
6,And Peg,23.523111,35.18946
6,And Peg,23.44328,35.18731
6,And Peg,23.363451,35.18487
6,And Peg,23.283625,35.18213
6,And Peg,23.203802,35.17909
6,And Peg,23.123982,35.17576
6,And Peg,23.044165,35.17214
6,And Peg,22.964353,35.16823
7,Ant Hya,9.460288,-24.54251
7,Ant Hya,9.524449,-24.54975
7,Ant Hya,9.588614,-24.55683
7,Ant Hya,9.652783,-24.56375
7,Ant Hya,9.716955,-24.57052
7,Ant Hya,9.781131,-24.57712
7,Ant Hya,9.84531,-24.58356
7,Ant Hya,9.844864,-25.41688
7,Ant Hya,9.84441,-26.25019
7,Ant Hya,9.843951,-27.0835
7,Ant Hya,9.915748,-27.09051
7,Ant Hya,9.98755,-27.09732
7,Ant Hya,10.059356,-27.10391
7,Ant Hya,10.131166,-27.1103
7,Ant Hya,10.202981,-27.11647
7,Ant Hya,10.274799,-27.12242
7,Ant Hya,10.346621,-27.12815
7,Ant Hya,10.346228,-28.01703
7,Ant Hya,10.345827,-28.9059
7,Ant Hya,10.34542,-29.79478
7,Ant Hya,10.412501,-29.79993
7,Ant Hya,10.479586,-29.8049
7,Ant Hya,10.546674,-29.80966
7,Ant Hya,10.613765,-29.81423
7,Ant Hya,10.680859,-29.81861
7,Ant Hya,10.680479,-30.81859
7,Ant Hya,10.680091,-31.81858
7,Ant Hya,10.743029,-31.8225
7,Ant Hya,10.805969,-31.82624
7,Ant Hya,10.868912,-31.82981
7,Ant Hya,10.931858,-31.83319
7,Ant Hya,10.931546,-32.79152
7,Ant Hya,10.931227,-33.74984
7,Ant Hya,10.9309,-34.70817
7,Ant Hya,10.930566,-35.66649
7,Ant Hya,10.986584,-35.66935
7,Ant Hya,11.042603,-35.67207
7,Ant Hya,11.098624,-35.67465
8,Ant Cen,11.098624,-35.67465
8,Ant Cen,11.098334,-36.62464
8,Ant Cen,11.098038,-37.57463
8,Ant Cen,11.097733,-38.52463
8,Ant Cen,11.097421,-39.47462
8,Ant Cen,11.0971,-40.42461
9,Ant Vel,11.0971,-40.42461
9,Ant Vel,11.010282,-40.42056
9,Ant Vel,10.92347,-40.41616
9,Ant Vel,10.836664,-40.41143
9,Ant Vel,10.749864,-40.40635
9,Ant Vel,10.663072,-40.40094
9,Ant Vel,10.576287,-40.3952
9,Ant Vel,10.489509,-40.38913
9,Ant Vel,10.40274,-40.38273
9,Ant Vel,10.315979,-40.37601
9,Ant Vel,10.229228,-40.36897
9,Ant Vel,10.142485,-40.36161
9,Ant Vel,10.055753,-40.35394
9,Ant Vel,9.969031,-40.34596
9,Ant Vel,9.88232,-40.33768
9,Ant Vel,9.79562,-40.3291
9,Ant Vel,9.708931,-40.32022
9,Ant Vel,9.622254,-40.31105
9,Ant Vel,9.535589,-40.3016
9,Ant Vel,9.448937,-40.29187
9,Ant Vel,9.449795,-39.29191
9,Ant Vel,9.450628,-38.29196
9,Ant Vel,9.451439,-37.29201
10,Ant Pyx,9.451439,-37.29201
10,Ant Pyx,9.452214,-36.31128
10,Ant Pyx,9.452969,-35.33056
10,Ant Pyx,9.453707,-34.34983
10,Ant Pyx,9.454427,-33.3691
10,Ant Pyx,9.455131,-32.38837
10,Ant Pyx,9.45582,-31.40764
10,Ant Pyx,9.456495,-30.42691
10,Ant Pyx,9.457157,-29.44618
10,Ant Pyx,9.457805,-28.46545
10,Ant Pyx,9.458442,-27.48472
10,Ant Pyx,9.459068,-26.50398
10,Ant Pyx,9.459683,-25.52325
10,Ant Pyx,9.460288,-24.54251
11,Aps Cha,13.940737,-83.12007
11,Aps Cha,13.920453,-82.18338
11,Aps Cha,13.904487,-81.24651
11,Aps Cha,13.891586,-80.30952
11,Aps Cha,13.880941,-79.37244
11,Aps Cha,13.872003,-78.4353
11,Aps Cha,13.864388,-77.4981
11,Aps Cha,13.85782,-76.56086
11,Aps Cha,13.852093,-75.62359
12,Aps Mus,13.852093,-75.62359
12,Aps Mus,13.846739,-74.6238
12,Aps Mus,13.842024,-73.62399
12,Aps Mus,13.837837,-72.62415
12,Aps Mus,13.834093,-71.6243
12,Aps Mus,13.830723,-70.62443
13,Aps Cir,13.830723,-70.62443
13,Aps Cir,14.016766,-70.60896
13,Aps Cir,14.202655,-70.59209
13,Aps Cir,14.388378,-70.57387
13,Aps Cir,14.573922,-70.55434
13,Aps Cir,14.759275,-70.53355
13,Aps Cir,14.944427,-70.51154
14,Aps TrA,14.944427,-70.51154
14,Aps TrA,15.136477,-70.48746
14,Aps TrA,15.328287,-70.4622
14,Aps TrA,15.519847,-70.43582
14,Aps TrA,15.711149,-70.40838
14,Aps TrA,15.902183,-70.37995
14,Aps TrA,16.092942,-70.35062
14,Aps TrA,16.283418,-70.32044
14,Aps TrA,16.473606,-70.28951
14,Aps TrA,16.6635,-70.2579
14,Aps TrA,16.853095,-70.22567
14,Aps TrA,17.042388,-70.19293
14,Aps TrA,17.231375,-70.15974
14,Aps TrA,17.225915,-69.32689
14,Aps TrA,17.220859,-68.49401
14,Aps TrA,17.216163,-67.66109
15,Aps Ara,17.216163,-67.66109
15,Aps Ara,17.383783,-67.63131
15,Aps Ara,17.551188,-67.60129
15,Aps Ara,17.718379,-67.57111
16,Aps Pav,17.718379,-67.57111
16,Aps Pav,17.885356,-67.5408
16,Aps Pav,18.052119,-67.51044
16,Aps Pav,18.218668,-67.48008
16,Aps Pav,18.224057,-68.41709
16,Aps Pav,18.229911,-69.35405
16,Aps Pav,18.236295,-70.29097
16,Aps Pav,18.243291,-71.22783
16,Aps Pav,18.250993,-72.16463
16,Aps Pav,18.259521,-73.10135
16,Aps Pav,18.269018,-74.03799
16,Aps Pav,18.279667,-74.97452
17,Aps Oct,18.279667,-74.97452
17,Aps Oct,18.291697,-75.91092
17,Aps Oct,18.305403,-76.84717
17,Aps Oct,18.32117,-77.78323
17,Aps Oct,18.33951,-78.71906
17,Aps Oct,18.361121,-79.65459
17,Aps Oct,18.386978,-80.58973
17,Aps Oct,18.418482,-81.52436
17,Aps Oct,18.457729,-82.45827
17,Aps Oct,17.978196,-82.54588
17,Aps Oct,17.493016,-82.63326
17,Aps Oct,17.002046,-82.719
17,Aps Oct,16.505243,-82.80165
17,Aps Oct,16.002675,-82.87979
17,Aps Oct,15.494539,-82.95199
17,Aps Oct,14.981165,-83.01691
17,Aps Oct,14.463027,-83.07331
17,Aps Oct,13.940737,-83.12007
18,Aqr Del,20.638658,2.43608
18,Aqr Del,20.698673,2.44455
18,Aqr Del,20.758689,2.45291
18,Aqr Del,20.818705,2.46116
18,Aqr Del,20.878722,2.46929
18,Aqr Del,20.938739,2.47731
19,Aqr Equ,20.938739,2.47731
19,Aqr Equ,21.001257,2.48554
19,Aqr Equ,21.063775,2.49364
19,Aqr Equ,21.126294,2.5016
19,Aqr Equ,21.188814,2.50943
19,Aqr Equ,21.251334,2.51713
19,Aqr Equ,21.313854,2.52468
19,Aqr Equ,21.376375,2.5321
19,Aqr Equ,21.438896,2.53937
20,Aqr Peg,21.438896,2.53937
20,Aqr Peg,21.50559,2.54697
20,Aqr Peg,21.572283,2.5544
20,Aqr Peg,21.571915,3.30438
20,Aqr Peg,21.638614,3.31165
20,Aqr Peg,21.705314,3.31874
20,Aqr Peg,21.772014,3.32566
20,Aqr Peg,21.772471,2.32568
20,Aqr Peg,21.839159,2.33243
20,Aqr Peg,21.905848,2.33899
20,Aqr Peg,21.972537,2.34538
20,Aqr Peg,22.039227,2.35158
20,Aqr Peg,22.105917,2.3576
20,Aqr Peg,22.105818,2.6076
20,Aqr Peg,22.168344,2.61308
20,Aqr Peg,22.23087,2.61839
20,Aqr Peg,22.293396,2.62354
20,Aqr Peg,22.355923,2.62852
20,Aqr Peg,22.41845,2.63333
20,Aqr Peg,22.480977,2.63797
20,Aqr Peg,22.543505,2.64244
20,Aqr Peg,22.606033,2.64674
20,Aqr Peg,22.668561,2.65087
20,Aqr Peg,22.731089,2.65482
20,Aqr Peg,22.793618,2.6586
20,Aqr Peg,22.856147,2.6622
21,Aqr Psc,22.856147,2.6622
21,Aqr Psc,22.856397,1.66221
21,Aqr Psc,22.856646,0.66221
21,Aqr Psc,22.856896,-0.33778
21,Aqr Psc,22.857146,-1.33777
21,Aqr Psc,22.857396,-2.33777
21,Aqr Psc,22.857646,-3.33776
21,Aqr Psc,22.921323,-3.33427
21,Aqr Psc,22.985001,-3.33098
21,Aqr Psc,23.048678,-3.32786
21,Aqr Psc,23.112355,-3.32494
21,Aqr Psc,23.176032,-3.3222
21,Aqr Psc,23.239709,-3.31965
21,Aqr Psc,23.303385,-3.31729
21,Aqr Psc,23.367062,-3.31512
21,Aqr Psc,23.430738,-3.31314
21,Aqr Psc,23.494414,-3.31135
21,Aqr Psc,23.558091,-3.30975
21,Aqr Psc,23.621767,-3.30835
21,Aqr Psc,23.685443,-3.30713
21,Aqr Psc,23.749119,-3.30611
21,Aqr Psc,23.812795,-3.30529
21,Aqr Psc,23.876471,-3.30465
21,Aqr Psc,23.940147,-3.30421
21,Aqr Psc,23.940171,-4.30421
21,Aqr Psc,23.940195,-5.30421
21,Aqr Psc,23.940219,-6.30421
22,Aqr Cet,23.940219,-6.30421
22,Aqr Cet,23.940243,-7.27789
22,Aqr Cet,23.940267,-8.25158
22,Aqr Cet,23.940291,-9.22526
22,Aqr Cet,23.940315,-10.19895
22,Aqr Cet,23.940339,-11.17263
22,Aqr Cet,23.940364,-12.14631
22,Aqr Cet,23.940388,-13.12
22,Aqr Cet,23.940413,-14.09368
22,Aqr Cet,23.940438,-15.06737
22,Aqr Cet,23.940463,-16.04105
22,Aqr Cet,23.940489,-17.01474
22,Aqr Cet,23.940514,-17.98842
22,Aqr Cet,23.94054,-18.9621
22,Aqr Cet,23.940567,-19.93579
22,Aqr Cet,23.940593,-20.90947
22,Aqr Cet,23.94062,-21.88316
22,Aqr Cet,23.940648,-22.85684
22,Aqr Cet,23.940675,-23.83052
22,Aqr Cet,23.940704,-24.80421
23,Aqr Scl,23.940704,-24.80421
23,Aqr Scl,23.871654,-24.8047
23,Aqr Scl,23.802604,-24.80541
23,Aqr Scl,23.733554,-24.80636
23,Aqr Scl,23.664503,-24.80753
23,Aqr Scl,23.595452,-24.80893
23,Aqr Scl,23.5264,-24.81056
23,Aqr Scl,23.457346,-24.81241
23,Aqr Scl,23.388292,-24.81449
23,Aqr Scl,23.319237,-24.81679
23,Aqr Scl,23.25018,-24.81932
23,Aqr Scl,23.181122,-24.82208
23,Aqr Scl,23.112062,-24.82505
24,Aqr PsA,23.112062,-24.82505
24,Aqr PsA,23.041619,-24.82832
24,Aqr PsA,22.971175,-24.83181
24,Aqr PsA,22.900728,-24.83553
24,Aqr PsA,22.830279,-24.83948
24,Aqr PsA,22.759828,-24.84366
24,Aqr PsA,22.689375,-24.84806
24,Aqr PsA,22.618919,-24.85268
24,Aqr PsA,22.548461,-24.85753
24,Aqr PsA,22.478,-24.86259
24,Aqr PsA,22.407536,-24.86787
24,Aqr PsA,22.337069,-24.87337
24,Aqr PsA,22.266599,-24.87909
24,Aqr PsA,22.196125,-24.88501
24,Aqr PsA,22.125649,-24.89115
24,Aqr PsA,22.055168,-24.8975
24,Aqr PsA,21.984685,-24.90405
25,Aqr Cap,21.984685,-24.90405
25,Aqr Cap,21.984194,-23.93348
25,Aqr Cap,21.98371,-22.96292
25,Aqr Cap,21.983233,-21.99235
25,Aqr Cap,21.982762,-21.02179
25,Aqr Cap,21.982298,-20.05122
25,Aqr Cap,21.981839,-19.08065
25,Aqr Cap,21.981386,-18.11009
25,Aqr Cap,21.980938,-17.13952
25,Aqr Cap,21.980494,-16.16895
25,Aqr Cap,21.980055,-15.19838
25,Aqr Cap,21.979619,-14.22782
25,Aqr Cap,21.979188,-13.25725
25,Aqr Cap,21.97876,-12.28668
25,Aqr Cap,21.978335,-11.31611
25,Aqr Cap,21.977912,-10.34554
25,Aqr Cap,21.977493,-9.37498
25,Aqr Cap,21.977076,-8.40441
25,Aqr Cap,21.910515,-8.41078
25,Aqr Cap,21.843953,-8.41733
25,Aqr Cap,21.777391,-8.42406
25,Aqr Cap,21.710827,-8.43097
25,Aqr Cap,21.644262,-8.43805
25,Aqr Cap,21.577696,-8.4453
25,Aqr Cap,21.511128,-8.45272
25,Aqr Cap,21.44456,-8.4603
25,Aqr Cap,21.445084,-9.46027
25,Aqr Cap,21.445612,-10.46024
25,Aqr Cap,21.446143,-11.46021
25,Aqr Cap,21.446678,-12.46018
25,Aqr Cap,21.447217,-13.46015
25,Aqr Cap,21.447761,-14.46012
25,Aqr Cap,21.38126,-14.46786
25,Aqr Cap,21.314757,-14.47576
25,Aqr Cap,21.248252,-14.48382
25,Aqr Cap,21.181744,-14.49204
25,Aqr Cap,21.115234,-14.50042
25,Aqr Cap,21.048721,-14.50894
25,Aqr Cap,20.982207,-14.51762
25,Aqr Cap,20.915689,-14.52644
25,Aqr Cap,20.849169,-14.53541
25,Aqr Cap,20.782646,-14.54451
25,Aqr Cap,20.716121,-14.55376
25,Aqr Cap,20.649593,-14.56314
25,Aqr Cap,20.648922,-13.56319
25,Aqr Cap,20.648257,-12.56324
25,Aqr Cap,20.647597,-11.56328
25,Aqr Cap,20.646941,-10.56333
25,Aqr Cap,20.64629,-9.56338
25,Aqr Cap,20.645643,-8.56342
26,Aql Ser,18.690013,0.11549
26,Aql Ser,18.689214,1.11542
26,Aql Ser,18.688415,2.11534
26,Aql Ser,18.745083,2.12552
26,Aql Ser,18.801752,2.13566
26,Aql Ser,18.858421,2.14577
26,Aql Ser,18.91509,2.15586
26,Aql Ser,18.97176,2.1659
26,Aql Ser,18.97109,3.01584
26,Aql Ser,18.970419,3.86578
26,Aql Ser,18.969747,4.71572
26,Aql Ser,18.969073,5.56567
26,Aql Ser,18.968397,6.41561
26,Aql Ser,18.917272,6.40654
26,Aql Ser,18.866148,6.39745
26,Aql Ser,18.815025,6.38833
26,Aql Ser,18.763903,6.37919
27,Aql Oph,18.763903,6.37919
27,Aql Oph,18.763129,7.33746
27,Aql Oph,18.762352,8.29572
27,Aql Oph,18.761572,9.25398
27,Aql Oph,18.760786,10.21225
27,Aql Oph,18.759997,11.17051
27,Aql Oph,18.759202,12.12877
28,Aql Her,18.759202,12.12877
28,Aql Her,18.827381,12.14096
28,Aql Her,18.895563,12.1531
28,Aql Her,18.963749,12.16519
28,Aql Her,18.962982,13.0937
28,Aql Her,18.962209,14.0222
28,Aql Her,18.96143,14.9507
28,Aql Her,18.960644,15.87921
28,Aql Her,18.959851,16.80771
28,Aql Her,18.95905,17.73621
28,Aql Her,18.95824,18.66471
29,Aql Sge,18.95824,18.66471
29,Aql Sge,19.024967,18.67649
29,Aql Sge,19.091698,18.68822
29,Aql Sge,19.092371,17.9105
29,Aql Sge,19.093037,17.13279
29,Aql Sge,19.093698,16.35507
29,Aql Sge,19.157859,16.36629
29,Aql Sge,19.222024,16.37746
29,Aql Sge,19.286192,16.38857
29,Aql Sge,19.350364,16.39961
29,Aql Sge,19.41454,16.4106
29,Aql Sge,19.478719,16.42151
29,Aql Sge,19.542903,16.43235
29,Aql Sge,19.607089,16.44312
29,Aql Sge,19.67128,16.45381
29,Aql Sge,19.735473,16.46441
29,Aql Sge,19.799671,16.47494
29,Aql Sge,19.863872,16.48538
29,Aql Sge,19.928076,16.49573
29,Aql Sge,19.928399,16.07908
29,Aql Sge,19.990166,16.08895
29,Aql Sge,20.051936,16.09873
29,Aql Sge,20.113709,16.10842
29,Aql Sge,20.175485,16.11801
29,Aql Sge,20.237264,16.12751
30,Aql Del,20.237264,16.12751
30,Aql Del,20.237929,15.22131
30,Aql Del,20.238588,14.31511
30,Aql Del,20.239241,13.40891
30,Aql Del,20.23989,12.50271
30,Aql Del,20.240534,11.59651
30,Aql Del,20.241174,10.69031
30,Aql Del,20.24181,9.78411
30,Aql Del,20.242443,8.87791
30,Aql Del,20.295271,8.88595
30,Aql Del,20.3481,8.89392
30,Aql Del,20.40093,8.90182
30,Aql Del,20.401557,7.97329
30,Aql Del,20.402182,7.04477
30,Aql Del,20.402804,6.11624
30,Aql Del,20.403423,5.18772
30,Aql Del,20.404041,4.25919
30,Aql Del,20.404658,3.33067
30,Aql Del,20.405273,2.40214
30,Aql Del,20.463619,2.41077
30,Aql Del,20.521965,2.41931
30,Aql Del,20.580311,2.42775
30,Aql Del,20.638658,2.43608
31,Aql Aqr,20.638658,2.43608
31,Aql Aqr,20.63929,1.43613
31,Aql Aqr,20.639921,0.43617
31,Aql Aqr,20.640553,-0.56378
31,Aql Aqr,20.641184,-1.56374
31,Aql Aqr,20.641816,-2.56369
31,Aql Aqr,20.642449,-3.56365
31,Aql Aqr,20.643084,-4.5636
31,Aql Aqr,20.64372,-5.56356
31,Aql Aqr,20.644358,-6.56351
31,Aql Aqr,20.644999,-7.56347
31,Aql Aqr,20.645643,-8.56342
32,Aql Cap,20.645643,-8.56342
32,Aql Cap,20.579057,-8.57294
32,Aql Cap,20.51247,-8.5826
32,Aql Cap,20.445881,-8.59238
32,Aql Cap,20.379291,-8.60228
32,Aql Cap,20.312699,-8.61231
32,Aql Cap,20.246105,-8.62245
32,Aql Cap,20.17951,-8.63271
32,Aql Cap,20.112912,-8.64308
32,Aql Cap,20.113453,-9.40137
32,Aql Cap,20.113996,-10.15966
32,Aql Cap,20.114542,-10.91795
32,Aql Cap,20.115091,-11.67624
33,Aql Sgr,20.115091,-11.67624
33,Aql Sgr,20.048514,-11.68671
33,Aql Sgr,19.981935,-11.6973
33,Aql Sgr,19.915353,-11.70798
33,Aql Sgr,19.848769,-11.71876
33,Aql Sgr,19.782182,-11.72964
33,Aql Sgr,19.715593,-11.74061
33,Aql Sgr,19.649001,-11.75167
33,Aql Sgr,19.582407,-11.76282
33,Aql Sgr,19.515809,-11.77405
33,Aql Sgr,19.44921,-11.78536
33,Aql Sgr,19.382607,-11.79674
33,Aql Sgr,19.316002,-11.8082
33,Aql Sgr,19.249394,-11.81972
33,Aql Sgr,19.182783,-11.83131
33,Aql Sgr,19.11617,-11.84296
33,Aql Sgr,19.049553,-11.85467
33,Aql Sgr,18.982934,-11.86644
34,Aql Sct,18.982934,-11.86644
34,Aql Sct,18.982204,-10.97391
34,Aql Sct,18.981477,-10.08138
34,Aql Sct,18.980755,-9.18885
34,Aql Sct,18.980036,-8.29633
34,Aql Sct,18.979321,-7.4038
34,Aql Sct,18.978608,-6.51127
34,Aql Sct,18.977898,-5.61874
34,Aql Sct,18.97719,-4.72621
34,Aql Sct,18.976484,-3.83368
34,Aql Sct,18.919831,-3.84372
34,Aql Sct,18.863178,-3.8538
34,Aql Sct,18.806523,-3.86391
34,Aql Sct,18.749868,-3.87406
34,Aql Sct,18.693212,-3.88422
35,Aql Ser,18.693212,-3.88422
35,Aql Ser,18.692411,-2.8843
35,Aql Ser,18.691611,-1.88437
35,Aql Ser,18.690812,-0.88444
35,Aql Ser,18.690013,0.11549
36,Ara Nor,16.602312,-60.26445
36,Ara Nor,16.599464,-59.29802
36,Ara Nor,16.596773,-58.33158
36,Ara Nor,16.594225,-57.36513
36,Ara Nor,16.591809,-56.39867
36,Ara Nor,16.589512,-55.43219
36,Ara Nor,16.587324,-54.46571
36,Ara Nor,16.585238,-53.49922
36,Ara Nor,16.583245,-52.53272
36,Ara Nor,16.581337,-51.56621
36,Ara Nor,16.579509,-50.5997
36,Ara Nor,16.577755,-49.63318
36,Ara Nor,16.576069,-48.66666
36,Ara Nor,16.574446,-47.70013
36,Ara Nor,16.572882,-46.73359
36,Ara Nor,16.571374,-45.76705
37,Ara Sco,16.571374,-45.76705
37,Ara Sco,16.665965,-45.75109
37,Ara Sco,16.760528,-45.73497
37,Ara Sco,16.855063,-45.71872
37,Ara Sco,16.949571,-45.70233
37,Ara Sco,17.044051,-45.68582
37,Ara Sco,17.138503,-45.6692
37,Ara Sco,17.232926,-45.65248
37,Ara Sco,17.327321,-45.63568
37,Ara Sco,17.421687,-45.61879
37,Ara Sco,17.516025,-45.60183
37,Ara Sco,17.610334,-45.58481
37,Ara Sco,17.704615,-45.56774
37,Ara Sco,17.798867,-45.55063
37,Ara Sco,17.89309,-45.5335
37,Ara Sco,17.987284,-45.51635
38,Ara CrA,17.987284,-45.51635
38,Ara CrA,18.070619,-45.50116
38,Ara CrA,18.153932,-45.48598
39,Ara Tel,18.153932,-45.48598
39,Ara Tel,18.155539,-46.44416
39,Ara Tel,18.157203,-47.40235
39,Ara Tel,18.158928,-48.36052
39,Ara Tel,18.16072,-49.31869
39,Ara Tel,18.162583,-50.27685
39,Ara Tel,18.164523,-51.23501
39,Ara Tel,18.166545,-52.19316
39,Ara Tel,18.168656,-53.1513
39,Ara Tel,18.170863,-54.10943
39,Ara Tel,18.173175,-55.06756
39,Ara Tel,18.1756,-56.02567
39,Ara Tel,18.178149,-56.98377
40,Ara Pav,18.178149,-56.98377
40,Ara Pav,18.078193,-57.00199
40,Ara Pav,17.978188,-57.02021
40,Ara Pav,17.878134,-57.03842
40,Ara Pav,17.778031,-57.05662
40,Ara Pav,17.677879,-57.07477
40,Ara Pav,17.680547,-58.02908
40,Ara Pav,17.683361,-58.98337
40,Ara Pav,17.686335,-59.93764
40,Ara Pav,17.689486,-60.8919
40,Ara Pav,17.692831,-61.84615
40,Ara Pav,17.696391,-62.80037
40,Ara Pav,17.700189,-63.75457
40,Ara Pav,17.704253,-64.70875
40,Ara Pav,17.708614,-65.6629
40,Ara Pav,17.713309,-66.61702
40,Ara Pav,17.718379,-67.57111
41,Ara TrA,17.216163,-67.66109
41,Ara TrA,17.048328,-67.69058
41,Ara TrA,17.043995,-66.85762
41,Ara TrA,17.039947,-66.02464
41,Ara TrA,17.036156,-65.19164
41,Ara TrA,16.952232,-65.20625
41,Ara TrA,16.949209,-64.49817
41,Ara TrA,16.946339,-63.79009
41,Ara TrA,16.862401,-63.80459
41,Ara TrA,16.778419,-63.81899
41,Ara TrA,16.775161,-62.95816
41,Ara TrA,16.77209,-62.09731
41,Ara TrA,16.769188,-61.23645
41,Ara TrA,16.687333,-61.25038
41,Ara TrA,16.60544,-61.26419
41,Ara TrA,16.602312,-60.26445
42,Ari Psc,2.111015,10.51439
42,Ari Psc,2.044224,10.52053
42,Ari Psc,1.977432,10.52649
42,Ari Psc,1.910639,10.53226
42,Ari Psc,1.843844,10.53784
42,Ari Psc,1.777048,10.54323
42,Ari Psc,1.777393,11.48593
42,Ari Psc,1.77774,12.42862
42,Ari Psc,1.77809,13.37132
42,Ari Psc,1.778442,14.31401
42,Ari Psc,1.778798,15.2567
42,Ari Psc,1.779156,16.1994
42,Ari Psc,1.779518,17.14209
42,Ari Psc,1.779884,18.08479
42,Ari Psc,1.780254,19.02748
42,Ari Psc,1.780628,19.97017
42,Ari Psc,1.781006,20.91287
42,Ari Psc,1.78139,21.85556
42,Ari Psc,1.781778,22.79825
42,Ari Psc,1.782172,23.74094
42,Ari Psc,1.782571,24.68364
42,Ari Psc,1.782977,25.62633
43,Ari Tri,1.782977,25.62633
43,Ari Tri,1.845799,25.62126
43,Ari Tri,1.908617,25.61603
43,Ari Tri,1.971433,25.61063
43,Ari Tri,2.034246,25.60506
43,Ari Tri,2.034617,26.35505
43,Ari Tri,2.034993,27.10503
43,Ari Tri,2.035373,27.85501
43,Ari Tri,2.107192,27.84845
43,Ari Tri,2.179007,27.84168
43,Ari Tri,2.250817,27.8347
43,Ari Tri,2.322623,27.82752
43,Ari Tri,2.394423,27.82013
43,Ari Tri,2.466218,27.81254
43,Ari Tri,2.538009,27.80476
43,Ari Tri,2.538546,28.6589
43,Ari Tri,2.539091,29.51303
43,Ari Tri,2.539646,30.36717
43,Ari Tri,2.540211,31.22131
43,Ari Tri,2.615642,31.21292
43,Ari Tri,2.691065,31.20432
43,Ari Tri,2.766482,31.19551
43,Ari Tri,2.841891,31.18649
44,Ari Per,2.841891,31.18649
44,Ari Per,2.9145,31.17762
44,Ari Per,2.987102,31.16857
44,Ari Per,3.059697,31.15934
44,Ari Per,3.132285,31.14993
44,Ari Per,3.204865,31.14035
44,Ari Per,3.277438,31.13059
44,Ari Per,3.350003,31.12068
44,Ari Per,3.42256,31.11059
44,Ari Per,3.49511,31.10035
45,Ari Tau,3.49511,31.10035
45,Ari Tau,3.49428,30.12819
45,Ari Tau,3.493467,29.15603
45,Ari Tau,3.492668,28.18386
45,Ari Tau,3.491884,27.21169
45,Ari Tau,3.491114,26.23953
45,Ari Tau,3.490356,25.26736
45,Ari Tau,3.489611,24.29519
45,Ari Tau,3.488877,23.32302
45,Ari Tau,3.488153,22.35085
45,Ari Tau,3.48744,21.37868
45,Ari Tau,3.486736,20.4065
45,Ari Tau,3.48604,19.43433
45,Ari Tau,3.444261,19.44025
45,Ari Tau,3.402481,19.44611
45,Ari Tau,3.40185,18.53782
45,Ari Tau,3.401226,17.62953
45,Ari Tau,3.400608,16.72124
45,Ari Tau,3.399996,15.81295
45,Ari Tau,3.399389,14.90466
45,Ari Tau,3.398788,13.99637
45,Ari Tau,3.398191,13.08808
45,Ari Tau,3.397599,12.17979
45,Ari Tau,3.397011,11.27149
45,Ari Tau,3.396426,10.3632
46,Ari Cet,3.396426,10.3632
46,Ari Cet,3.32879,10.37258
46,Ari Cet,3.261152,10.38182
46,Ari Cet,3.193512,10.39091
46,Ari Cet,3.12587,10.39985
46,Ari Cet,3.058226,10.40864
46,Ari Cet,2.99058,10.41728
46,Ari Cet,2.922932,10.42576
46,Ari Cet,2.855282,10.43408
46,Ari Cet,2.78763,10.44224
46,Ari Cet,2.719976,10.45023
46,Ari Cet,2.65232,10.45806
46,Ari Cet,2.584663,10.46572
46,Ari Cet,2.517004,10.47321
46,Ari Cet,2.449343,10.48052
46,Ari Cet,2.381681,10.48766
46,Ari Cet,2.314017,10.49461
46,Ari Cet,2.246351,10.50139
46,Ari Cet,2.178684,10.50798
46,Ari Cet,2.111015,10.51439
47,Aur Per,4.632461,30.92187
47,Aur Per,4.633379,31.81068
47,Aur Per,4.634314,32.69949
47,Aur Per,4.635268,33.5883
47,Aur Per,4.636242,34.4771
47,Aur Per,4.637237,35.36591
47,Aur Per,4.638255,36.25471
47,Aur Per,4.702341,36.24382
47,Aur Per,4.766419,36.23287
47,Aur Per,4.830488,36.22185
47,Aur Per,4.831646,37.19233
47,Aur Per,4.832834,38.16282
47,Aur Per,4.834054,39.1333
47,Aur Per,4.835308,40.10378
47,Aur Per,4.836598,41.07426
47,Aur Per,4.837927,42.04473
47,Aur Per,4.839297,43.0152
47,Aur Per,4.840711,43.98567
47,Aur Per,4.842173,44.95613
47,Aur Per,4.843684,45.92659
47,Aur Per,4.84525,46.89704
47,Aur Per,4.846873,47.86749
47,Aur Per,4.848558,48.83793
47,Aur Per,4.850309,49.80837
47,Aur Per,4.852133,50.7788
47,Aur Per,4.854033,51.74923
47,Aur Per,4.856017,52.71964
48,Aur Cam,4.856017,52.71964
48,Aur Cam,4.959271,52.70175
48,Aur Cam,5.062482,52.68372
48,Aur Cam,5.165649,52.66555
48,Aur Cam,5.167556,53.54038
48,Aur Cam,5.169542,54.41521
48,Aur Cam,5.171616,55.29002
48,Aur Cam,5.173782,56.16483
48,Aur Cam,5.284201,56.14525
48,Aur Cam,5.394563,56.12556
48,Aur Cam,5.504868,56.10576
48,Aur Cam,5.615116,56.08588
48,Aur Cam,5.725307,56.06594
48,Aur Cam,5.835441,56.04595
48,Aur Cam,5.945517,56.02592
48,Aur Cam,6.055536,56.00588
48,Aur Cam,6.165499,55.98583
48,Aur Cam,6.275404,55.96581
49,Aur Lyn,6.275404,55.96581
49,Aur Lyn,6.272885,54.96604
49,Aur Lyn,6.270489,53.96626
49,Aur Lyn,6.370365,53.94808
49,Aur Lyn,6.470198,53.92994
49,Aur Lyn,6.569987,53.91185
49,Aur Lyn,6.669733,53.89383
49,Aur Lyn,6.667479,52.89403
49,Aur Lyn,6.665327,51.89423
49,Aur Lyn,6.663268,50.89441
49,Aur Lyn,6.661295,49.89459
49,Aur Lyn,6.761041,49.87664
49,Aur Lyn,6.86075,49.85877
49,Aur Lyn,6.960422,49.841
49,Aur Lyn,6.958713,48.92449
49,Aur Lyn,6.957066,48.00797
49,Aur Lyn,6.955477,47.09144
49,Aur Lyn,6.953941,46.17491
49,Aur Lyn,6.952456,45.25838
49,Aur Lyn,6.951018,44.34184
49,Aur Lyn,7.031731,44.32753
49,Aur Lyn,7.112425,44.3133
49,Aur Lyn,7.1931,44.29916
49,Aur Lyn,7.273755,44.2851
49,Aur Lyn,7.354391,44.27115
49,Aur Lyn,7.435008,44.25729
49,Aur Lyn,7.515606,44.24355
49,Aur Lyn,7.514161,43.24368
49,Aur Lyn,7.512761,42.24379
49,Aur Lyn,7.511406,41.24391
49,Aur Lyn,7.510091,40.24402
49,Aur Lyn,7.508815,39.24413
49,Aur Lyn,7.507574,38.24423
49,Aur Lyn,7.506367,37.24434
49,Aur Lyn,7.505192,36.24444
49,Aur Lyn,7.504046,35.24453
50,Aur Gem,7.504046,35.24453
50,Aur Gem,7.428529,35.25741
50,Aur Gem,7.352999,35.27037
50,Aur Gem,7.277458,35.28343
50,Aur Gem,7.201905,35.29658
50,Aur Gem,7.126339,35.3098
50,Aur Gem,7.050761,35.3231
50,Aur Gem,6.97517,35.33648
50,Aur Gem,6.899567,35.34991
50,Aur Gem,6.823952,35.36341
50,Aur Gem,6.748324,35.37696
50,Aur Gem,6.672683,35.39057
50,Aur Gem,6.671567,34.45317
50,Aur Gem,6.670476,33.51576
50,Aur Gem,6.669408,32.57836
50,Aur Gem,6.668362,31.64095
50,Aur Gem,6.667337,30.70355
50,Aur Gem,6.666331,29.76614
50,Aur Gem,6.665345,28.82873
50,Aur Gem,6.664376,27.89131
50,Aur Gem,6.592229,27.90433
50,Aur Gem,6.520073,27.91737
50,Aur Gem,6.447908,27.93045
50,Aur Gem,6.375735,27.94355
50,Aur Gem,6.303553,27.95668
50,Aur Gem,6.231362,27.96982
50,Aur Gem,6.159162,27.98297
50,Aur Gem,6.086954,27.99613
50,Aur Gem,6.014737,28.00929
51,Aur Tau,6.014737,28.00929
51,Aur Tau,6.015259,28.50924
51,Aur Tau,5.939699,28.52301
51,Aur Tau,5.864129,28.53677
51,Aur Tau,5.78855,28.55051
51,Aur Tau,5.712961,28.56424
51,Aur Tau,5.637362,28.57794
51,Aur Tau,5.561753,28.59161
51,Aur Tau,5.486134,28.60524
51,Aur Tau,5.410505,28.61884
51,Aur Tau,5.334866,28.63239
51,Aur Tau,5.259218,28.64589
51,Aur Tau,5.18356,28.65933
51,Aur Tau,5.107892,28.67271
51,Aur Tau,5.032214,28.68603
51,Aur Tau,4.956527,28.69927
51,Aur Tau,4.88083,28.71244
51,Aur Tau,4.881587,29.46237
51,Aur Tau,4.882355,30.21231
51,Aur Tau,4.819723,30.22314
51,Aur Tau,4.757083,30.23391
51,Aur Tau,4.694437,30.24461
51,Aur Tau,4.631784,30.25526
51,Aur Tau,4.632461,30.92187
52,Boo Vir,15.185431,7.5254
52,Boo Vir,15.119537,7.51668
52,Boo Vir,15.053644,7.50811
52,Boo Vir,14.987752,7.49968
52,Boo Vir,14.921861,7.4914
52,Boo Vir,14.855971,7.48327
52,Boo Vir,14.790083,7.4753
52,Boo Vir,14.724196,7.46748
52,Boo Vir,14.658309,7.45982
52,Boo Vir,14.592424,7.45233
52,Boo Vir,14.52654,7.44499
52,Boo Vir,14.460657,7.43782
52,Boo Vir,14.394775,7.43082
52,Boo Vir,14.328893,7.42399
52,Boo Vir,14.263013,7.41733
52,Boo Vir,14.197134,7.41085
52,Boo Vir,14.131255,7.40454
52,Boo Vir,14.065377,7.3984
52,Boo Vir,13.999501,7.39245
52,Boo Vir,13.933625,7.38668
52,Boo Vir,13.867749,7.38109
52,Boo Vir,13.801875,7.37568
52,Boo Vir,13.736001,7.37046
52,Boo Vir,13.670128,7.36543
52,Boo Vir,13.604255,7.36058
52,Boo Vir,13.603929,8.36057
52,Boo Vir,13.603601,9.36056
52,Boo Vir,13.603271,10.36055
52,Boo Vir,13.602939,11.36054
52,Boo Vir,13.602604,12.36052
52,Boo Vir,13.602267,13.36051
52,Boo Vir,13.601927,14.3605
53,Boo Com,13.601927,14.3605
53,Boo Com,13.601597,15.32477
53,Boo Com,13.601263,16.28905
53,Boo Com,13.600926,17.25332
53,Boo Com,13.600585,18.21759
53,Boo Com,13.600241,19.18187
53,Boo Com,13.599893,20.14614
53,Boo Com,13.59954,21.11041
53,Boo Com,13.599183,22.07469
53,Boo Com,13.59882,23.03896
53,Boo Com,13.598453,24.00323
53,Boo Com,13.59808,24.9675
53,Boo Com,13.597701,25.93178
53,Boo Com,13.597316,26.89605
53,Boo Com,13.596924,27.86032
54,Boo CVn,13.596924,27.86032
54,Boo CVn,13.66201,27.8651
54,Boo CVn,13.727098,27.87007
54,Boo CVn,13.79219,27.87523
54,Boo CVn,13.857284,27.88057
54,Boo CVn,13.922382,27.88608
54,Boo CVn,13.987483,27.89178
54,Boo CVn,14.052587,27.89766
54,Boo CVn,14.052194,28.64764
54,Boo CVn,14.051794,29.39762
54,Boo CVn,14.051389,30.1476
54,Boo CVn,14.125928,30.15455
54,Boo CVn,14.125367,31.14063
54,Boo CVn,14.124795,32.12671
54,Boo CVn,14.12421,33.1128
54,Boo CVn,14.123611,34.09888
54,Boo CVn,14.122999,35.08496
54,Boo CVn,14.122372,36.07104
54,Boo CVn,14.121729,37.05712
54,Boo CVn,14.121068,38.0432
54,Boo CVn,14.12039,39.02928
54,Boo CVn,14.119693,40.01536
54,Boo CVn,14.118975,41.00144
54,Boo CVn,14.118235,41.98751
54,Boo CVn,14.117472,42.97359
54,Boo CVn,14.116685,43.95966
54,Boo CVn,14.11587,44.94574
54,Boo CVn,14.115027,45.93181
54,Boo CVn,14.114154,46.91788
54,Boo CVn,14.113248,47.90395
55,Boo UMa,14.113248,47.90395
55,Boo UMa,14.112293,48.9039
55,Boo UMa,14.111299,49.90385
55,Boo UMa,14.110263,50.9038
55,Boo UMa,14.109182,51.90375
55,Boo UMa,14.108051,52.9037
55,Boo UMa,14.106867,53.90364
55,Boo UMa,14.105625,54.90358
55,Boo UMa,14.20004,54.91271
55,Boo UMa,14.294476,54.92219
55,Boo UMa,14.388935,54.93204
55,Boo UMa,14.483416,54.94224
56,Boo Dra,14.483416,54.94224
56,Boo Dra,14.586139,54.95373
56,Boo Dra,14.68889,54.96561
56,Boo Dra,14.791672,54.97789
56,Boo Dra,14.894485,54.99055
56,Boo Dra,14.99733,55.00359
56,Boo Dra,15.100209,55.017
56,Boo Dra,15.203122,55.03076
56,Boo Dra,15.30607,55.04487
56,Boo Dra,15.307602,54.21164
56,Boo Dra,15.309075,53.37841
56,Boo Dra,15.31049,52.54518
56,Boo Dra,15.409455,52.55905
56,Boo Dra,15.508451,52.57323
56,Boo Dra,15.607478,52.5877
56,Boo Dra,15.706538,52.60246
56,Boo Dra,15.805631,52.61748
56,Boo Dra,15.806991,51.86759
56,Boo Dra,15.808306,51.11769
57,Boo Her,15.808306,51.11769
57,Boo Her,15.809926,50.15948
57,Boo Her,15.811482,49.20126
57,Boo Her,15.812978,48.24304
57,Boo Her,15.81442,47.28482
57,Boo Her,15.81581,46.32659
57,Boo Her,15.817153,45.36836
57,Boo Her,15.818451,44.41013
57,Boo Her,15.819706,43.45189
57,Boo Her,15.820923,42.49365
57,Boo Her,15.822103,41.53541
57,Boo Her,15.823249,40.57716
57,Boo Her,15.824362,39.61891
58,Boo CrB,15.824362,39.61891
58,Boo CrB,15.745646,39.60696
58,Boo CrB,15.666943,39.59517
58,Boo CrB,15.588253,39.58356
58,Boo CrB,15.509576,39.57212
58,Boo CrB,15.510639,38.5722
58,Boo CrB,15.511673,37.57227
58,Boo CrB,15.51268,36.57234
58,Boo CrB,15.513661,35.57241
58,Boo CrB,15.514618,34.57248
58,Boo CrB,15.515552,33.57255
58,Boo CrB,15.516465,32.57262
58,Boo CrB,15.454271,32.56371
58,Boo CrB,15.392084,32.55491
58,Boo CrB,15.329903,32.54624
58,Boo CrB,15.267727,32.53768
58,Boo CrB,15.268572,31.53774
58,Boo CrB,15.269399,30.5378
58,Boo CrB,15.270209,29.53785
58,Boo CrB,15.271003,28.53791
58,Boo CrB,15.271782,27.53796
58,Boo CrB,15.272548,26.53801
58,Boo CrB,15.2733,25.53806
59,Boo Ser,15.2733,25.53806
59,Boo Ser,15.223498,25.5313
59,Boo Ser,15.173699,25.52462
59,Boo Ser,15.174421,24.52466
59,Boo Ser,15.175131,23.52471
59,Boo Ser,15.175831,22.52476
59,Boo Ser,15.176521,21.5248
59,Boo Ser,15.177202,20.52485
59,Boo Ser,15.177873,19.52489
59,Boo Ser,15.178537,18.52494
59,Boo Ser,15.179192,17.52498
59,Boo Ser,15.179841,16.52503
59,Boo Ser,15.180482,15.52507
59,Boo Ser,15.181118,14.52511
59,Boo Ser,15.181748,13.52515
59,Boo Ser,15.182372,12.52519
59,Boo Ser,15.182992,11.52524
59,Boo Ser,15.183607,10.52528
59,Boo Ser,15.184219,9.52532
59,Boo Ser,15.184827,8.52536
59,Boo Ser,15.185431,7.5254
60,Cae Eri,4.338427,-39.70073
60,Cae Eri,4.339648,-38.70083
60,Cae Eri,4.340834,-37.70093
60,Cae Eri,4.34199,-36.70103
60,Cae Eri,4.420845,-36.71409
60,Cae Eri,4.499713,-36.72728
60,Cae Eri,4.578595,-36.74059
60,Cae Eri,4.657491,-36.75401
60,Cae Eri,4.658658,-35.75411
60,Cae Eri,4.659796,-34.75421
60,Cae Eri,4.660907,-33.7543
60,Cae Eri,4.661992,-32.7544
60,Cae Eri,4.663053,-31.75449
60,Cae Eri,4.664092,-30.75457
60,Cae Eri,4.665109,-29.75466
60,Cae Eri,4.723299,-29.76463
60,Cae Eri,4.781494,-29.77465
60,Cae Eri,4.782419,-28.85806
60,Cae Eri,4.783328,-27.94147
60,Cae Eri,4.784221,-27.02488
60,Cae Eri,4.85075,-27.0364
60,Cae Eri,4.917285,-27.04798
61,Cae Lep,4.917285,-27.04798
61,Cae Lep,4.972739,-27.05768
61,Cae Lep,5.028198,-27.06743
61,Cae Lep,5.083662,-27.07721
62,Cae Col,5.083662,-27.07721
62,Cae Col,5.082678,-28.06149
62,Cae Col,5.081676,-29.04578
62,Cae Col,5.080655,-30.03007
62,Cae Col,5.079613,-31.01435
62,Cae Col,5.07855,-31.99863
62,Cae Col,5.077464,-32.98291
62,Cae Col,5.076353,-33.96719
62,Cae Col,5.075216,-34.95146
62,Cae Col,5.074051,-35.93573
62,Cae Col,5.072857,-36.92
62,Cae Col,5.071632,-37.90427
62,Cae Col,5.070374,-38.88853
62,Cae Col,5.06908,-39.87279
62,Cae Col,5.067748,-40.85705
62,Cae Col,5.066377,-41.8413
62,Cae Col,5.064962,-42.82555
63,Cae Pic,5.064962,-42.82555
63,Cae Pic,4.981883,-42.81092
63,Cae Pic,4.898824,-42.79637
63,Cae Pic,4.897545,-43.67126
63,Cae Pic,4.896228,-44.54614
63,Cae Pic,4.894871,-45.42103
63,Cae Pic,4.893472,-46.2959
63,Cae Pic,4.810473,-46.28146
63,Cae Pic,4.727496,-46.26713
63,Cae Pic,4.64454,-46.25291
63,Cae Pic,4.561606,-46.2388
63,Cae Pic,4.560274,-47.07202
63,Cae Pic,4.558901,-47.90524
63,Cae Pic,4.557483,-48.73845
64,Cae Dor,4.557483,-48.73845
64,Cae Dor,4.480133,-48.72541
64,Cae Dor,4.402803,-48.71248
64,Cae Dor,4.325492,-48.69967
65,Cae Hor,4.325492,-48.69967
65,Cae Hor,4.327142,-47.6998
65,Cae Hor,4.328729,-46.69993
65,Cae Hor,4.330259,-45.70006
65,Cae Hor,4.331735,-44.70018
65,Cae Hor,4.333161,-43.7003
65,Cae Hor,4.334541,-42.70041
65,Cae Hor,4.335876,-41.70052
65,Cae Hor,4.337171,-40.70063
65,Cae Hor,4.338427,-39.70073
66,Cam Per,4.856017,52.71964
66,Cam Per,4.751001,52.73767
66,Cam Per,4.645941,52.75553
66,Cam Per,4.540839,52.7732
66,Cam Per,4.435693,52.79066
66,Cam Per,4.330505,52.80791
66,Cam Per,4.225275,52.82493
66,Cam Per,4.120003,52.84171
66,Cam Per,4.014691,52.85823
66,Cam Per,3.909338,52.87449
66,Cam Per,3.803946,52.89047
66,Cam Per,3.698514,52.90615
66,Cam Per,3.593045,52.92154
66,Cam Per,3.487537,52.9366
66,Cam Per,3.489006,53.76983
66,Cam Per,3.490533,54.60306
66,Cam Per,3.492125,55.43628
66,Cam Per,3.407875,55.44807
66,Cam Per,3.3236,55.45965
66,Cam Per,3.32553,56.45952
66,Cam Per,3.327565,57.45938
66,Cam Per,3.26006,57.46849
67,Cam Cas,3.26006,57.46849
67,Cam Cas,3.262177,58.46835
67,Cam Cas,3.264417,59.4682
67,Cam Cas,3.266794,60.46804
67,Cam Cas,3.269322,61.46787
67,Cam Cas,3.272018,62.46769
67,Cam Cas,3.2749,63.4675
67,Cam Cas,3.277991,64.46729
67,Cam Cas,3.281317,65.46707
67,Cam Cas,3.284907,66.46683
67,Cam Cas,3.288797,67.46657
67,Cam Cas,3.293028,68.46629
67,Cam Cas,3.454496,68.44425
67,Cam Cas,3.6158,68.42144
67,Cam Cas,3.62074,69.42109
67,Cam Cas,3.626162,70.4207
67,Cam Cas,3.632143,71.42027
67,Cam Cas,3.638779,72.41979
67,Cam Cas,3.646189,73.41926
67,Cam Cas,3.65452,74.41866
67,Cam Cas,3.663964,75.41798
67,Cam Cas,3.674765,76.4172
67,Cam Cas,3.687247,77.41631
68,Cam Cep,3.687247,77.41631
68,Cam Cep,3.781744,77.40259
68,Cam Cep,3.796577,78.4015
68,Cam Cep,3.814163,79.40021
68,Cam Cep,3.835362,80.39866
68,Cam Cep,4.221747,80.34005
68,Cam Cep,4.605674,80.27829
68,Cam Cep,4.987078,80.214
68,Cam Cep,5.365922,80.14785
68,Cam Cep,5.395732,81.14521
68,Cam Cep,5.43304,82.14191
68,Cam Cep,5.481103,83.13766
68,Cam Cep,5.545379,84.13196
68,Cam Cep,5.635734,85.12395
68,Cam Cep,6.386838,84.9875
68,Cam Cep,7.118156,84.85333
68,Cam Cep,7.831823,84.72621
68,Cam Cep,8.530236,84.61038
68,Cam Cep,8.598833,85.35499
68,Cam Cep,8.693509,86.09755
69,Cam UMi,8.693509,86.09755
69,Cam UMi,9.639212,85.96257
69,Cam UMi,10.562288,85.86629
69,Cam UMi,11.471782,85.81355
69,Cam UMi,12.376063,85.80688
69,Cam UMi,13.28323,85.8466
69,Cam UMi,14.201533,85.93082
69,Cam UMi,14.277001,85.00652
69,Cam UMi,14.328929,84.08088
69,Cam UMi,14.366849,83.15445
69,Cam UMi,14.395765,82.22752
69,Cam UMi,14.41855,81.30023
69,Cam UMi,14.436976,80.3727
69,Cam UMi,14.452191,79.44499
69,Cam UMi,14.16318,79.41401
69,Cam UMi,13.874909,79.38661
69,Cam UMi,13.587279,79.36294
69,Cam UMi,13.596317,78.36328
69,Cam UMi,13.603943,77.36357
69,Cam UMi,13.610467,76.36382
69,Cam UMi,13.332422,76.34454
69,Cam UMi,13.054707,76.32891
70,Cam Dra,13.054707,76.32891
70,Cam Dra,12.816873,76.31848
70,Cam Dra,12.579185,76.31083
70,Cam Dra,12.341598,76.30599
70,Cam Dra,12.104065,76.30397
70,Cam Dra,11.866543,76.30478
70,Cam Dra,11.628985,76.30842
70,Cam Dra,11.630802,77.3084
70,Cam Dra,11.632924,78.30838
70,Cam Dra,11.635437,79.30835
70,Cam Dra,11.375374,79.31559
70,Cam Dra,11.115111,79.32622
70,Cam Dra,10.854571,79.34019
70,Cam Dra,10.863152,80.33993
70,Cam Dra,10.873692,81.33962
70,Cam Dra,10.526801,81.36331
70,Cam Dra,10.178936,81.39273
70,Cam Dra,9.829877,81.42764
70,Cam Dra,9.47941,81.46777
70,Cam Dra,9.458577,80.52459
70,Cam Dra,9.441485,79.58118
70,Cam Dra,9.427204,78.63761
70,Cam Dra,9.415086,77.6939
70,Cam Dra,9.40467,76.75008
70,Cam Dra,9.395616,75.80619
70,Cam Dra,9.38767,74.86222
70,Cam Dra,9.380636,73.91821
70,Cam Dra,9.374362,72.97414
71,Cam UMa,9.374362,72.97414
71,Cam UMa,9.180311,72.99836
71,Cam UMa,8.985992,73.02392
71,Cam UMa,8.791391,73.05078
71,Cam UMa,8.596493,73.07886
71,Cam UMa,8.401282,73.10808
71,Cam UMa,8.205746,73.13838
71,Cam UMa,8.198153,72.17469
71,Cam UMa,8.191314,71.21094
71,Cam UMa,8.185119,70.24715
71,Cam UMa,8.179479,69.2833
71,Cam UMa,8.17432,68.31942
71,Cam UMa,8.169579,67.35551
71,Cam UMa,8.165206,66.39157
71,Cam UMa,8.161158,65.4276
71,Cam UMa,8.157396,64.46361
71,Cam UMa,8.153891,63.4996
71,Cam UMa,8.150614,62.53558
71,Cam UMa,8.147543,61.57153
71,Cam UMa,8.144657,60.60747
71,Cam UMa,8.141939,59.6434
72,Cam Lyn,8.141939,59.6434
72,Cam Lyn,8.022384,59.66239
72,Cam Lyn,7.902762,59.68171
72,Cam Lyn,7.783071,59.70136
72,Cam Lyn,7.66331,59.72131
72,Cam Lyn,7.543478,59.74154
72,Cam Lyn,7.423574,59.76203
72,Cam Lyn,7.303596,59.78277
72,Cam Lyn,7.183544,59.80373
72,Cam Lyn,7.186721,60.80345
72,Cam Lyn,7.190102,61.80315
72,Cam Lyn,7.062348,61.82566
72,Cam Lyn,6.9345,61.84838
72,Cam Lyn,6.806558,61.87127
72,Cam Lyn,6.678521,61.89432
72,Cam Lyn,6.550387,61.9175
72,Cam Lyn,6.422156,61.94078
72,Cam Lyn,6.293828,61.96413
72,Cam Lyn,6.290281,60.96445
72,Cam Lyn,6.28695,59.96476
72,Cam Lyn,6.283814,58.96504
72,Cam Lyn,6.280855,57.96531
72,Cam Lyn,6.278056,56.96557
72,Cam Lyn,6.275404,55.96581
73,Cnc Hya,9.360283,6.47007
73,Cnc Hya,9.29554,6.47781
73,Cnc Hya,9.230796,6.48569
73,Cnc Hya,9.166052,6.49372
73,Cnc Hya,9.101306,6.50189
73,Cnc Hya,9.03656,6.51021
73,Cnc Hya,8.971812,6.51867
73,Cnc Hya,8.907064,6.52726
73,Cnc Hya,8.842314,6.536
73,Cnc Hya,8.777564,6.54486
73,Cnc Hya,8.712812,6.55386
73,Cnc Hya,8.64806,6.56299
73,Cnc Hya,8.583306,6.57224
73,Cnc Hya,8.518551,6.58161
73,Cnc Hya,8.453795,6.59111
73,Cnc Hya,8.389037,6.60072
73,Cnc Hya,8.324279,6.61045
73,Cnc Hya,8.259519,6.62029
73,Cnc Hya,8.194758,6.63024
74,Cnc Gem,7.924773,13.17322
74,Cnc Gem,7.925477,14.10173
74,Cnc Gem,7.926186,15.03025
74,Cnc Gem,7.926902,15.95876
74,Cnc Gem,7.927624,16.88728
74,Cnc Gem,7.928353,17.81579
74,Cnc Gem,7.92909,18.7443
74,Cnc Gem,7.929835,19.67281
74,Cnc Gem,7.967255,19.6668
74,Cnc Gem,8.004673,19.66082
74,Cnc Gem,8.005477,20.66076
74,Cnc Gem,8.006291,21.6607
74,Cnc Gem,8.007117,22.66063
74,Cnc Gem,8.007954,23.66056
74,Cnc Gem,8.008805,24.6605
74,Cnc Gem,8.009669,25.66043
74,Cnc Gem,8.010548,26.66036
74,Cnc Gem,8.011442,27.66029
74,Cnc Gem,8.069589,27.65106
74,Cnc Gem,8.12773,27.64192
74,Cnc Gem,8.128549,28.55852
74,Cnc Gem,8.129383,29.47512
74,Cnc Gem,8.130233,30.39172
74,Cnc Gem,8.131098,31.30832
74,Cnc Gem,8.13198,32.22492
74,Cnc Gem,8.13288,33.14152
75,Cnc Lyn,8.13288,33.14152
75,Cnc Lyn,8.210673,33.12941
75,Cnc Lyn,8.288456,33.11747
75,Cnc Lyn,8.366228,33.10568
75,Cnc Lyn,8.44399,33.09406
75,Cnc Lyn,8.521742,33.0826
75,Cnc Lyn,8.599484,33.07132
75,Cnc Lyn,8.677216,33.06023
75,Cnc Lyn,8.754939,33.04931
75,Cnc Lyn,8.832652,33.03858
75,Cnc Lyn,8.910356,33.02805
75,Cnc Lyn,8.988051,33.01771
75,Cnc Lyn,9.065737,33.00757
75,Cnc Lyn,9.143415,32.99764
75,Cnc Lyn,9.221084,32.98792
75,Cnc Lyn,9.298745,32.97841
75,Cnc Lyn,9.376397,32.96912
76,Cnc Leo,9.376397,32.96912
76,Cnc Leo,9.375673,31.98768
76,Cnc Leo,9.374963,31.00624
76,Cnc Leo,9.374268,30.0248
76,Cnc Leo,9.373587,29.04336
76,Cnc Leo,9.372919,28.06192
76,Cnc Leo,9.372262,27.08048
76,Cnc Leo,9.371617,26.09903
76,Cnc Leo,9.370983,25.11759
76,Cnc Leo,9.370359,24.13615
76,Cnc Leo,9.369744,23.1547
76,Cnc Leo,9.369139,22.17326
76,Cnc Leo,9.368541,21.19181
76,Cnc Leo,9.367952,20.21036
76,Cnc Leo,9.36737,19.22892
76,Cnc Leo,9.366795,18.24747
76,Cnc Leo,9.366226,17.26602
76,Cnc Leo,9.365664,16.28457
76,Cnc Leo,9.365107,15.30312
76,Cnc Leo,9.364555,14.32167
76,Cnc Leo,9.364008,13.34023
76,Cnc Leo,9.363465,12.35878
76,Cnc Leo,9.362927,11.37733
76,Cnc Leo,9.362392,10.39588
76,Cnc Leo,9.36186,9.41443
76,Cnc Leo,9.361332,8.43298
76,Cnc Leo,9.360806,7.45153
76,Cnc Leo,9.360283,6.47007
77,CVn UMa,12.106299,33.30397
77,CVn UMa,12.106283,34.30397
77,CVn UMa,12.106266,35.30397
77,CVn UMa,12.106249,36.30397
77,CVn UMa,12.106231,37.30397
77,CVn UMa,12.106213,38.30397
77,CVn UMa,12.106195,39.30397
77,CVn UMa,12.106175,40.30397
77,CVn UMa,12.106156,41.30397
77,CVn UMa,12.106135,42.30397
77,CVn UMa,12.106114,43.30397
77,CVn UMa,12.106093,44.30397
77,CVn UMa,12.188429,44.30434
77,CVn UMa,12.188371,45.30434
77,CVn UMa,12.188311,46.30434
77,CVn UMa,12.18825,47.30434
77,CVn UMa,12.188185,48.30434
77,CVn UMa,12.188119,49.30434
77,CVn UMa,12.188049,50.30434
77,CVn UMa,12.187976,51.30434
77,CVn UMa,12.187901,52.30434
77,CVn UMa,12.295156,52.30532
77,CVn UMa,12.402414,52.30685
77,CVn UMa,12.509677,52.30894
77,CVn UMa,12.616945,52.31159
77,CVn UMa,12.724221,52.31478
77,CVn UMa,12.831504,52.31853
77,CVn UMa,12.938797,52.32282
77,CVn UMa,13.046101,52.32765
77,CVn UMa,13.153416,52.33302
77,CVn UMa,13.260745,52.33893
77,CVn UMa,13.368089,52.34537
77,CVn UMa,13.475449,52.35233
77,CVn UMa,13.582826,52.35981
77,CVn UMa,13.583583,51.45984
77,CVn UMa,13.584312,50.55987
77,CVn UMa,13.585013,49.65989
77,CVn UMa,13.585688,48.75992
77,CVn UMa,13.58634,47.85994
77,CVn UMa,13.674129,47.86644
77,CVn UMa,13.761928,47.87327
77,CVn UMa,13.849739,47.88045
77,CVn UMa,13.937563,47.88795
77,CVn UMa,14.025399,47.89579
77,CVn UMa,14.113248,47.90395
78,CVn Com,13.596924,27.86032
78,CVn Com,13.534799,27.85593
78,CVn Com,13.472676,27.85171
78,CVn Com,13.410556,27.84766
78,CVn Com,13.348438,27.84378
78,CVn Com,13.348132,28.71877
78,CVn Com,13.347821,29.59376
78,CVn Com,13.347504,30.46875
78,CVn Com,13.347182,31.34374
78,CVn Com,13.271334,31.33925
78,CVn Com,13.195488,31.33502
78,CVn Com,13.119646,31.33105
78,CVn Com,13.043807,31.32735
78,CVn Com,12.967971,31.32391
78,CVn Com,12.892138,31.32074
78,CVn Com,12.816306,31.31785
78,CVn Com,12.740477,31.31522
78,CVn Com,12.66465,31.31286
78,CVn Com,12.588825,31.31078
78,CVn Com,12.513001,31.30897
78,CVn Com,12.437178,31.30744
78,CVn Com,12.437065,32.30744
78,CVn Com,12.436949,33.30744
78,CVn Com,12.370818,33.30633
78,CVn Com,12.304688,33.30542
78,CVn Com,12.238558,33.30473
78,CVn Com,12.172428,33.30424
78,CVn Com,12.106299,33.30397
79,CMa Mon,6.214374,-11.03015
79,CMa Mon,6.280167,-11.04213
79,CMa Mon,6.345962,-11.05409
79,CMa Mon,6.41176,-11.06603
79,CMa Mon,6.477561,-11.07796
79,CMa Mon,6.543364,-11.08986
79,CMa Mon,6.60917,-11.10174
79,CMa Mon,6.674979,-11.11359
79,CMa Mon,6.74079,-11.1254
79,CMa Mon,6.806604,-11.13718
79,CMa Mon,6.872421,-11.14891
79,CMa Mon,6.93824,-11.1606
79,CMa Mon,7.004063,-11.17225
79,CMa Mon,7.069887,-11.18384
79,CMa Mon,7.135715,-11.19538
79,CMa Mon,7.201545,-11.20686
79,CMa Mon,7.267378,-11.21828
79,CMa Mon,7.333213,-11.22964
79,CMa Mon,7.399051,-11.24093
79,CMa Mon,7.464892,-11.25214
80,CMa Pup,7.464892,-11.25214
80,CMa Pup,7.464105,-12.25208
80,CMa Pup,7.463312,-13.25201
80,CMa Pup,7.462512,-14.25194
80,CMa Pup,7.461705,-15.25187
80,CMa Pup,7.46089,-16.2518
80,CMa Pup,7.460067,-17.25173
80,CMa Pup,7.459235,-18.25166
80,CMa Pup,7.458394,-19.25159
80,CMa Pup,7.457542,-20.25152
80,CMa Pup,7.456679,-21.25144
80,CMa Pup,7.455804,-22.25137
80,CMa Pup,7.454917,-23.2513
80,CMa Pup,7.454016,-24.25122
80,CMa Pup,7.453101,-25.25114
80,CMa Pup,7.452171,-26.25106
80,CMa Pup,7.451224,-27.25098
80,CMa Pup,7.450261,-28.2509
80,CMa Pup,7.449279,-29.25082
80,CMa Pup,7.448278,-30.25073
80,CMa Pup,7.447256,-31.25064
80,CMa Pup,7.446212,-32.25056
80,CMa Pup,7.445146,-33.25047
80,CMa Pup,7.366601,-33.23708
80,CMa Pup,7.288069,-33.22359
80,CMa Pup,7.209549,-33.21001
80,CMa Pup,7.131041,-33.19634
80,CMa Pup,7.052546,-33.18259
80,CMa Pup,6.974063,-33.16876
80,CMa Pup,6.895592,-33.15486
80,CMa Pup,6.817134,-33.1409
80,CMa Pup,6.738689,-33.12689
80,CMa Pup,6.660256,-33.11281
81,CMa Col,6.660256,-33.11281
81,CMa Col,6.582394,-33.0988
81,CMa Col,6.504544,-33.08474
81,CMa Col,6.426707,-33.07065
81,CMa Col,6.348882,-33.05653
81,CMa Col,6.27107,-33.04239
81,CMa Col,6.19327,-33.02823
81,CMa Col,6.194362,-32.07
81,CMa Col,6.195431,-31.11176
81,CMa Col,6.196478,-30.15352
81,CMa Col,6.197505,-29.19528
81,CMa Col,6.198513,-28.23704
81,CMa Col,6.199504,-27.2788
82,CMa Lep,6.199504,-27.2788
82,CMa Lep,6.200474,-26.32301
82,CMa Lep,6.201429,-25.36721
82,CMa Lep,6.202369,-24.41141
82,CMa Lep,6.203295,-23.45562
82,CMa Lep,6.204208,-22.49982
82,CMa Lep,6.205108,-21.54402
82,CMa Lep,6.205996,-20.58821
82,CMa Lep,6.206873,-19.63241
82,CMa Lep,6.20774,-18.67661
82,CMa Lep,6.208597,-17.7208
82,CMa Lep,6.209445,-16.765
82,CMa Lep,6.210284,-15.80919
82,CMa Lep,6.211116,-14.85339
82,CMa Lep,6.21194,-13.89758
82,CMa Lep,6.212758,-12.94177
82,CMa Lep,6.213569,-11.98596
82,CMa Lep,6.214374,-11.03015
83,CMi Mon,8.189932,-0.36939
83,CMi Mon,8.126839,-0.35959
83,CMi Mon,8.063747,-0.3497
83,CMi Mon,8.000654,-0.33971
83,CMi Mon,7.937561,-0.32963
83,CMi Mon,7.874469,-0.31945
83,CMi Mon,7.811377,-0.30919
83,CMi Mon,7.748285,-0.29885
83,CMi Mon,7.685193,-0.28843
83,CMi Mon,7.622101,-0.27792
83,CMi Mon,7.559009,-0.26734
83,CMi Mon,7.495917,-0.25669
83,CMi Mon,7.432826,-0.24597
83,CMi Mon,7.369734,-0.23518
83,CMi Mon,7.306643,-0.22433
83,CMi Mon,7.307218,0.52562
83,CMi Mon,7.307793,1.27557
83,CMi Mon,7.246693,1.28614
83,CMi Mon,7.185593,1.29677
83,CMi Mon,7.124492,1.30744
83,CMi Mon,7.125271,2.30738
83,CMi Mon,7.126051,3.30731
83,CMi Mon,7.126833,4.30724
83,CMi Mon,7.127617,5.30717
83,CMi Mon,7.110953,5.31009
83,CMi Mon,7.111662,6.21003
83,CMi Mon,7.112373,7.10997
83,CMi Mon,7.113087,8.0099
83,CMi Mon,7.113804,8.90984
83,CMi Mon,7.114524,9.80978
84,CMi Gem,7.114524,9.80978
84,CMi Gem,7.115195,10.64305
84,CMi Gem,7.115869,11.47633
84,CMi Gem,7.116547,12.3096
84,CMi Gem,7.178996,12.29868
84,CMi Gem,7.241442,12.2878
84,CMi Gem,7.303885,12.27699
84,CMi Gem,7.366326,12.26624
84,CMi Gem,7.428765,12.25554
84,CMi Gem,7.491201,12.24492
84,CMi Gem,7.553634,12.23436
84,CMi Gem,7.616066,12.22387
84,CMi Gem,7.616847,13.22381
84,CMi Gem,7.678437,13.21354
84,CMi Gem,7.740025,13.20334
84,CMi Gem,7.80161,13.19322
84,CMi Gem,7.863193,13.18318
84,CMi Gem,7.924773,13.17322
85,CMi Cnc,7.924773,13.17322
85,CMi Cnc,7.924115,12.29827
85,CMi Cnc,7.923461,11.42333
85,CMi Cnc,7.922811,10.54838
85,CMi Cnc,7.922165,9.67343
85,CMi Cnc,7.980438,9.66408
85,CMi Cnc,8.03871,9.65482
85,CMi Cnc,8.037988,8.65488
85,CMi Cnc,8.03727,7.65493
85,CMi Cnc,8.036555,6.65499
85,CMi Cnc,8.08929,6.64667
85,CMi Cnc,8.142024,6.63842
85,CMi Cnc,8.194758,6.63024
86,CMi Hya,8.194758,6.63024
86,CMi Hya,8.194064,5.6303
86,CMi Hya,8.193372,4.63035
86,CMi Hya,8.192682,3.6304
86,CMi Hya,8.191993,2.63046
86,CMi Hya,8.191306,1.63051
86,CMi Hya,8.190619,0.63056
86,CMi Hya,8.189932,-0.36939
87,Cap PsA,21.984685,-24.90405
87,Cap PsA,21.918343,-24.9104
87,Cap PsA,21.851997,-24.91693
87,Cap PsA,21.785649,-24.92364
87,Cap PsA,21.719296,-24.93052
87,Cap PsA,21.65294,-24.93758
87,Cap PsA,21.58658,-24.94481
87,Cap PsA,21.520217,-24.9522
87,Cap PsA,21.453849,-24.95977
87,Cap PsA,21.454372,-25.79307
87,Cap PsA,21.454902,-26.62637
87,Cap PsA,21.455439,-27.45967
88,Cap Mic,21.455439,-27.45967
88,Cap Mic,21.384364,-27.46795
88,Cap Mic,21.313283,-27.47642
88,Cap Mic,21.242197,-27.48507
88,Cap Mic,21.171106,-27.49389
88,Cap Mic,21.100009,-27.5029
88,Cap Mic,21.028906,-27.51208
88,Cap Mic,20.957797,-27.52142
88,Cap Mic,20.886683,-27.53094
88,Cap Mic,20.815562,-27.54062
88,Cap Mic,20.744435,-27.55045
88,Cap Mic,20.673302,-27.56045
88,Cap Mic,20.602162,-27.5706
88,Cap Mic,20.531016,-27.5809
88,Cap Mic,20.459863,-27.59134
89,Cap Sgr,20.459863,-27.59134
89,Cap Sgr,20.393448,-27.60122
89,Cap Sgr,20.327028,-27.61122
89,Cap Sgr,20.260601,-27.62134
89,Cap Sgr,20.194169,-27.63157
89,Cap Sgr,20.12773,-27.64192
89,Cap Sgr,20.126853,-26.64407
89,Cap Sgr,20.125992,-25.64622
89,Cap Sgr,20.125144,-24.64837
89,Cap Sgr,20.12431,-23.65052
89,Cap Sgr,20.123489,-22.65267
89,Cap Sgr,20.12268,-21.65481
89,Cap Sgr,20.121882,-20.65696
89,Cap Sgr,20.121094,-19.6591
89,Cap Sgr,20.120316,-18.66125
89,Cap Sgr,20.119547,-17.66339
89,Cap Sgr,20.118786,-16.66553
89,Cap Sgr,20.118034,-15.66768
89,Cap Sgr,20.117288,-14.66982
89,Cap Sgr,20.11655,-13.67196
89,Cap Sgr,20.115817,-12.6741
89,Cap Sgr,20.115091,-11.67624
90,Car Cen,11.343727,-57.18434
90,Car Cen,11.343246,-58.12183
90,Car Cen,11.342739,-59.05932
90,Car Cen,11.342203,-59.99681
90,Car Cen,11.341636,-60.9343
90,Car Cen,11.341035,-61.87179
90,Car Cen,11.340396,-62.80928
90,Car Cen,11.339714,-63.74677
90,Car Cen,11.338986,-64.68426
91,Car Mus,11.338986,-64.68426
91,Car Mus,11.338152,-65.68424
91,Car Mus,11.337251,-66.68423
91,Car Mus,11.336273,-67.68421
91,Car Mus,11.335209,-68.6842
91,Car Mus,11.334045,-69.68418
91,Car Mus,11.332766,-70.68416
91,Car Mus,11.331353,-71.68413
91,Car Mus,11.329783,-72.68411
91,Car Mus,11.328026,-73.68408
91,Car Mus,11.326047,-74.68404
91,Car Mus,11.323798,-75.68401
92,Car Cha,11.323798,-75.68401
92,Car Cha,11.066095,-75.67401
92,Car Cha,10.808603,-75.66108
92,Car Cha,10.551376,-75.64529
92,Car Cha,10.294463,-75.62671
92,Car Cha,10.037914,-75.60543
92,Car Cha,9.781775,-75.58155
92,Car Cha,9.526091,-75.55518
92,Car Cha,9.270902,-75.52644
92,Car Cha,9.016246,-75.49546
93,Car Vol,9.016246,-75.49546
93,Car Vol,9.024603,-74.49599
93,Car Vol,9.031972,-73.49645
93,Car Vol,9.038521,-72.49687
93,Car Vol,9.044383,-71.49724
93,Car Vol,9.049665,-70.49757
93,Car Vol,9.05445,-69.49787
93,Car Vol,9.058808,-68.49814
93,Car Vol,9.062797,-67.4984
93,Car Vol,9.066464,-66.49863
93,Car Vol,9.069847,-65.49884
93,Car Vol,9.072981,-64.49904
93,Car Vol,8.923723,-64.47987
93,Car Vol,8.774574,-64.45999
93,Car Vol,8.625538,-64.43942
93,Car Vol,8.476617,-64.41821
93,Car Vol,8.327815,-64.39638
93,Car Vol,8.179135,-64.37397
93,Car Vol,8.03058,-64.351
93,Car Vol,7.882152,-64.32753
93,Car Vol,7.733853,-64.30357
93,Car Vol,7.585687,-64.27918
93,Car Vol,7.437653,-64.25437
93,Car Vol,7.289756,-64.2292
93,Car Vol,7.141995,-64.20371
93,Car Vol,6.994371,-64.17792
93,Car Vol,6.846887,-64.15188
94,Car Pic,6.846887,-64.15188
94,Car Pic,6.85089,-63.15223
94,Car Pic,6.854626,-62.15257
94,Car Pic,6.858123,-61.15288
94,Car Pic,6.861406,-60.15317
94,Car Pic,6.864494,-59.15344
94,Car Pic,6.867407,-58.1537
94,Car Pic,6.755877,-58.13385
94,Car Pic,6.64441,-58.11389
94,Car Pic,6.533005,-58.09384
94,Car Pic,6.535796,-57.09409
94,Car Pic,6.53844,-56.09433
94,Car Pic,6.540951,-55.09456
94,Car Pic,6.429631,-55.07444
94,Car Pic,6.318367,-55.05427
94,Car Pic,6.20716,-55.03405
94,Car Pic,6.20917,-54.2009
94,Car Pic,6.2111,-53.36774
94,Car Pic,6.212957,-52.53458
94,Car Pic,6.129587,-52.5194
94,Car Pic,6.046246,-52.50421
94,Car Pic,6.048122,-51.62938
94,Car Pic,6.049926,-50.75455
95,Car Pup,6.049926,-50.75455
95,Car Pup,6.155201,-50.77373
95,Car Pup,6.26052,-50.79289
95,Car Pup,6.365882,-50.81203
95,Car Pup,6.471287,-50.83113
95,Car Pup,6.576736,-50.85016
95,Car Pup,6.682227,-50.86913
95,Car Pup,6.787762,-50.888
95,Car Pup,6.893339,-50.90678
95,Car Pup,6.998959,-50.92544
95,Car Pup,7.104622,-50.94397
95,Car Pup,7.210326,-50.96236
95,Car Pup,7.316073,-50.98058
95,Car Pup,7.421861,-50.99864
95,Car Pup,7.527691,-51.01651
95,Car Pup,7.633562,-51.03418
95,Car Pup,7.739473,-51.05163
95,Car Pup,7.845424,-51.06886
95,Car Pup,7.951415,-51.08585
95,Car Pup,8.057445,-51.10258
96,Car Vel,8.057445,-51.10258
96,Car Vel,8.141415,-51.11564
96,Car Vel,8.225408,-51.12852
96,Car Vel,8.224098,-51.87842
96,Car Vel,8.222743,-52.62832
96,Car Vel,8.221341,-53.37821
96,Car Vel,8.316623,-53.39261
96,Car Vel,8.411938,-53.40677
96,Car Vel,8.507285,-53.42067
96,Car Vel,8.505905,-54.17057
96,Car Vel,8.504473,-54.92047
96,Car Vel,8.601308,-54.93433
96,Car Vel,8.698176,-54.94791
96,Car Vel,8.795077,-54.96121
96,Car Vel,8.892011,-54.97421
96,Car Vel,8.890176,-55.97409
96,Car Vel,8.888243,-56.97396
96,Car Vel,9.010152,-56.98989
96,Car Vel,9.132113,-57.00533
96,Car Vel,9.254125,-57.02026
96,Car Vel,9.376186,-57.03467
96,Car Vel,9.498294,-57.04855
96,Car Vel,9.620448,-57.06187
96,Car Vel,9.742646,-57.07464
96,Car Vel,9.864886,-57.08682
96,Car Vel,9.987166,-57.09842
96,Car Vel,10.109484,-57.10941
96,Car Vel,10.231838,-57.11979
96,Car Vel,10.354226,-57.12954
96,Car Vel,10.476646,-57.13866
96,Car Vel,10.599096,-57.14714
96,Car Vel,10.721574,-57.15496
96,Car Vel,10.844077,-57.16212
96,Car Vel,10.966603,-57.16862
96,Car Vel,11.08915,-57.17444
97,Car Cen,11.08915,-57.17444
97,Car Cen,11.174001,-57.17806
97,Car Cen,11.25886,-57.18137
97,Car Cen,11.343727,-57.18434
98,Cas Lac,22.956189,53.16802
98,Cas Lac,22.955586,54.10551
98,Cas Lac,22.954955,55.04299
98,Cas Lac,22.954295,55.98047
98,Cas Lac,22.953601,56.91796
99,Cas Cep,22.953601,56.91796
99,Cas Cep,22.952866,57.86238
99,Cas Cep,22.952092,58.8068
99,Cas Cep,22.951274,59.75123
99,Cas Cep,23.053271,59.75618
99,Cas Cep,23.155284,59.76066
99,Cas Cep,23.25731,59.76467
99,Cas Cep,23.256656,60.74382
99,Cas Cep,23.255962,61.72298
99,Cas Cep,23.255221,62.70213
99,Cas Cep,23.254431,63.68128
99,Cas Cep,23.396657,63.68608
99,Cas Cep,23.538905,63.68994
99,Cas Cep,23.681171,63.69287
99,Cas Cep,23.680765,64.69287
99,Cas Cep,23.680328,65.69287
99,Cas Cep,23.679856,66.69286
99,Cas Cep,23.834062,66.69498
99,Cas Cep,23.988278,66.696
99,Cas Cep,0.142497,66.69591
99,Cas Cep,0.296712,66.69472
99,Cas Cep,0.450916,66.69243
99,Cas Cep,0.451461,67.69243
99,Cas Cep,0.452055,68.69242
99,Cas Cep,0.452704,69.69242
99,Cas Cep,0.453417,70.69241
99,Cas Cep,0.454205,71.6924
99,Cas Cep,0.455081,72.69239
99,Cas Cep,0.456061,73.69238
99,Cas Cep,0.457165,74.69237
99,Cas Cep,0.458419,75.69236
99,Cas Cep,0.459858,76.69235
99,Cas Cep,0.461526,77.69233
99,Cas Cep,0.757244,77.68493
99,Cas Cep,1.052729,77.67364
99,Cas Cep,1.347886,77.65853
99,Cas Cep,1.642623,77.63971
99,Cas Cep,1.936852,77.61728
99,Cas Cep,2.230488,77.5914
99,Cas Cep,2.523454,77.56221
99,Cas Cep,2.815676,77.52991
99,Cas Cep,3.107088,77.49468
99,Cas Cep,3.397629,77.45673
99,Cas Cep,3.687247,77.41631
100,Cas Per,3.26006,57.46849
100,Cas Per,3.14752,57.48336
100,Cas Per,3.034934,57.49782
100,Cas Per,2.922303,57.51186
100,Cas Per,2.809628,57.52545
100,Cas Per,2.696912,57.5386
100,Cas Per,2.584154,57.55129
100,Cas Per,2.58546,58.30122
100,Cas Per,2.586822,59.05114
100,Cas Per,2.480135,59.06271
100,Cas Per,2.373412,59.07385
100,Cas Per,2.266654,59.08455
100,Cas Per,2.159863,59.0948
100,Cas Per,2.05304,59.1046
100,Cas Per,2.051573,58.10467
100,Cas Per,1.94564,58.11392
100,Cas Per,1.83968,58.12271
100,Cas Per,1.838581,57.24775
100,Cas Per,1.837533,56.3728
100,Cas Per,1.836532,55.49784
100,Cas Per,1.835574,54.62288
100,Cas Per,1.722762,54.63172
100,Cas Per,1.609926,54.64001
100,Cas Per,1.497066,54.64776
100,Cas Per,1.496208,53.64779
100,Cas Per,1.49539,52.64782
100,Cas Per,1.494609,51.64784
100,Cas Per,1.493861,50.64787
101,Cen Hya,11.098624,-35.67465
101,Cen Hya,11.177405,-35.67803
101,Cen Hya,11.25619,-35.68112
101,Cen Hya,11.334977,-35.68393
101,Cen Hya,11.413767,-35.68644
101,Cen Hya,11.49256,-35.68867
101,Cen Hya,11.571354,-35.69061
101,Cen Hya,11.650151,-35.69225
101,Cen Hya,11.728949,-35.69361
101,Cen Hya,11.807748,-35.69467
101,Cen Hya,11.886548,-35.69544
101,Cen Hya,11.965349,-35.69591
101,Cen Hya,12.04415,-35.69609
101,Cen Hya,12.122951,-35.69598
101,Cen Hya,12.201752,-35.69558
101,Cen Hya,12.280552,-35.69488
101,Cen Hya,12.359352,-35.69388
101,Cen Hya,12.359255,-34.69388
101,Cen Hya,12.359161,-33.69388
101,Cen Hya,12.42636,-33.69281
101,Cen Hya,12.493558,-33.69152
101,Cen Hya,12.560755,-33.69001
101,Cen Hya,12.627951,-33.6883
101,Cen Hya,12.695145,-33.68637
101,Cen Hya,12.694977,-32.81137
101,Cen Hya,12.694812,-31.93638
101,Cen Hya,12.69465,-31.06138
101,Cen Hya,12.694492,-30.18638
101,Cen Hya,12.770279,-30.18396
101,Cen Hya,12.846063,-30.18126
101,Cen Hya,12.921846,-30.1783
101,Cen Hya,12.997627,-30.17508
101,Cen Hya,13.073404,-30.17159
101,Cen Hya,13.149179,-30.16784
101,Cen Hya,13.224951,-30.16383
101,Cen Hya,13.300719,-30.15956
101,Cen Hya,13.376484,-30.15503
101,Cen Hya,13.452245,-30.15025
101,Cen Hya,13.528003,-30.14521
101,Cen Hya,13.603756,-30.13992
101,Cen Hya,13.679505,-30.13438
101,Cen Hya,13.75525,-30.12859
101,Cen Hya,13.83099,-30.12256
101,Cen Hya,13.906725,-30.11628
101,Cen Hya,13.982455,-30.10976
101,Cen Hya,14.05818,-30.10301
101,Cen Hya,14.1339,-30.09602
101,Cen Hya,14.209614,-30.08879
101,Cen Hya,14.285322,-30.08134
101,Cen Hya,14.361024,-30.07366
101,Cen Hya,14.43672,-30.06576
101,Cen Hya,14.51241,-30.05763
101,Cen Hya,14.588094,-30.04929
101,Cen Hya,14.663771,-30.04074
101,Cen Hya,14.739441,-30.03197
101,Cen Hya,14.815104,-30.023
101,Cen Hya,14.89076,-30.01382
101,Cen Hya,14.966409,-30.00445
101,Cen Hya,15.042051,-29.99487
102,Cen Lup,15.042051,-29.99487
102,Cen Lup,15.042786,-30.95636
102,Cen Lup,15.043537,-31.91785
102,Cen Lup,15.044303,-32.87934
102,Cen Lup,15.045086,-33.84083
102,Cen Lup,15.045887,-34.80232
102,Cen Lup,15.046707,-35.76381
102,Cen Lup,15.047547,-36.72529
102,Cen Lup,15.048409,-37.68677
102,Cen Lup,15.049292,-38.64826
102,Cen Lup,15.0502,-39.60974
102,Cen Lup,15.051134,-40.57122
102,Cen Lup,15.052095,-41.53269
102,Cen Lup,15.053085,-42.49417
102,Cen Lup,14.969094,-42.50479
102,Cen Lup,14.885089,-42.51516
102,Cen Lup,14.801071,-42.52529
102,Cen Lup,14.717038,-42.53517
102,Cen Lup,14.632992,-42.5448
102,Cen Lup,14.548934,-42.55416
102,Cen Lup,14.464862,-42.56326
102,Cen Lup,14.380778,-42.57208
102,Cen Lup,14.296683,-42.58064
102,Cen Lup,14.297516,-43.5806
102,Cen Lup,14.298378,-44.58055
102,Cen Lup,14.29927,-45.58051
102,Cen Lup,14.300194,-46.58046
102,Cen Lup,14.301153,-47.58041
102,Cen Lup,14.30215,-48.58036
102,Cen Lup,14.303186,-49.58031
102,Cen Lup,14.304266,-50.58026
102,Cen Lup,14.305393,-51.5802
102,Cen Lup,14.30657,-52.58014
102,Cen Lup,14.307803,-53.58008
102,Cen Lup,14.309095,-54.58002
102,Cen Lup,14.310453,-55.57995
102,Cen Lup,14.403449,-55.57047
102,Cen Lup,14.496422,-55.56067
102,Cen Lup,14.589371,-55.55054
102,Cen Lup,14.682296,-55.54008
103,Cen Cir,14.682296,-55.54008
103,Cen Cir,14.683922,-56.53999
103,Cen Cir,14.685637,-57.53989
103,Cen Cir,14.687449,-58.53979
103,Cen Cir,14.689367,-59.53968
103,Cen Cir,14.691402,-60.53956
103,Cen Cir,14.693568,-61.53944
103,Cen Cir,14.695877,-62.53931
103,Cen Cir,14.698347,-63.53917
103,Cen Cir,14.700996,-64.53902
103,Cen Cir,14.550443,-64.55579
103,Cen Cir,14.399798,-64.57173
103,Cen Cir,14.249064,-64.58679
103,Cen Cir,14.098248,-64.60097
103,Cen Cir,13.947353,-64.61423
103,Cen Cir,13.796386,-64.62656
103,Cen Cir,13.645351,-64.63793
104,Cen Mus,13.645351,-64.63793
104,Cen Mus,13.508877,-64.64737
104,Cen Mus,13.372357,-64.656
104,Cen Mus,13.235794,-64.66382
104,Cen Mus,13.099193,-64.6708
104,Cen Mus,12.962557,-64.67695
105,Cen Cru,12.962557,-64.67695
105,Cen Cru,12.961575,-63.67697
105,Cen Cru,12.96066,-62.67699
105,Cen Cru,12.959804,-61.67701
105,Cen Cru,12.959002,-60.67703
105,Cen Cru,12.958249,-59.67704
105,Cen Cru,12.957539,-58.67706
105,Cen Cru,12.956868,-57.67707
105,Cen Cru,12.956234,-56.67709
105,Cen Cru,12.955633,-55.6771
105,Cen Cru,12.842601,-55.68155
105,Cen Cru,12.729557,-55.68541
105,Cen Cru,12.616502,-55.68868
105,Cen Cru,12.503438,-55.69135
105,Cen Cru,12.390368,-55.69344
105,Cen Cru,12.277292,-55.69492
105,Cen Cru,12.164212,-55.69581
105,Cen Cru,12.051131,-55.6961
105,Cen Cru,11.93805,-55.69578
105,Cen Cru,11.937972,-56.69578
105,Cen Cru,11.93789,-57.69578
105,Cen Cru,11.937804,-58.69578
105,Cen Cru,11.937712,-59.69578
105,Cen Cru,11.937615,-60.69578
105,Cen Cru,11.937511,-61.69578
105,Cen Cru,11.937401,-62.69578
105,Cen Cru,11.937283,-63.69578
105,Cen Cru,11.937156,-64.69578
106,Cen Mus,11.937156,-64.69578
106,Cen Mus,11.787592,-64.69445
106,Cen Mus,11.638038,-64.69209
106,Cen Mus,11.488501,-64.68869
106,Cen Mus,11.338986,-64.68426
107,Cen Vel,11.08915,-57.17444
107,Cen Vel,11.089799,-56.18916
107,Cen Vel,11.090415,-55.20388
107,Cen Vel,11.091002,-54.21859
107,Cen Vel,11.091561,-53.23331
107,Cen Vel,11.092095,-52.24803
107,Cen Vel,11.092606,-51.26275
107,Cen Vel,11.093096,-50.27746
107,Cen Vel,11.093565,-49.29218
107,Cen Vel,11.094017,-48.3069
107,Cen Vel,11.094451,-47.32161
107,Cen Vel,11.094869,-46.33633
107,Cen Vel,11.095272,-45.35104
107,Cen Vel,11.095662,-44.36576
107,Cen Vel,11.096039,-43.38047
107,Cen Vel,11.096403,-42.39519
107,Cen Vel,11.096757,-41.4099
107,Cen Vel,11.0971,-40.42461
108,Cep Dra,20.038218,59.85108
108,Cep Dra,20.035375,60.85085
108,Cep Dra,20.032347,61.85062
108,Cep Dra,20.17284,61.87237
108,Cep Dra,20.313432,61.89363
108,Cep Dra,20.454123,61.91437
108,Cep Dra,20.451367,62.83084
108,Cep Dra,20.448433,63.74729
108,Cep Dra,20.445303,64.66373
108,Cep Dra,20.441954,65.58016
108,Cep Dra,20.43836,66.49656
108,Cep Dra,20.434492,67.41295
108,Cep Dra,20.561663,67.43122
108,Cep Dra,20.688934,67.44902
108,Cep Dra,20.684582,68.44872
108,Cep Dra,20.679827,69.4484
108,Cep Dra,20.674609,70.44804
108,Cep Dra,20.668851,71.44764
108,Cep Dra,20.662462,72.4472
108,Cep Dra,20.655327,73.44671
108,Cep Dra,20.647302,74.44615
108,Cep Dra,20.638204,75.44552
108,Cep Dra,20.381218,75.40907
108,Cep Dra,20.124892,75.37087
108,Cep Dra,20.113519,76.37
108,Cep Dra,20.100383,77.369
108,Cep Dra,20.08503,78.36783
108,Cep Dra,20.066837,79.36644
108,Cep Dra,20.04492,80.36477
108,Cep Dra,20.333242,80.40768
108,Cep Dra,20.622862,80.44843
108,Cep Dra,20.913727,80.48678
108,Cep Dra,20.890654,81.48531
108,Cep Dra,20.861502,82.48346
108,Cep Dra,20.823483,83.48104
108,Cep Dra,20.771802,84.47775
108,Cep Dra,20.697461,85.47302
108,Cep Dra,20.581404,86.46562
109,Cep UMi,20.581404,86.46562
109,Cep UMi,20.555431,86.63062
109,Cep UMi,21.317437,86.71901
109,Cep UMi,22.100655,86.7889
109,Cep UMi,22.900711,86.83688
109,Cep UMi,22.816575,87.75167
109,Cep UMi,22.617404,88.66388
109,Cep UMi,1.350443,88.66983
109,Cep UMi,3.834004,88.46857
109,Cep UMi,5.862329,88.15948
109,Cep UMi,7.556216,87.83924
109,Cep UMi,9.055488,87.56892
109,Cep UMi,8.832463,86.83659
109,Cep UMi,8.693509,86.09755
110,Cep Lac,22.953601,56.91796
110,Cep Lac,22.841651,56.91198
110,Cep Lac,22.729721,56.90545
110,Cep Lac,22.617811,56.89837
110,Cep Lac,22.505924,56.89074
110,Cep Lac,22.394061,56.88257
110,Cep Lac,22.394751,56.25759
110,Cep Lac,22.39542,55.63262
110,Cep Lac,22.302287,55.62541
110,Cep Lac,22.209173,55.61784
110,Cep Lac,22.210028,54.86787
110,Cep Lac,22.210851,54.11791
110,Cep Lac,22.211645,53.36794
110,Cep Lac,22.127122,53.36075
110,Cep Lac,22.042614,53.35327
111,Cep Cyg,22.042614,53.35327
111,Cep Cyg,22.041819,54.04767
111,Cep Cyg,22.040997,54.74208
111,Cep Cyg,22.040146,55.43648
111,Cep Cyg,21.924545,55.42577
111,Cep Cyg,21.808977,55.41453
111,Cep Cyg,21.693443,55.40277
111,Cep Cyg,21.577946,55.39049
111,Cep Cyg,21.462486,55.37771
111,Cep Cyg,21.347064,55.36445
111,Cep Cyg,21.231683,55.35071
111,Cep Cyg,21.116343,55.3365
111,Cep Cyg,21.001045,55.32185
111,Cep Cyg,20.885792,55.30676
111,Cep Cyg,20.770584,55.29124
111,Cep Cyg,20.655423,55.27532
111,Cep Cyg,20.653719,56.14425
111,Cep Cyg,20.651936,57.01318
111,Cep Cyg,20.650068,57.88209
111,Cep Cyg,20.648107,58.751
111,Cep Cyg,20.646046,59.61991
111,Cep Cyg,20.643876,60.48881
111,Cep Cyg,20.641586,61.35769
111,Cep Cyg,20.577387,61.34864
111,Cep Cyg,20.579287,60.64044
111,Cep Cyg,20.581106,59.93224
111,Cep Cyg,20.472422,59.91664
111,Cep Cyg,20.36379,59.90071
111,Cep Cyg,20.255211,59.88446
111,Cep Cyg,20.146687,59.86791
111,Cep Cyg,20.038218,59.85108
112,Cet Psc,0.440087,0.69253
112,Cet Psc,0.440169,1.69253
112,Cet Psc,0.440251,2.69253
112,Cet Psc,0.506951,2.6912
112,Cet Psc,0.573651,2.68965
112,Cet Psc,0.64035,2.6879
112,Cet Psc,0.70705,2.68593
112,Cet Psc,0.773749,2.68376
112,Cet Psc,0.840448,2.68138
112,Cet Psc,0.907147,2.67879
112,Cet Psc,0.973846,2.67599
112,Cet Psc,1.040544,2.67299
112,Cet Psc,1.107242,2.66978
112,Cet Psc,1.173941,2.66637
112,Cet Psc,1.240638,2.66276
112,Cet Psc,1.307336,2.65894
112,Cet Psc,1.374033,2.65492
112,Cet Psc,1.44073,2.65071
112,Cet Psc,1.507427,2.64629
112,Cet Psc,1.574124,2.64168
112,Cet Psc,1.64082,2.63687
112,Cet Psc,1.707516,2.63187
112,Cet Psc,1.774211,2.62668
112,Cet Psc,1.840906,2.62129
112,Cet Psc,1.907601,2.61572
112,Cet Psc,1.974296,2.60995
112,Cet Psc,2.04099,2.60401
112,Cet Psc,2.107683,2.59787
112,Cet Psc,2.108095,3.58744
112,Cet Psc,2.108507,4.577
112,Cet Psc,2.108921,5.56657
112,Cet Psc,2.109336,6.55613
112,Cet Psc,2.109753,7.5457
112,Cet Psc,2.110171,8.53526
112,Cet Psc,2.110592,9.52482
112,Cet Psc,2.111015,10.51439
113,Cet Tau,3.396426,10.3632
113,Cet Tau,3.395792,9.37158
113,Cet Tau,3.395161,8.37996
113,Cet Tau,3.394533,7.38833
113,Cet Tau,3.393909,6.39671
113,Cet Tau,3.393286,5.40509
113,Cet Tau,3.392666,4.41346
113,Cet Tau,3.392048,3.42184
113,Cet Tau,3.39143,2.43022
113,Cet Tau,3.390814,1.43859
113,Cet Tau,3.390198,0.44697
113,Cet Tau,3.389655,-0.42799
113,Cet Tau,3.389111,-1.30296
114,Cet Eri,3.389111,-1.30296
114,Cet Eri,3.325794,-1.29417
114,Cet Eri,3.262477,-1.28551
114,Cet Eri,3.19916,-1.27698
114,Cet Eri,3.135844,-1.26858
114,Cet Eri,3.072527,-1.26031
114,Cet Eri,3.009211,-1.25218
114,Cet Eri,2.945895,-1.24418
114,Cet Eri,2.882579,-1.23632
114,Cet Eri,2.819263,-1.22861
114,Cet Eri,2.755947,-1.22103
114,Cet Eri,2.755428,-2.20506
114,Cet Eri,2.754909,-3.18909
114,Cet Eri,2.754389,-4.17311
114,Cet Eri,2.753867,-5.15714
114,Cet Eri,2.753344,-6.14117
114,Cet Eri,2.752818,-7.12519
114,Cet Eri,2.752291,-8.10922
114,Cet Eri,2.751761,-9.09325
114,Cet Eri,2.751228,-10.07727
114,Cet Eri,2.750692,-11.0613
114,Cet Eri,2.750152,-12.04533
114,Cet Eri,2.749608,-13.02935
114,Cet Eri,2.74906,-14.01338
114,Cet Eri,2.748507,-14.9974
114,Cet Eri,2.747949,-15.98143
114,Cet Eri,2.747386,-16.96545
114,Cet Eri,2.746816,-17.94947
114,Cet Eri,2.746241,-18.9335
114,Cet Eri,2.745658,-19.91752
114,Cet Eri,2.745068,-20.90154
114,Cet Eri,2.74447,-21.88557
114,Cet Eri,2.743864,-22.86959
114,Cet Eri,2.74325,-23.85361
115,Cet For,2.74325,-23.85361
115,Cet For,2.673307,-23.84541
115,Cet For,2.603368,-23.8374
115,Cet For,2.533433,-23.82957
115,Cet For,2.463503,-23.82192
115,Cet For,2.393576,-23.81446
115,Cet For,2.323654,-23.8072
115,Cet For,2.253735,-23.80013
115,Cet For,2.18382,-23.79326
115,Cet For,2.113908,-23.78658
115,Cet For,2.044,-23.78011
115,Cet For,1.974095,-23.77384
115,Cet For,1.904193,-23.76777
115,Cet For,1.834294,-23.76191
115,Cet For,1.764399,-23.75627
115,Cet For,1.764163,-24.31459
115,Cet For,1.763925,-24.87292
116,Cet Scl,1.763925,-24.87292
116,Cet Scl,1.690971,-24.86725
116,Cet Scl,1.61802,-24.86181
116,Cet Scl,1.545071,-24.8566
116,Cet Scl,1.472126,-24.85163
116,Cet Scl,1.399184,-24.8469
116,Cet Scl,1.326244,-24.84241
116,Cet Scl,1.253307,-24.83816
116,Cet Scl,1.180372,-24.83415
116,Cet Scl,1.10744,-24.83039
116,Cet Scl,1.034509,-24.82687
116,Cet Scl,0.961581,-24.8236
116,Cet Scl,0.888654,-24.82057
116,Cet Scl,0.815729,-24.8178
116,Cet Scl,0.742805,-24.81528
116,Cet Scl,0.669883,-24.813
116,Cet Scl,0.596962,-24.81098
116,Cet Scl,0.524042,-24.80921
116,Cet Scl,0.451123,-24.8077
116,Cet Scl,0.378204,-24.80643
116,Cet Scl,0.305287,-24.80543
116,Cet Scl,0.23237,-24.80467
116,Cet Scl,0.159453,-24.80417
116,Cet Scl,0.086537,-24.80393
116,Cet Scl,0.01362,-24.80394
116,Cet Scl,23.940704,-24.80421
117,Cet Psc,23.940219,-6.30421
117,Cet Psc,0.002631,-6.30397
117,Cet Psc,0.065043,-6.30391
117,Cet Psc,0.127454,-6.30404
117,Cet Psc,0.189866,-6.30435
117,Cet Psc,0.252277,-6.30485
117,Cet Psc,0.314689,-6.30553
117,Cet Psc,0.377101,-6.30641
117,Cet Psc,0.439512,-6.30746
117,Cet Psc,0.439595,-5.30746
117,Cet Psc,0.439677,-4.30746
117,Cet Psc,0.43976,-3.30746
117,Cet Psc,0.439842,-2.30747
117,Cet Psc,0.439924,-1.30747
117,Cet Psc,0.440006,-0.30747
117,Cet Psc,0.440087,0.69253
118,Cha Men,7.443477,-82.77589
118,Cha Men,7.481783,-81.84153
118,Cha Men,7.512262,-80.90654
118,Cha Men,7.537099,-79.97108
118,Cha Men,7.557737,-79.03527
118,Cha Men,7.575165,-78.0992
118,Cha Men,7.590085,-77.16293
118,Cha Men,7.603007,-76.22649
118,Cha Men,7.614314,-75.28992
119,Cha Vol,7.614314,-75.28992
119,Cha Vol,7.84656,-75.32748
119,Cha Vol,8.079392,-75.36391
119,Cha Vol,8.312795,-75.39905
119,Cha Vol,8.546753,-75.43277
119,Cha Vol,8.781244,-75.46495
119,Cha Vol,9.016246,-75.49546
120,Cha Mus,11.323798,-75.68401
120,Cha Mus,11.57681,-75.69093
120,Cha Mus,11.829921,-75.69496
120,Cha Mus,12.083079,-75.69608
120,Cha Mus,12.336231,-75.69427
120,Cha Mus,12.589324,-75.68956
120,Cha Mus,12.842305,-75.68197
120,Cha Mus,13.095122,-75.67152
120,Cha Mus,13.347725,-75.65826
120,Cha Mus,13.600065,-75.64226
120,Cha Mus,13.852093,-75.62359
121,Cha Oct,13.940737,-83.12007
121,Cha Oct,13.394766,-83.15742
121,Cha Oct,12.846088,-83.18252
121,Cha Oct,12.29577,-83.19482
121,Cha Oct,11.744945,-83.19404
121,Cha Oct,11.194765,-83.18018
121,Cha Oct,10.646357,-83.15357
121,Cha Oct,10.100777,-83.11481
121,Cha Oct,9.558977,-83.06475
121,Cha Oct,9.02177,-83.00448
121,Cha Oct,8.489815,-82.93528
121,Cha Oct,7.963607,-82.85857
121,Cha Oct,7.443477,-82.77589
122,Cir Lup,14.682296,-55.54008
122,Cir Lup,14.787018,-55.52792
122,Cir Lup,14.891708,-55.51538
122,Cir Lup,14.996363,-55.50245
122,Cir Lup,15.100982,-55.48915
122,Cir Lup,15.205565,-55.47549
123,Cir Nor,15.205565,-55.47549
123,Cir Nor,15.301117,-55.4627
123,Cir Nor,15.396637,-55.44963
123,Cir Nor,15.492125,-55.43628
123,Cir Nor,15.494126,-56.43614
123,Cir Nor,15.496235,-57.43599
123,Cir Nor,15.498463,-58.43583
123,Cir Nor,15.500821,-59.43566
123,Cir Nor,15.503322,-60.43549
124,Cir TrA,15.503322,-60.43549
124,Cir TrA,15.505982,-61.4353
124,Cir TrA,15.421492,-61.44713
124,Cir TrA,15.336969,-61.45874
124,Cir TrA,15.339315,-62.31969
124,Cir TrA,15.3418,-63.18063
124,Cir TrA,15.344436,-64.04156
124,Cir TrA,15.217374,-64.0586
124,Cir TrA,15.090234,-64.07512
124,Cir TrA,15.093251,-65.0541
124,Cir TrA,15.096499,-66.03306
124,Cir TrA,15.100005,-67.012
124,Cir TrA,15.103807,-67.99092
124,Cir TrA,14.933573,-68.0122
124,Cir TrA,14.936919,-68.84533
124,Cir TrA,14.940525,-69.67845
124,Cir TrA,14.944427,-70.51154
125,Cir Mus,13.830723,-70.62443
125,Cir Mus,13.827671,-69.62456
125,Cir Mus,13.824894,-68.62467
125,Cir Mus,13.822353,-67.62477
125,Cir Mus,13.820019,-66.62486
125,Cir Mus,13.817866,-65.62494
125,Cir Mus,13.732526,-65.63156
125,Cir Mus,13.647164,-65.63787
125,Cir Mus,13.645351,-64.63793
126,Col Lep,5.083662,-27.07721
126,Col Lep,5.157989,-27.09037
126,Col Lep,5.232325,-27.1036
126,Col Lep,5.30667,-27.11688
126,Col Lep,5.381024,-27.13021
126,Col Lep,5.455386,-27.14359
126,Col Lep,5.529757,-27.15701
126,Col Lep,5.604138,-27.17046
126,Col Lep,5.678527,-27.18395
126,Col Lep,5.752925,-27.19746
126,Col Lep,5.827332,-27.211
126,Col Lep,5.901748,-27.22455
126,Col Lep,5.976173,-27.23811
126,Col Lep,6.050608,-27.25167
126,Col Lep,6.125051,-27.26524
126,Col Lep,6.199504,-27.2788
127,Col Pup,6.660256,-33.11281
127,Col Pup,6.659105,-34.11271
127,Col Pup,6.657925,-35.1126
127,Col Pup,6.656717,-36.1125
127,Col Pup,6.655477,-37.11238
127,Col Pup,6.654204,-38.11227
127,Col Pup,6.652896,-39.11215
127,Col Pup,6.65155,-40.11203
127,Col Pup,6.650164,-41.11191
127,Col Pup,6.648735,-42.11178
127,Col Pup,6.64726,-43.11165
127,Col Pup,6.563797,-43.09662
127,Col Pup,6.480355,-43.08155
127,Col Pup,6.396933,-43.06644
127,Col Pup,6.313531,-43.0513
127,Col Pup,6.23015,-43.03614
127,Col Pup,6.14679,-43.02096
127,Col Pup,6.063451,-43.00578
128,Col Pic,6.063451,-43.00578
128,Col Pic,5.972558,-42.98921
128,Col Pic,5.88169,-42.97266
128,Col Pic,5.790846,-42.95612
128,Col Pic,5.700026,-42.9396
128,Col Pic,5.609231,-42.92313
128,Col Pic,5.51846,-42.9067
128,Col Pic,5.427712,-42.89032
128,Col Pic,5.336989,-42.87401
128,Col Pic,5.24629,-42.85777
128,Col Pic,5.155614,-42.84162
128,Col Pic,5.064962,-42.82555
129,Com Leo,11.973635,13.30406
129,Com Leo,11.973653,14.30406
129,Com Leo,11.973671,15.30406
129,Com Leo,11.973689,16.30406
129,Com Leo,11.973708,17.30406
129,Com Leo,11.973726,18.30406
129,Com Leo,11.973745,19.30406
129,Com Leo,11.973764,20.30406
129,Com Leo,11.973784,21.30406
129,Com Leo,11.973804,22.30406
129,Com Leo,11.973823,23.30406
129,Com Leo,11.973844,24.30406
129,Com Leo,11.973864,25.30406
129,Com Leo,11.973885,26.30406
129,Com Leo,11.973907,27.30406
129,Com Leo,11.973928,28.30406
130,Com UMa,11.973928,28.30406
130,Com UMa,12.040152,28.30391
130,Com UMa,12.106376,28.30397
130,Com UMa,12.106361,29.30397
130,Com UMa,12.106346,30.30397
130,Com UMa,12.106331,31.30397
130,Com UMa,12.106315,32.30397
130,Com UMa,12.106299,33.30397
131,Com Vir,13.601927,14.3605
131,Com Vir,13.535456,14.35581
131,Com Vir,13.468987,14.35131
131,Com Vir,13.402518,14.34701
131,Com Vir,13.336051,14.3429
131,Com Vir,13.269585,14.339
131,Com Vir,13.20312,14.3353
131,Com Vir,13.136656,14.3318
131,Com Vir,13.070194,14.3285
131,Com Vir,13.003731,14.3254
131,Com Vir,12.93727,14.32252
131,Com Vir,12.937468,13.32252
131,Com Vir,12.873209,13.31992
131,Com Vir,12.808952,13.31752
131,Com Vir,12.744694,13.31531
131,Com Vir,12.680438,13.31329
131,Com Vir,12.616181,13.31147
131,Com Vir,12.551926,13.30984
131,Com Vir,12.48767,13.30841
131,Com Vir,12.423415,13.30718
131,Com Vir,12.35916,13.30614
131,Com Vir,12.294906,13.3053
131,Com Vir,12.230651,13.30466
131,Com Vir,12.166397,13.30421
131,Com Vir,12.102143,13.30396
131,Com Vir,12.037889,13.30391
131,Com Vir,11.973635,13.30406
132,CrA Sgr,17.975029,-37.01746
132,CrA Sgr,18.058364,-37.00228
132,CrA Sgr,18.141683,-36.98709
132,CrA Sgr,18.224984,-36.97192
132,CrA Sgr,18.308269,-36.95675
132,CrA Sgr,18.391538,-36.94161
132,CrA Sgr,18.47479,-36.9265
132,CrA Sgr,18.558026,-36.91143
132,CrA Sgr,18.641245,-36.8964
132,CrA Sgr,18.724448,-36.88142
132,CrA Sgr,18.807635,-36.86649
132,CrA Sgr,18.890805,-36.85164
132,CrA Sgr,18.97396,-36.83685
132,CrA Sgr,19.057098,-36.82215
132,CrA Sgr,19.140221,-36.80752
132,CrA Sgr,19.223328,-36.793
132,CrA Sgr,19.30642,-36.77857
132,CrA Sgr,19.307566,-37.72291
132,CrA Sgr,19.308742,-38.66726
132,CrA Sgr,19.309949,-39.6116
132,CrA Sgr,19.31119,-40.55593
132,CrA Sgr,19.312466,-41.50027
132,CrA Sgr,19.31378,-42.4446
132,CrA Sgr,19.315134,-43.38893
132,CrA Sgr,19.316531,-44.33325
132,CrA Sgr,19.317974,-45.27757
133,CrA Tel,19.317974,-45.27757
133,CrA Tel,19.228583,-45.2931
133,CrA Tel,19.139167,-45.30874
133,CrA Tel,19.049726,-45.32449
133,CrA Tel,18.960261,-45.34034
133,CrA Tel,18.870771,-45.35628
133,CrA Tel,18.781256,-45.3723
133,CrA Tel,18.691715,-45.38839
133,CrA Tel,18.602149,-45.40455
133,CrA Tel,18.512557,-45.42076
133,CrA Tel,18.42294,-45.43702
133,CrA Tel,18.333296,-45.45331
133,CrA Tel,18.243627,-45.46963
133,CrA Tel,18.153932,-45.48598
134,CrA Sco,17.987284,-45.51635
134,CrA Sco,17.985752,-44.57204
134,CrA Sco,17.984269,-43.62773
134,CrA Sco,17.982833,-42.68342
134,CrA Sco,17.981439,-41.7391
134,CrA Sco,17.980085,-40.79478
134,CrA Sco,17.97877,-39.85046
134,CrA Sco,17.97749,-38.90613
134,CrA Sco,17.976244,-37.9618
134,CrA Sco,17.975029,-37.01746
135,CrB Her,15.824362,39.61891
135,CrB Her,15.907234,39.63168
135,CrB Her,15.990122,39.64461
135,CrB Her,16.073025,39.65772
135,CrB Her,16.155944,39.67099
135,CrB Her,16.238878,39.68442
135,CrB Her,16.321829,39.698
135,CrB Her,16.404796,39.71172
135,CrB Her,16.406026,38.71183
135,CrB Her,16.407223,37.71192
135,CrB Her,16.408388,36.71202
135,CrB Her,16.409523,35.71212
135,CrB Her,16.410629,34.71221
135,CrB Her,16.41171,33.7123
135,CrB Her,16.412765,32.71239
135,CrB Her,16.413797,31.71247
135,CrB Her,16.414807,30.71256
135,CrB Her,16.415797,29.71264
135,CrB Her,16.416766,28.71272
135,CrB Her,16.417718,27.7128
135,CrB Her,16.418652,26.71287
135,CrB Her,16.363246,26.7037
135,CrB Her,16.307844,26.69458
135,CrB Her,16.252447,26.68553
135,CrB Her,16.253345,25.6856
135,CrB Her,16.18686,25.67482
135,CrB Her,16.120381,25.66415
136,CrB Ser,16.120381,25.66415
136,CrB Ser,16.049756,25.65291
136,CrB Ser,15.979139,25.6418
136,CrB Ser,15.908527,25.63081
136,CrB Ser,15.837922,25.61995
136,CrB Ser,15.767323,25.60922
136,CrB Ser,15.696731,25.59862
136,CrB Ser,15.626144,25.58816
136,CrB Ser,15.555563,25.57785
136,CrB Ser,15.484989,25.56767
136,CrB Ser,15.41442,25.55765
136,CrB Ser,15.343857,25.54778
136,CrB Ser,15.2733,25.53806
137,Crv Vir,12.942202,-11.67738
137,Crv Vir,12.942397,-12.67738
137,Crv Vir,12.942594,-13.67737
137,Crv Vir,12.942792,-14.67737
137,Crv Vir,12.942992,-15.67736
137,Crv Vir,12.943194,-16.67736
137,Crv Vir,12.943398,-17.67736
137,Crv Vir,12.943605,-18.67735
137,Crv Vir,12.943814,-19.67735
137,Crv Vir,12.944025,-20.67734
137,Crv Vir,12.944239,-21.67734
137,Crv Vir,12.944457,-22.67733
138,Crv Hya,12.944457,-22.67733
138,Crv Hya,12.881652,-22.67988
138,Crv Hya,12.818846,-22.68223
138,Crv Hya,12.756039,-22.68441
138,Crv Hya,12.693231,-22.6864
138,Crv Hya,12.693364,-23.51973
138,Crv Hya,12.693498,-24.35306
138,Crv Hya,12.693634,-25.18639
138,Crv Hya,12.625072,-25.18836
138,Crv Hya,12.55651,-25.1901
138,Crv Hya,12.487946,-25.19162
138,Crv Hya,12.419382,-25.19292
138,Crv Hya,12.350817,-25.194
138,Crv Hya,12.282251,-25.19485
138,Crv Hya,12.213685,-25.19549
138,Crv Hya,12.145119,-25.1959
138,Crv Hya,12.076553,-25.19608
138,Crv Hya,12.007986,-25.19605
138,Crv Hya,11.93942,-25.19579
139,Crv Vir,11.939782,-11.69579
139,Crv Vir,12.006612,-11.69604
139,Crv Vir,12.073441,-11.69609
139,Crv Vir,12.140271,-11.69592
139,Crv Vir,12.2071,-11.69553
139,Crv Vir,12.273929,-11.69494
139,Crv Vir,12.340758,-11.69413
139,Crv Vir,12.407587,-11.69311
139,Crv Vir,12.474415,-11.69188
139,Crv Vir,12.541244,-11.69044
139,Crv Vir,12.608071,-11.68879
139,Crv Vir,12.674899,-11.68692
139,Crv Vir,12.741726,-11.68485
139,Crv Vir,12.808552,-11.68257
139,Crv Vir,12.875377,-11.68008
139,Crv Vir,12.942202,-11.67738
140,Crt Leo,10.855141,-6.66217
140,Crt Leo,10.919112,-6.66567
140,Crt Leo,10.983084,-6.66898
140,Crt Leo,11.047056,-6.67211
140,Crt Leo,11.111028,-6.67505
140,Crt Leo,11.175001,-6.6778
140,Crt Leo,11.238974,-6.68036
140,Crt Leo,11.302947,-6.68272
140,Crt Leo,11.366921,-6.6849
140,Crt Leo,11.430895,-6.68689
140,Crt Leo,11.494869,-6.68868
140,Crt Leo,11.558844,-6.69028
140,Crt Leo,11.622819,-6.69168
141,Crt Vir,11.622819,-6.69168
141,Crt Vir,11.686236,-6.69289
141,Crt Vir,11.749653,-6.6939
141,Crt Vir,11.813071,-6.69472
141,Crt Vir,11.876488,-6.69535
141,Crt Vir,11.939906,-6.69579
141,Crt Vir,11.939881,-7.69579
141,Crt Vir,11.939857,-8.69579
141,Crt Vir,11.939832,-9.69579
141,Crt Vir,11.939807,-10.69579
141,Crt Vir,11.939782,-11.69579
142,Crt Crv,11.939782,-11.69579
142,Crt Crv,11.939758,-12.66007
142,Crt Crv,11.939734,-13.62436
142,Crt Crv,11.939709,-14.58865
142,Crt Crv,11.939684,-15.55293
142,Crt Crv,11.939659,-16.51722
142,Crt Crv,11.939634,-17.4815
142,Crt Crv,11.939608,-18.44579
142,Crt Crv,11.939582,-19.41007
142,Crt Crv,11.939556,-20.37436
142,Crt Crv,11.93953,-21.33865
142,Crt Crv,11.939503,-22.30293
142,Crt Crv,11.939476,-23.26722
142,Crt Crv,11.939448,-24.2315
142,Crt Crv,11.93942,-25.19579
143,Crt Hya,11.93942,-25.19579
143,Crt Hya,11.867589,-25.19528
143,Crt Hya,11.795758,-25.19452
143,Crt Hya,11.723927,-25.19352
143,Crt Hya,11.652098,-25.19228
143,Crt Hya,11.580269,-25.19079
143,Crt Hya,11.508441,-25.18906
143,Crt Hya,11.436614,-25.18709
143,Crt Hya,11.364789,-25.18488
143,Crt Hya,11.292965,-25.18242
143,Crt Hya,11.221142,-25.17973
143,Crt Hya,11.149322,-25.1768
143,Crt Hya,11.077503,-25.17363
143,Crt Hya,11.005686,-25.17022
143,Crt Hya,10.933871,-25.16658
143,Crt Hya,10.93413,-24.24992
143,Crt Hya,10.934385,-23.33326
143,Crt Hya,10.934636,-22.4166
143,Crt Hya,10.934884,-21.49994
143,Crt Hya,10.935129,-20.58328
143,Crt Hya,10.935371,-19.66662
143,Crt Hya,10.893536,-19.66438
143,Crt Hya,10.851702,-19.66207
143,Crt Hya,10.851982,-18.66208
143,Crt Hya,10.852258,-17.66209
143,Crt Hya,10.852531,-16.6621
143,Crt Hya,10.852802,-15.66211
143,Crt Hya,10.85307,-14.66211
143,Crt Hya,10.853335,-13.66212
143,Crt Hya,10.853599,-12.66213
143,Crt Hya,10.85386,-11.66214
144,Crt Sex,10.85386,-11.66214
144,Crt Sex,10.854119,-10.66214
144,Crt Sex,10.854377,-9.66215
144,Crt Sex,10.854633,-8.66216
144,Crt Sex,10.854888,-7.66216
144,Crt Sex,10.855141,-6.66217
145,Cru Mus,12.962557,-64.67695
145,Cru Mus,12.81613,-64.68261
145,Cru Mus,12.669674,-64.68728
145,Cru Mus,12.523195,-64.69097
145,Cru Mus,12.376698,-64.69367
145,Cru Mus,12.230189,-64.69537
145,Cru Mus,12.083673,-64.69607
145,Cru Mus,11.937156,-64.69578
146,Cyg Lyr,19.342174,27.73241
146,Cyg Lyr,19.341357,28.56567
146,Cyg Lyr,19.340526,29.39893
146,Cyg Lyr,19.339682,30.23219
146,Cyg Lyr,19.389798,30.24077
146,Cyg Lyr,19.439917,30.24931
146,Cyg Lyr,19.438969,31.1778
146,Cyg Lyr,19.438001,32.10629
146,Cyg Lyr,19.437013,33.03478
146,Cyg Lyr,19.436005,33.96326
146,Cyg Lyr,19.434974,34.89175
146,Cyg Lyr,19.43392,35.82023
146,Cyg Lyr,19.43284,36.74871
146,Cyg Lyr,19.474643,36.7558
146,Cyg Lyr,19.473456,37.7557
146,Cyg Lyr,19.472236,38.7556
146,Cyg Lyr,19.470982,39.75549
146,Cyg Lyr,19.469691,40.75538
146,Cyg Lyr,19.46836,41.75527
146,Cyg Lyr,19.466987,42.75515
146,Cyg Lyr,19.465569,43.75503
146,Cyg Lyr,19.38748,43.74176
146,Cyg Lyr,19.309408,43.7284
146,Cyg Lyr,19.231354,43.71494
146,Cyg Lyr,19.229857,44.71481
146,Cyg Lyr,19.228308,45.71467
146,Cyg Lyr,19.226702,46.71454
146,Cyg Lyr,19.225035,47.71439
146,Cyg Lyr,19.141376,47.69986
147,Cyg Dra,19.141376,47.69986
147,Cyg Dra,19.139633,48.69971
147,Cyg Dra,19.13782,49.69955
147,Cyg Dra,19.13593,50.69939
147,Cyg Dra,19.133957,51.69922
147,Cyg Dra,19.131896,52.69904
147,Cyg Dra,19.129738,53.69885
147,Cyg Dra,19.127474,54.69865
147,Cyg Dra,19.125097,55.69845
147,Cyg Dra,19.236778,55.71782
147,Cyg Dra,19.348514,55.73701
147,Cyg Dra,19.460306,55.756
147,Cyg Dra,19.458287,56.58917
147,Cyg Dra,19.456177,57.42232
147,Cyg Dra,19.453969,58.25547
147,Cyg Dra,19.571482,58.27519
147,Cyg Dra,19.68906,58.29467
147,Cyg Dra,19.806703,58.31387
147,Cyg Dra,19.804704,59.06371
147,Cyg Dra,19.802616,59.81354
147,Cyg Dra,19.920384,59.83246
147,Cyg Dra,20.038218,59.85108
148,Cyg Lac,22.042614,53.35327
148,Cyg Lac,22.043685,52.38109
148,Cyg Lac,22.044709,51.40892
148,Cyg Lac,22.045691,50.43674
148,Cyg Lac,22.046634,49.46456
148,Cyg Lac,22.047539,48.49238
148,Cyg Lac,22.048411,47.52019
148,Cyg Lac,22.049251,46.54801
148,Cyg Lac,22.050061,45.57582
148,Cyg Lac,22.050844,44.60364
148,Cyg Lac,21.991906,44.59824
148,Cyg Lac,21.992108,44.34825
148,Cyg Lac,21.958442,44.34511
148,Cyg Lac,21.959221,43.3764
148,Cyg Lac,21.959976,42.40768
148,Cyg Lac,21.960707,41.43897
148,Cyg Lac,21.961417,40.47025
148,Cyg Lac,21.962107,39.50153
148,Cyg Lac,21.962778,38.53281
148,Cyg Lac,21.963431,37.56409
148,Cyg Lac,21.964068,36.59537
149,Cyg Peg,21.964068,36.59537
149,Cyg Peg,21.892695,36.58856
149,Cyg Peg,21.82133,36.58154
149,Cyg Peg,21.822009,35.58157
149,Cyg Peg,21.822671,34.5816
149,Cyg Peg,21.823317,33.58164
149,Cyg Peg,21.823949,32.58167
149,Cyg Peg,21.824567,31.5817
149,Cyg Peg,21.825172,30.58173
149,Cyg Peg,21.825764,29.58176
149,Cyg Peg,21.826345,28.58179
149,Cyg Peg,21.762669,28.57535
149,Cyg Peg,21.698998,28.56876
149,Cyg Peg,21.635331,28.56201
149,Cyg Peg,21.571668,28.55511
149,Cyg Peg,21.50801,28.54805
150,Cyg Vul,21.50801,28.54805
150,Cyg Vul,21.436218,28.53991
150,Cyg Vul,21.364432,28.53157
150,Cyg Vul,21.292652,28.52306
150,Cyg Vul,21.220878,28.51436
150,Cyg Vul,21.14911,28.50547
150,Cyg Vul,21.077349,28.49642
150,Cyg Vul,21.005593,28.48718
150,Cyg Vul,21.004839,29.48713
150,Cyg Vul,20.930966,29.47745
150,Cyg Vul,20.8571,29.46759
150,Cyg Vul,20.783242,29.45755
150,Cyg Vul,20.709391,29.44735
150,Cyg Vul,20.635548,29.43698
150,Cyg Vul,20.561712,29.42644
150,Cyg Vul,20.487884,29.41575
150,Cyg Vul,20.414065,29.40491
150,Cyg Vul,20.340253,29.39391
150,Cyg Vul,20.26645,29.38277
150,Cyg Vul,20.192654,29.37149
150,Cyg Vul,20.118868,29.36007
150,Cyg Vul,20.045089,29.34851
150,Cyg Vul,19.971319,29.33683
150,Cyg Vul,19.897558,29.32502
150,Cyg Vul,19.823805,29.3131
150,Cyg Vul,19.750061,29.30105
150,Cyg Vul,19.750775,28.55111
150,Cyg Vul,19.751479,27.80117
150,Cyg Vul,19.683244,27.78993
150,Cyg Vul,19.615015,27.77859
150,Cyg Vul,19.546794,27.76717
150,Cyg Vul,19.47858,27.75566
150,Cyg Vul,19.410374,27.74407
150,Cyg Vul,19.342174,27.73241
151,Del Sge,20.237264,16.12751
151,Del Sge,20.291529,16.13577
151,Del Sge,20.345797,16.14396
151,Del Sge,20.345106,17.09391
151,Del Sge,20.344409,18.04386
151,Del Sge,20.343704,18.9938
151,Del Sge,20.342991,19.94375
151,Del Sge,20.34227,20.89369
152,Del Vul,20.34227,20.89369
152,Del Vul,20.405767,20.90317
152,Del Vul,20.469268,20.91254
152,Del Vul,20.532773,20.92179
152,Del Vul,20.596282,20.93092
152,Del Vul,20.659795,20.93994
152,Del Vul,20.660509,19.93999
152,Del Vul,20.729745,19.94968
152,Del Vul,20.798986,19.95923
152,Del Vul,20.86823,19.96862
152,Del Vul,20.937479,19.97786
152,Del Vul,21.006733,19.98695
152,Del Vul,21.07599,19.99587
152,Del Vul,21.145251,20.00463
153,Del Peg,21.145251,20.00463
153,Del Peg,21.145852,19.04634
153,Del Peg,21.146446,18.08804
153,Del Peg,21.147033,17.12974
153,Del Peg,21.147615,16.17145
153,Del Peg,21.148191,15.21315
153,Del Peg,21.148762,14.25485
153,Del Peg,21.149327,13.29655
153,Del Peg,21.149889,12.33825
154,Del Equ,21.149889,12.33825
154,Del Equ,21.091448,12.33087
154,Del Equ,21.03301,12.32337
154,Del Equ,20.974573,12.31576
154,Del Equ,20.975165,11.34358
154,Del Equ,20.975753,10.37139
154,Del Equ,20.976337,9.39921
154,Del Equ,20.976918,8.42703
154,Del Equ,20.977496,7.45484
154,Del Equ,20.978072,6.48266
154,Del Equ,20.936365,6.47716
154,Del Equ,20.936961,5.4772
154,Del Equ,20.937555,4.47723
154,Del Equ,20.938148,3.47727
154,Del Equ,20.938739,2.47731
155,Dor Hor,3.887919,-52.79685
155,Dor Hor,3.889258,-52.07473
155,Dor Hor,3.890554,-51.35261
155,Dor Hor,3.891811,-50.63048
155,Dor Hor,3.974487,-50.64339
155,Dor Hor,4.057187,-50.65646
155,Dor Hor,4.139909,-50.6697
155,Dor Hor,4.141653,-49.66984
155,Dor Hor,4.143327,-48.66998
155,Dor Hor,4.234396,-48.68473
155,Dor Hor,4.325492,-48.69967
156,Dor Pic,4.557483,-48.73845
156,Dor Pic,4.555717,-49.7383
156,Dor Pic,4.553877,-50.73815
156,Dor Pic,4.551957,-51.73798
156,Dor Pic,4.54995,-52.73781
156,Dor Pic,4.547849,-53.73764
156,Dor Pic,4.647225,-53.75455
156,Dor Pic,4.746642,-53.77164
156,Dor Pic,4.846098,-53.78888
156,Dor Pic,4.945596,-53.80627
156,Dor Pic,5.045134,-53.8238
156,Dor Pic,5.04312,-54.69862
156,Dor Pic,5.041017,-55.57344
156,Dor Pic,5.038818,-56.44824
156,Dor Pic,5.036516,-57.32304
156,Dor Pic,5.136034,-57.34068
156,Dor Pic,5.2356,-57.35844
156,Dor Pic,5.335214,-57.37629
156,Dor Pic,5.434876,-57.39424
156,Dor Pic,5.534587,-57.41226
156,Dor Pic,5.532101,-58.28703
156,Dor Pic,5.529489,-59.1618
156,Dor Pic,5.52674,-60.03655
156,Dor Pic,5.523841,-60.91129
156,Dor Pic,5.648499,-60.9339
156,Dor Pic,5.773245,-60.95658
156,Dor Pic,5.89808,-60.97932
156,Dor Pic,6.023004,-61.00209
156,Dor Pic,6.019445,-62.00177
156,Dor Pic,6.015645,-63.00142
156,Dor Pic,6.011576,-64.00105
156,Dor Pic,6.157427,-64.02763
156,Dor Pic,6.303418,-64.05417
156,Dor Pic,6.449547,-64.08065
156,Dor Pic,6.595816,-64.10702
157,Dor Vol,6.595816,-64.10702
157,Dor Vol,6.591471,-65.10663
157,Dor Vol,6.586787,-66.10621
157,Dor Vol,6.581718,-67.10576
157,Dor Vol,6.576213,-68.10526
157,Dor Vol,6.570208,-69.10472
157,Dor Vol,6.563628,-70.10413
158,Dor Men,6.563628,-70.10413
158,Dor Men,6.381156,-70.0712
158,Dor Men,6.198974,-70.03813
158,Dor Men,6.017082,-70.00501
158,Dor Men,5.835479,-69.97189
158,Dor Men,5.654163,-69.93887
158,Dor Men,5.473131,-69.90601
158,Dor Men,5.29238,-69.87339
158,Dor Men,5.111906,-69.84108
158,Dor Men,4.931705,-69.80915
158,Dor Men,4.751772,-69.77768
158,Dor Men,4.572101,-69.74672
159,Dor Hyi,4.572101,-69.74672
159,Dor Hyi,4.577179,-68.91382
159,Dor Hyi,4.581888,-68.08089
159,Dor Hyi,4.586268,-67.24793
160,Dor Ret,4.586268,-67.24793
160,Dor Ret,4.590879,-66.30388
160,Dor Ret,4.595156,-65.3598
160,Dor Ret,4.599137,-64.41569
160,Dor Ret,4.602853,-63.47157
160,Dor Ret,4.606331,-62.52742
160,Dor Ret,4.609596,-61.58325
160,Dor Ret,4.612667,-60.63907
160,Dor Ret,4.615564,-59.69488
160,Dor Ret,4.618302,-58.75066
160,Dor Ret,4.494267,-58.72961
160,Dor Ret,4.370305,-58.70886
160,Dor Ret,4.372534,-57.87571
160,Dor Ret,4.374662,-57.04255
160,Dor Ret,4.376697,-56.20939
160,Dor Ret,4.266478,-56.19119
160,Dor Ret,4.156311,-56.17325
160,Dor Ret,4.046194,-56.15559
160,Dor Ret,4.048053,-55.3224
160,Dor Ret,4.049836,-54.48921
160,Dor Ret,4.051547,-53.65602
160,Dor Ret,4.053192,-52.82281
160,Dor Ret,3.970543,-52.80975
160,Dor Ret,3.887919,-52.79685
161,Dra UMi,13.054707,76.32891
161,Dra UMi,13.058391,75.329
161,Dra UMi,13.061614,74.32908
161,Dra UMi,13.06446,73.32916
161,Dra UMi,13.066992,72.32922
161,Dra UMi,13.069262,71.32927
161,Dra UMi,13.071308,70.32933
161,Dra UMi,13.073164,69.32937
161,Dra UMi,13.234672,69.338
161,Dra UMi,13.396246,69.34785
161,Dra UMi,13.557897,69.35891
161,Dra UMi,13.719631,69.37116
161,Dra UMi,13.881458,69.38457
161,Dra UMi,14.043387,69.39913
161,Dra UMi,14.046588,68.39928
161,Dra UMi,14.04952,67.39941
161,Dra UMi,14.052215,66.39954
161,Dra UMi,14.054703,65.39965
161,Dra UMi,14.202765,65.41393
161,Dra UMi,14.350908,65.42911
161,Dra UMi,14.499137,65.44517
161,Dra UMi,14.647456,65.46209
161,Dra UMi,14.795872,65.47985
161,Dra UMi,14.944388,65.49841
161,Dra UMi,15.09301,65.51775
161,Dra UMi,15.241741,65.53785
161,Dra UMi,15.390586,65.55867
161,Dra UMi,15.53955,65.58018
161,Dra UMi,15.688637,65.60235
161,Dra UMi,15.684554,66.60204
161,Dra UMi,15.680127,67.60171
161,Dra UMi,15.675309,68.60134
161,Dra UMi,15.670041,69.60095
161,Dra UMi,15.840154,69.62698
161,Dra UMi,16.010473,69.65379
161,Dra UMi,16.181005,69.68132
161,Dra UMi,16.351758,69.70951
161,Dra UMi,16.522737,69.73831
161,Dra UMi,16.516128,70.73775
161,Dra UMi,16.508824,71.73712
161,Dra UMi,16.500705,72.73643
161,Dra UMi,16.491621,73.73566
161,Dra UMi,16.481381,74.73479
161,Dra UMi,16.719031,74.77568
161,Dra UMi,16.957302,74.8175
161,Dra UMi,17.196211,74.8601
161,Dra UMi,17.435777,74.90332
161,Dra UMi,17.423097,75.90217
161,Dra UMi,17.408527,76.90085
161,Dra UMi,17.391597,77.89931
161,Dra UMi,17.371671,78.89751
161,Dra UMi,17.347862,79.89535
161,Dra UMi,17.595253,79.94038
161,Dra UMi,17.843736,79.98575
161,Dra UMi,17.814023,80.98304
161,Dra UMi,17.776989,81.97966
161,Dra UMi,17.729529,82.97533
161,Dra UMi,17.666497,83.96957
161,Dra UMi,17.578721,84.96154
161,Dra UMi,17.448154,85.94957
161,Dra UMi,18.19009,86.08577
161,Dra UMi,18.958428,86.22096
161,Dra UMi,19.755265,86.34955
161,Dra UMi,20.581404,86.46562
162,Dra Lyr,19.141376,47.69986
162,Dra Lyr,19.0466,47.68329
162,Dra Lyr,18.951854,47.6666
162,Dra Lyr,18.857138,47.64982
162,Dra Lyr,18.762453,47.63294
162,Dra Lyr,18.667799,47.61599
162,Dra Lyr,18.573175,47.59897
162,Dra Lyr,18.478583,47.58189
162,Dra Lyr,18.384021,47.56476
162,Dra Lyr,18.289491,47.5476
163,Dra Her,18.289491,47.5476
163,Dra Her,18.287683,48.54744
163,Dra Her,18.285803,49.54727
163,Dra Her,18.283844,50.54709
163,Dra Her,18.181003,50.52838
163,Dra Her,18.078203,50.50965
163,Dra Her,17.975444,50.49093
163,Dra Her,17.872725,50.47221
163,Dra Her,17.770047,50.45351
163,Dra Her,17.667409,50.43486
163,Dra Her,17.564812,50.41625
163,Dra Her,17.462255,50.39771
163,Dra Her,17.359737,50.37924
163,Dra Her,17.25726,50.36087
163,Dra Her,17.154821,50.3426
163,Dra Her,17.052422,50.32445
163,Dra Her,17.050454,51.32427
163,Dra Her,16.946726,51.30601
163,Dra Her,16.843038,51.28789
163,Dra Her,16.739392,51.26994
163,Dra Her,16.635785,51.25216
163,Dra Her,16.532217,51.23456
163,Dra Her,16.428689,51.21717
163,Dra Her,16.325199,51.19998
163,Dra Her,16.221747,51.18303
163,Dra Her,16.118332,51.16631
163,Dra Her,16.014954,51.14983
163,Dra Her,15.911612,51.13362
163,Dra Her,15.808306,51.11769
164,Dra UMa,14.483416,54.94224
164,Dra UMa,14.481996,55.87967
164,Dra UMa,14.480506,56.81708
164,Dra UMa,14.47894,57.7545
164,Dra UMa,14.47729,58.69191
164,Dra UMa,14.475549,59.62931
164,Dra UMa,14.473707,60.56671
164,Dra UMa,14.471756,61.5041
164,Dra UMa,14.469683,62.44149
164,Dra UMa,14.341228,62.42771
164,Dra UMa,14.212829,62.41459
164,Dra UMa,14.084483,62.40214
164,Dra UMa,13.956188,62.39039
164,Dra UMa,13.82794,62.37934
164,Dra UMa,13.699737,62.36901
164,Dra UMa,13.571575,62.35941
164,Dra UMa,13.570035,63.35935
164,Dra UMa,13.423422,63.34927
164,Dra UMa,13.276856,63.34016
164,Dra UMa,13.130332,63.33206
164,Dra UMa,12.983846,63.32496
164,Dra UMa,12.837393,63.31887
164,Dra UMa,12.690967,63.31382
164,Dra UMa,12.544564,63.30979
164,Dra UMa,12.398177,63.30681
164,Dra UMa,12.251803,63.30487
164,Dra UMa,12.105436,63.30397
164,Dra UMa,12.105388,64.1373
164,Dra UMa,12.105337,64.97064
164,Dra UMa,12.105283,65.80397
164,Dra UMa,11.943133,65.8042
164,Dra UMa,11.780979,65.80572
164,Dra UMa,11.618811,65.80853
164,Dra UMa,11.456622,65.81262
164,Dra UMa,11.457424,66.8126
164,Dra UMa,11.458295,67.81259
164,Dra UMa,11.459244,68.81258
164,Dra UMa,11.460282,69.81256
164,Dra UMa,11.461424,70.81255
164,Dra UMa,11.462686,71.81253
164,Dra UMa,11.46409,72.81251
164,Dra UMa,11.25581,72.81964
164,Dra UMa,11.047439,72.82887
164,Dra UMa,10.838952,72.84018
164,Dra UMa,10.630326,72.85354
164,Dra UMa,10.421537,72.86891
164,Dra UMa,10.212563,72.88625
164,Dra UMa,10.00338,72.90549
164,Dra UMa,9.793967,72.9266
164,Dra UMa,9.584302,72.94951
164,Dra UMa,9.374362,72.97414
165,Equ Peg,21.149889,12.33825
165,Equ Peg,21.216684,12.34655
165,Equ Peg,21.216301,13.0132
165,Equ Peg,21.270574,13.01982
165,Equ Peg,21.32485,13.02634
165,Equ Peg,21.379126,13.03275
165,Equ Peg,21.433405,13.03906
165,Equ Peg,21.433918,12.08454
165,Equ Peg,21.434427,11.13003
165,Equ Peg,21.434933,10.17551
165,Equ Peg,21.435436,9.22099
165,Equ Peg,21.435936,8.26648
165,Equ Peg,21.436434,7.31196
165,Equ Peg,21.436929,6.35744
165,Equ Peg,21.437423,5.40292
165,Equ Peg,21.437915,4.44841
165,Equ Peg,21.438406,3.49389
165,Equ Peg,21.438896,2.53937
166,Eri Tau,3.690192,0.40372
166,Eri Tau,3.754774,0.39408
166,Eri Tau,3.819356,0.38432
166,Eri Tau,3.883938,0.37445
166,Eri Tau,3.94852,0.36448
166,Eri Tau,4.013101,0.3544
166,Eri Tau,4.077683,0.34422
166,Eri Tau,4.142264,0.33394
166,Eri Tau,4.206845,0.32357
166,Eri Tau,4.271426,0.3131
166,Eri Tau,4.336007,0.30254
166,Eri Tau,4.400588,0.2919
166,Eri Tau,4.465168,0.28117
166,Eri Tau,4.529749,0.27037
166,Eri Tau,4.594329,0.25949
166,Eri Tau,4.658909,0.24853
166,Eri Tau,4.723489,0.2375
167,Eri Ori,4.723489,0.2375
167,Eri Ori,4.773487,0.22891
167,Eri Ori,4.772722,-0.77102
167,Eri Ori,4.771956,-1.77095
167,Eri Ori,4.77119,-2.77089
167,Eri Ori,4.770423,-3.77082
167,Eri Ori,4.829926,-3.78109
167,Eri Ori,4.88943,-3.79141
167,Eri Ori,4.948934,-3.80178
167,Eri Ori,5.008439,-3.81221
167,Eri Ori,5.067945,-3.82267
167,Eri Ori,5.127452,-3.83318
167,Eri Ori,5.186959,-3.84373
167,Eri Ori,5.186165,-4.84366
167,Eri Ori,5.185369,-5.84359
167,Eri Ori,5.18457,-6.84352
167,Eri Ori,5.183767,-7.84345
167,Eri Ori,5.182961,-8.84338
167,Eri Ori,5.18215,-9.8433
167,Eri Ori,5.181334,-10.84323
168,Eri Lep,5.181334,-10.84323
168,Eri Lep,5.125815,-10.83339
168,Eri Lep,5.070298,-10.82358
168,Eri Lep,5.014783,-10.81381
168,Eri Lep,5.014072,-11.68874
168,Eri Lep,5.013358,-12.56368
168,Eri Lep,5.012638,-13.43862
168,Eri Lep,5.011913,-14.31356
168,Eri Lep,4.970282,-14.30625
168,Eri Lep,4.928652,-14.29897
168,Eri Lep,4.927838,-15.27967
168,Eri Lep,4.927016,-16.26037
168,Eri Lep,4.926187,-17.24107
168,Eri Lep,4.925348,-18.22176
168,Eri Lep,4.9245,-19.20246
168,Eri Lep,4.923641,-20.18315
168,Eri Lep,4.922772,-21.16385
168,Eri Lep,4.921891,-22.14454
168,Eri Lep,4.920998,-23.12523
168,Eri Lep,4.920092,-24.10592
168,Eri Lep,4.919172,-25.08661
168,Eri Lep,4.918236,-26.0673
168,Eri Lep,4.917285,-27.04798
169,Eri Hor,4.338427,-39.70073
169,Eri Hor,4.258791,-39.68767
169,Eri Hor,4.179169,-39.67474
169,Eri Hor,4.099562,-39.66195
169,Eri Hor,4.01997,-39.64931
169,Eri Hor,3.940392,-39.63683
169,Eri Hor,3.939206,-40.63674
169,Eri Hor,3.937985,-41.63664
169,Eri Hor,3.936725,-42.63655
169,Eri Hor,3.935424,-43.63644
169,Eri Hor,3.845989,-43.6226
169,Eri Hor,3.756575,-43.60897
169,Eri Hor,3.667181,-43.59556
169,Eri Hor,3.577806,-43.58237
169,Eri Hor,3.488451,-43.56941
169,Eri Hor,3.487213,-44.56932
169,Eri Hor,3.485933,-45.56923
169,Eri Hor,3.403256,-45.55745
169,Eri Hor,3.320597,-45.54588
169,Eri Hor,3.237954,-45.53452
169,Eri Hor,3.155328,-45.52339
169,Eri Hor,3.072717,-45.51248
169,Eri Hor,3.071513,-46.51241
169,Eri Hor,3.070264,-47.51232
169,Eri Hor,3.068967,-48.51224
169,Eri Hor,2.986455,-48.50157
169,Eri Hor,2.90396,-48.49114
169,Eri Hor,2.821482,-48.48096
169,Eri Hor,2.73902,-48.47101
169,Eri Hor,2.737792,-49.47094
169,Eri Hor,2.736512,-50.47086
169,Eri Hor,2.65413,-50.46118
169,Eri Hor,2.571763,-50.45175
169,Eri Hor,2.489413,-50.44257
169,Eri Hor,2.488184,-51.44251
169,Eri Hor,2.4869,-52.44244
169,Eri Hor,2.485556,-53.44236
169,Eri Hor,2.403335,-53.43346
169,Eri Hor,2.32113,-53.42483
169,Eri Hor,2.238942,-53.41647
169,Eri Hor,2.237791,-54.31642
169,Eri Hor,2.236588,-55.21636
169,Eri Hor,2.23533,-56.11629
169,Eri Hor,2.234011,-57.01623
169,Eri Hor,2.232628,-57.91616
170,Eri Hyi,2.232628,-57.91616
170,Eri Hyi,2.115548,-57.90472
170,Eri Hyi,1.998503,-57.89386
170,Eri Hyi,1.881493,-57.88357
170,Eri Hyi,1.764514,-57.87388
170,Eri Hyi,1.647565,-57.86478
170,Eri Hyi,1.530643,-57.85629
170,Eri Hyi,1.413748,-57.84842
171,Eri Phe,1.413748,-57.84842
171,Eri Phe,1.414736,-56.84845
171,Eri Phe,1.415673,-55.84848
171,Eri Phe,1.416563,-54.84851
171,Eri Phe,1.417409,-53.84854
171,Eri Phe,1.418217,-52.84856
171,Eri Phe,1.500297,-52.85403
171,Eri Phe,1.582388,-52.8598
171,Eri Phe,1.66449,-52.86586
171,Eri Phe,1.665392,-51.8659
171,Eri Phe,1.666256,-50.86593
171,Eri Phe,1.748453,-50.8723
171,Eri Phe,1.830662,-50.87897
171,Eri Phe,1.912883,-50.88593
171,Eri Phe,1.913673,-50.05263
171,Eri Phe,1.914436,-49.21933
171,Eri Phe,1.915173,-48.38603
171,Eri Phe,1.915887,-47.55273
171,Eri Phe,1.998242,-47.55999
171,Eri Phe,2.080608,-47.56753
171,Eri Phe,2.162986,-47.57536
171,Eri Phe,2.245377,-47.58347
171,Eri Phe,2.32778,-47.59185
171,Eri Phe,2.410196,-47.6005
171,Eri Phe,2.411125,-46.69314
171,Eri Phe,2.412024,-45.78578
171,Eri Phe,2.412894,-44.87842
171,Eri Phe,2.413737,-43.97106
171,Eri Phe,2.414555,-43.06369
171,Eri Phe,2.415348,-42.15633
171,Eri Phe,2.41612,-41.24896
171,Eri Phe,2.41687,-40.34159
171,Eri Phe,2.4176,-39.43422
172,Eri For,2.4176,-39.43422
172,Eri For,2.500255,-39.44317
172,Eri For,2.58292,-39.45238
172,Eri For,2.665596,-39.46184
172,Eri For,2.748283,-39.47156
172,Eri For,2.830982,-39.48153
172,Eri For,2.913692,-39.49175
172,Eri For,2.996415,-39.50221
172,Eri For,3.07915,-39.5129
172,Eri For,3.079554,-39.09626
172,Eri For,3.16231,-39.10719
172,Eri For,3.245078,-39.11834
172,Eri For,3.32786,-39.12971
172,Eri For,3.410654,-39.1413
172,Eri For,3.493463,-39.1531
172,Eri For,3.576285,-39.1651
172,Eri For,3.57724,-38.26934
172,Eri For,3.578173,-37.37357
172,Eri For,3.579083,-36.47781
172,Eri For,3.579973,-35.58204
172,Eri For,3.642144,-35.59118
172,Eri For,3.704322,-35.60043
172,Eri For,3.766507,-35.60978
172,Eri For,3.8287,-35.61925
172,Eri For,3.829684,-34.65126
172,Eri For,3.830645,-33.68328
172,Eri For,3.831585,-32.7153
172,Eri For,3.832504,-31.74731
172,Eri For,3.833405,-30.77933
172,Eri For,3.834287,-29.81134
172,Eri For,3.835153,-28.84335
172,Eri For,3.836003,-27.87536
172,Eri For,3.836837,-26.90736
172,Eri For,3.837658,-25.93937
172,Eri For,3.838465,-24.97138
172,Eri For,3.839259,-24.00338
172,Eri For,3.770721,-23.99296
172,Eri For,3.702188,-23.98267
172,Eri For,3.63366,-23.97251
172,Eri For,3.565137,-23.96248
172,Eri For,3.49662,-23.95258
172,Eri For,3.428108,-23.94283
172,Eri For,3.359601,-23.93321
172,Eri For,3.291099,-23.92375
172,Eri For,3.222601,-23.91443
172,Eri For,3.154109,-23.90526
172,Eri For,3.085621,-23.89625
172,Eri For,3.017138,-23.8874
172,Eri For,2.948659,-23.8787
172,Eri For,2.880185,-23.87017
172,Eri For,2.811715,-23.86181
172,Eri For,2.74325,-23.85361
173,Eri Tau,3.389111,-1.30296
173,Eri Tau,3.449096,-1.31139
173,Eri Tau,3.509081,-1.31993
173,Eri Tau,3.569066,-1.32858
173,Eri Tau,3.629052,-1.33734
173,Eri Tau,3.689037,-1.34619
173,Eri Tau,3.689615,-0.47124
173,Eri Tau,3.690192,0.40372
174,For Phe,2.4176,-39.43422
174,For Phe,2.334957,-39.42555
174,For Phe,2.252324,-39.41714
174,For Phe,2.1697,-39.40901
174,For Phe,2.087086,-39.40116
174,For Phe,2.00448,-39.3936
174,For Phe,1.921883,-39.38632
174,For Phe,1.839295,-39.37933
174,For Phe,1.756714,-39.37263
175,For Scl,1.756714,-39.37263
175,For Scl,1.757277,-38.40599
175,For Scl,1.757824,-37.43934
175,For Scl,1.758358,-36.4727
175,For Scl,1.758879,-35.50605
175,For Scl,1.759387,-34.5394
175,For Scl,1.759883,-33.57276
175,For Scl,1.760369,-32.60611
175,For Scl,1.760844,-31.63946
175,For Scl,1.761309,-30.67281
175,For Scl,1.761765,-29.70616
175,For Scl,1.762213,-28.73952
175,For Scl,1.762652,-27.77287
175,For Scl,1.763083,-26.80622
175,For Scl,1.763507,-25.83957
175,For Scl,1.763925,-24.87292
176,Gem Ori,6.42485,11.9333
176,Gem Ori,6.425624,12.84989
176,Gem Ori,6.426405,13.76649
176,Gem Ori,6.427192,14.68308
176,Gem Ori,6.427985,15.59968
176,Gem Ori,6.428785,16.51627
176,Gem Ori,6.429593,17.43287
176,Gem Ori,6.383783,17.44118
176,Gem Ori,6.33797,17.44951
176,Gem Ori,6.338863,18.44943
176,Gem Ori,6.339766,19.44934
176,Gem Ori,6.34068,20.44926
176,Gem Ori,6.341607,21.44918
176,Gem Ori,6.274965,21.4613
176,Gem Ori,6.208318,21.47343
176,Gem Ori,6.141665,21.48558
176,Gem Ori,6.075006,21.49772
176,Gem Ori,6.008342,21.50987
176,Gem Ori,6.008969,22.17648
176,Gem Ori,6.009601,22.84309
177,Gem Tau,6.009601,22.84309
177,Gem Tau,6.010428,23.70412
177,Gem Tau,6.011265,24.56516
177,Gem Tau,6.012114,25.42619
177,Gem Tau,6.012975,26.28723
177,Gem Tau,6.013849,27.14826
177,Gem Tau,6.014737,28.00929
178,Gem Lyn,7.504046,35.24453
178,Gem Lyn,7.580457,35.23161
178,Gem Lyn,7.656855,35.2188
178,Gem Lyn,7.733241,35.2061
178,Gem Lyn,7.809616,35.19352
178,Gem Lyn,7.885979,35.18106
178,Gem Lyn,7.884912,34.18114
178,Gem Lyn,7.883871,33.18123
178,Gem Lyn,7.946133,33.17117
178,Gem Lyn,8.008389,33.16119
178,Gem Lyn,8.070638,33.15131
178,Gem Lyn,8.13288,33.14152
179,Gem Mon,7.114524,9.80978
179,Gem Mon,7.047896,9.82149
179,Gem Mon,7.048705,10.82142
179,Gem Mon,7.04952,11.82135
179,Gem Mon,6.987064,11.83237
179,Gem Mon,6.924606,11.84345
179,Gem Mon,6.862145,11.85456
179,Gem Mon,6.799682,11.86572
179,Gem Mon,6.737216,11.87691
179,Gem Mon,6.674748,11.88813
179,Gem Mon,6.612277,11.89939
179,Gem Mon,6.549804,11.91067
179,Gem Mon,6.487328,11.92197
179,Gem Mon,6.42485,11.9333
180,Gru PsA,21.461868,-36.4593
180,Gru PsA,21.544608,-36.4499
180,Gru PsA,21.627339,-36.44076
180,Gru PsA,21.71006,-36.43188
180,Gru PsA,21.792771,-36.42328
180,Gru PsA,21.875474,-36.41494
180,Gru PsA,21.958169,-36.40688
180,Gru PsA,22.040855,-36.39911
180,Gru PsA,22.123533,-36.39161
180,Gru PsA,22.206204,-36.38441
180,Gru PsA,22.288867,-36.37749
180,Gru PsA,22.371523,-36.37087
180,Gru PsA,22.454173,-36.36455
180,Gru PsA,22.536816,-36.35852
180,Gru PsA,22.619453,-36.3528
180,Gru PsA,22.702084,-36.34739
180,Gru PsA,22.78471,-36.34228
180,Gru PsA,22.867331,-36.33749
180,Gru PsA,22.949947,-36.333
180,Gru PsA,23.032558,-36.32883
180,Gru PsA,23.115166,-36.32498
181,Gru Scl,23.115166,-36.32498
181,Gru Scl,23.197768,-36.32145
181,Gru Scl,23.280367,-36.31824
181,Gru Scl,23.362963,-36.31535
181,Gru Scl,23.445556,-36.31278
181,Gru Scl,23.445758,-37.31277
181,Gru Scl,23.445966,-38.31277
181,Gru Scl,23.446179,-39.31277
182,Gru Phe,23.446179,-39.31277
182,Gru Phe,23.446398,-40.31277
182,Gru Phe,23.446624,-41.31276
182,Gru Phe,23.446857,-42.31276
182,Gru Phe,23.447098,-43.31276
182,Gru Phe,23.447347,-44.31275
182,Gru Phe,23.447604,-45.31275
182,Gru Phe,23.447871,-46.31274
182,Gru Phe,23.448147,-47.31274
182,Gru Phe,23.448434,-48.31274
182,Gru Phe,23.448733,-49.31273
182,Gru Phe,23.449044,-50.31273
182,Gru Phe,23.449368,-51.31272
182,Gru Phe,23.449707,-52.31272
182,Gru Phe,23.450062,-53.31271
182,Gru Phe,23.450433,-54.31271
182,Gru Phe,23.450823,-55.3127
182,Gru Phe,23.451233,-56.31269
183,Gru Tuc,23.451233,-56.31269
183,Gru Tuc,23.332207,-56.3165
183,Gru Tuc,23.213167,-56.32098
183,Gru Tuc,23.094113,-56.32614
183,Gru Tuc,22.975043,-56.33196
183,Gru Tuc,22.855953,-56.33844
183,Gru Tuc,22.736843,-56.34558
183,Gru Tuc,22.617711,-56.35337
183,Gru Tuc,22.498553,-56.3618
183,Gru Tuc,22.379369,-56.37086
183,Gru Tuc,22.260156,-56.38054
183,Gru Tuc,22.140913,-56.39084
184,Gru Ind,22.140913,-56.39084
184,Gru Ind,22.139656,-55.3909
184,Gru Ind,22.138461,-54.39095
184,Gru Ind,22.137323,-53.391
184,Gru Ind,22.136238,-52.39105
184,Gru Ind,22.1352,-51.39109
184,Gru Ind,22.134207,-50.39114
184,Gru Ind,22.133255,-49.39118
184,Gru Ind,22.039198,-49.39973
184,Gru Ind,21.945125,-49.40865
184,Gru Ind,21.851034,-49.41793
184,Gru Ind,21.756926,-49.42757
184,Gru Ind,21.6628,-49.43756
184,Gru Ind,21.568654,-49.4479
184,Gru Ind,21.474489,-49.45858
184,Gru Ind,21.473418,-48.55864
184,Gru Ind,21.472384,-47.6587
184,Gru Ind,21.471386,-46.75876
184,Gru Ind,21.47042,-45.85881
184,Gru Ind,21.469486,-44.95887
185,Gru Mic,21.469486,-44.95887
185,Gru Mic,21.468536,-44.01448
185,Gru Mic,21.467615,-43.07008
185,Gru Mic,21.466723,-42.12569
185,Gru Mic,21.465857,-41.1813
185,Gru Mic,21.465016,-40.2369
185,Gru Mic,21.464197,-39.2925
185,Gru Mic,21.463401,-38.3481
185,Gru Mic,21.462625,-37.4037
185,Gru Mic,21.461868,-36.4593
186,Her Ser,16.370572,3.70338
186,Her Ser,16.309484,3.69335
186,Her Ser,16.248397,3.68339
186,Her Ser,16.18731,3.67352
186,Her Ser,16.186591,4.67346
186,Her Ser,16.18587,5.6734
186,Her Ser,16.185146,6.67334
186,Her Ser,16.184419,7.67328
186,Her Ser,16.183689,8.67323
186,Her Ser,16.182955,9.67317
186,Her Ser,16.182216,10.67311
186,Her Ser,16.181473,11.67305
186,Her Ser,16.180724,12.67299
186,Her Ser,16.179969,13.67293
186,Her Ser,16.179208,14.67287
186,Her Ser,16.17844,15.6728
186,Her Ser,16.122981,15.66391
186,Her Ser,16.067525,15.65509
186,Her Ser,16.012071,15.64634
186,Her Ser,16.011314,16.64628
186,Her Ser,16.010549,17.64622
186,Her Ser,16.009776,18.64616
186,Her Ser,16.008994,19.6461
186,Her Ser,16.008202,20.64603
186,Her Ser,16.007399,21.64597
186,Her Ser,16.065583,21.65515
186,Her Ser,16.12377,21.66442
186,Her Ser,16.122942,22.66435
186,Her Ser,16.122102,23.66428
186,Her Ser,16.121248,24.66421
186,Her Ser,16.120381,25.66415
187,Her Lyr,18.289491,47.5476
187,Her Lyr,18.231123,47.53699
187,Her Lyr,18.232816,46.56492
187,Her Lyr,18.23445,45.59285
187,Her Lyr,18.236028,44.62077
187,Her Lyr,18.237554,43.64868
187,Her Lyr,18.239032,42.6766
187,Her Lyr,18.240464,41.7045
187,Her Lyr,18.241853,40.73241
187,Her Lyr,18.243202,39.76031
187,Her Lyr,18.244514,38.78821
187,Her Lyr,18.245791,37.8161
187,Her Lyr,18.247034,36.84399
187,Her Lyr,18.248246,35.87188
187,Her Lyr,18.249428,34.89976
187,Her Lyr,18.250583,33.92765
187,Her Lyr,18.251712,32.95553
187,Her Lyr,18.252817,31.9834
187,Her Lyr,18.253898,31.01128
187,Her Lyr,18.254957,30.03916
187,Her Lyr,18.31887,30.05078
187,Her Lyr,18.38279,30.06238
187,Her Lyr,18.446718,30.07397
187,Her Lyr,18.447782,29.07407
187,Her Lyr,18.448826,28.07417
187,Her Lyr,18.449851,27.07426
187,Her Lyr,18.450857,26.07435
187,Her Lyr,18.522329,26.08728
187,Her Lyr,18.593808,26.10018
187,Her Lyr,18.665295,26.11305
187,Her Lyr,18.73679,26.12588
187,Her Lyr,18.808293,26.13867
187,Her Lyr,18.879804,26.15141
187,Her Lyr,18.951323,26.16409
187,Her Lyr,18.951809,25.66414
188,Her Vul,18.951809,25.66414
188,Her Vul,18.952658,24.78088
188,Her Vul,18.953495,23.89762
188,Her Vul,18.95432,23.01436
188,Her Vul,18.955135,22.1311
188,Her Vul,18.95594,21.24783
189,Her Sge,18.95594,21.24783
189,Her Sge,18.956715,20.38679
189,Her Sge,18.957482,19.52575
189,Her Sge,18.95824,18.66471
190,Her Oph,18.759202,12.12877
190,Her Oph,18.70029,12.11821
190,Her Oph,18.641381,12.10762
190,Her Oph,18.582475,12.097
190,Her Oph,18.523571,12.08636
190,Her Oph,18.464669,12.0757
190,Her Oph,18.405769,12.06502
190,Her Oph,18.346872,12.05433
190,Her Oph,18.346214,12.83205
190,Her Oph,18.345551,13.60976
190,Her Oph,18.344884,14.38748
190,Her Oph,18.278208,14.37536
190,Her Oph,18.211536,14.36322
190,Her Oph,18.144868,14.35108
190,Her Oph,18.078203,14.33894
190,Her Oph,18.011541,14.32679
190,Her Oph,17.944884,14.31464
190,Her Oph,17.87823,14.3025
190,Her Oph,17.811579,14.29037
190,Her Oph,17.744932,14.27825
190,Her Oph,17.678289,14.26615
190,Her Oph,17.611649,14.25407
190,Her Oph,17.545013,14.24202
190,Her Oph,17.47838,14.22999
190,Her Oph,17.411751,14.218
190,Her Oph,17.345125,14.20604
190,Her Oph,17.345759,13.45609
190,Her Oph,17.346388,12.70615
190,Her Oph,17.283926,12.69497
190,Her Oph,17.221466,12.68383
190,Her Oph,17.159009,12.67273
190,Her Oph,17.096555,12.66168
190,Her Oph,17.034103,12.65066
190,Her Oph,16.971654,12.6397
190,Her Oph,16.909207,12.62879
190,Her Oph,16.846763,12.61794
190,Her Oph,16.847554,11.63653
190,Her Oph,16.84834,10.65511
190,Her Oph,16.849121,9.6737
190,Her Oph,16.849897,8.69229
190,Her Oph,16.850669,7.71087
190,Her Oph,16.851437,6.72946
190,Her Oph,16.852202,5.74804
190,Her Oph,16.852965,4.76663
190,Her Oph,16.853725,3.78521
190,Her Oph,16.793329,3.77477
190,Her Oph,16.732933,3.76438
190,Her Oph,16.672538,3.75405
190,Her Oph,16.612144,3.74379
190,Her Oph,16.55175,3.73358
190,Her Oph,16.491357,3.72345
190,Her Oph,16.430964,3.71338
190,Her Oph,16.370572,3.70338
191,Hor Ret,3.887919,-52.79685
191,Hor Ret,3.777793,-52.77993
191,Hor Ret,3.667709,-52.76333
191,Hor Ret,3.557666,-52.74708
191,Hor Ret,3.556099,-53.61363
191,Hor Ret,3.554466,-54.48018
191,Hor Ret,3.552763,-55.34672
191,Hor Ret,3.550983,-56.21326
191,Hor Ret,3.549121,-57.07979
191,Hor Ret,3.450291,-57.06549
191,Hor Ret,3.351498,-57.05148
191,Hor Ret,3.252741,-57.03779
191,Hor Ret,3.250626,-58.03764
191,Hor Ret,3.248388,-59.03749
191,Hor Ret,3.246017,-60.03733
191,Hor Ret,3.243497,-61.03715
191,Hor Ret,3.240813,-62.03697
191,Hor Ret,3.237947,-63.03677
191,Hor Ret,3.234877,-64.03656
191,Hor Ret,3.231579,-65.03634
191,Hor Ret,3.228024,-66.03609
191,Hor Ret,3.224179,-67.03583
192,Hor Hyi,3.224179,-67.03583
192,Hor Hyi,3.055379,-67.01314
192,Hor Hyi,2.88673,-66.99144
192,Hor Hyi,2.718224,-66.97075
192,Hor Hyi,2.549854,-66.95112
192,Hor Hyi,2.381612,-66.9326
192,Hor Hyi,2.21349,-66.9152
192,Hor Hyi,2.216269,-65.91534
192,Hor Hyi,2.218839,-64.91547
192,Hor Hyi,2.221224,-63.91559
192,Hor Hyi,2.223446,-62.9157
192,Hor Hyi,2.22552,-61.9158
192,Hor Hyi,2.227463,-60.9159
192,Hor Hyi,2.229288,-59.91599
192,Hor Hyi,2.231006,-58.91608
192,Hor Hyi,2.232628,-57.91616
193,Hya Leo,9.360283,6.47007
193,Hya Leo,9.426873,6.46228
193,Hya Leo,9.493463,6.45465
193,Hya Leo,9.560052,6.44719
193,Hya Leo,9.62664,6.4399
193,Hya Leo,9.693227,6.43277
194,Hya Sex,9.693227,6.43277
194,Hya Sex,9.692752,5.4328
194,Hya Sex,9.692279,4.43282
194,Hya Sex,9.691807,3.43285
194,Hya Sex,9.691336,2.43287
194,Hya Sex,9.690866,1.4329
194,Hya Sex,9.690396,0.43292
194,Hya Sex,9.689926,-0.56705
194,Hya Sex,9.689456,-1.56703
194,Hya Sex,9.688986,-2.567
194,Hya Sex,9.688514,-3.56698
194,Hya Sex,9.688042,-4.56695
194,Hya Sex,9.687569,-5.56693
194,Hya Sex,9.687094,-6.5669
194,Hya Sex,9.686617,-7.56688
194,Hya Sex,9.686138,-8.56685
194,Hya Sex,9.685656,-9.56683
194,Hya Sex,9.685171,-10.5668
194,Hya Sex,9.684684,-11.56678
194,Hya Sex,9.749626,-11.57356
194,Hya Sex,9.81457,-11.58017
194,Hya Sex,9.879515,-11.58662
194,Hya Sex,9.944462,-11.5929
194,Hya Sex,10.009411,-11.59901
194,Hya Sex,10.074361,-11.60495
194,Hya Sex,10.139312,-11.61071
194,Hya Sex,10.204265,-11.6163
194,Hya Sex,10.269219,-11.6217
194,Hya Sex,10.334174,-11.62693
194,Hya Sex,10.399131,-11.63198
194,Hya Sex,10.464089,-11.63685
194,Hya Sex,10.529048,-11.64153
194,Hya Sex,10.594008,-11.64602
194,Hya Sex,10.65897,-11.65034
194,Hya Sex,10.723932,-11.65446
194,Hya Sex,10.788896,-11.65839
194,Hya Sex,10.85386,-11.66214
195,Hya Vir,12.944457,-22.67733
195,Hya Vir,13.015634,-22.67423
195,Hya Vir,13.08681,-22.6709
195,Hya Vir,13.157983,-22.66733
195,Hya Vir,13.229155,-22.66354
195,Hya Vir,13.300325,-22.65951
195,Hya Vir,13.371492,-22.65526
195,Hya Vir,13.442657,-22.65078
195,Hya Vir,13.51382,-22.64608
195,Hya Vir,13.58498,-22.64115
195,Hya Vir,13.656137,-22.636
195,Hya Vir,13.727292,-22.63063
195,Hya Vir,13.798444,-22.62504
195,Hya Vir,13.869592,-22.61924
195,Hya Vir,13.940738,-22.61323
195,Hya Vir,14.01188,-22.607
195,Hya Vir,14.083019,-22.60056
195,Hya Vir,14.154154,-22.59392
195,Hya Vir,14.225286,-22.58707
195,Hya Vir,14.296414,-22.58002
195,Hya Vir,14.367538,-22.57277
196,Hya Lib,14.367538,-22.57277
196,Hya Lib,14.36799,-23.40608
196,Hya Lib,14.368447,-24.23939
196,Hya Lib,14.368911,-25.0727
196,Hya Lib,14.435882,-25.06569
196,Hya Lib,14.50285,-25.05851
196,Hya Lib,14.569813,-25.05115
196,Hya Lib,14.636772,-25.04363
196,Hya Lib,14.703728,-25.03595
196,Hya Lib,14.770678,-25.02809
196,Hya Lib,14.837625,-25.02008
196,Hya Lib,14.904566,-25.01191
196,Hya Lib,14.971503,-25.00358
196,Hya Lib,15.038436,-24.9951
196,Hya Lib,15.039133,-25.99506
196,Hya Lib,15.039843,-26.99501
196,Hya Lib,15.040565,-27.99497
196,Hya Lib,15.041301,-28.99492
196,Hya Lib,15.042051,-29.99487
197,Hya Pyx,9.460288,-24.54251
197,Hya Pyx,9.389154,-24.53431
197,Hya Pyx,9.318026,-24.52593
197,Hya Pyx,9.246902,-24.51737
197,Hya Pyx,9.175784,-24.50863
197,Hya Pyx,9.176445,-23.50867
197,Hya Pyx,9.177097,-22.50871
197,Hya Pyx,9.177739,-21.50875
197,Hya Pyx,9.178372,-20.50879
197,Hya Pyx,9.178997,-19.50882
197,Hya Pyx,9.116307,-19.50097
197,Hya Pyx,9.05362,-19.49299
197,Hya Pyx,8.990936,-19.48487
197,Hya Pyx,8.928255,-19.47662
197,Hya Pyx,8.865578,-19.46824
197,Hya Pyx,8.802904,-19.45974
197,Hya Pyx,8.740234,-19.45111
197,Hya Pyx,8.677566,-19.44237
197,Hya Pyx,8.678265,-18.44242
197,Hya Pyx,8.678955,-17.44247
197,Hya Pyx,8.624664,-17.43479
197,Hya Pyx,8.570375,-17.42703
197,Hya Pyx,8.516089,-17.41918
197,Hya Pyx,8.461805,-17.41125
198,Hya Pup,8.461805,-17.41125
198,Hya Pup,8.462518,-16.41131
198,Hya Pup,8.463224,-15.41136
198,Hya Pup,8.463923,-14.41141
198,Hya Pup,8.464615,-13.41146
198,Hya Pup,8.465303,-12.41151
198,Hya Pup,8.465984,-11.41156
198,Hya Pup,8.409239,-11.40318
198,Hya Pup,8.352496,-11.39471
198,Hya Pup,8.295755,-11.38616
198,Hya Pup,8.239015,-11.37752
198,Hya Pup,8.182277,-11.36879
199,Hya Mon,8.182277,-11.36879
199,Hya Mon,8.182989,-10.36885
199,Hya Mon,8.183696,-9.3689
199,Hya Mon,8.184399,-8.36896
199,Hya Mon,8.185099,-7.36901
199,Hya Mon,8.185795,-6.36907
199,Hya Mon,8.186489,-5.36912
199,Hya Mon,8.187181,-4.36917
199,Hya Mon,8.18787,-3.36923
199,Hya Mon,8.188558,-2.36928
199,Hya Mon,8.189246,-1.36933
199,Hya Mon,8.189932,-0.36939
200,Hyi Men,4.572101,-69.74672
200,Hyi Men,4.565454,-70.74615
200,Hyi Men,4.558107,-71.74552
200,Hyi Men,4.54994,-72.74483
200,Hyi Men,4.540801,-73.74405
200,Hyi Men,4.530499,-74.74317
200,Hyi Men,4.317837,-74.70723
200,Hyi Men,4.105644,-74.67225
200,Hyi Men,3.893906,-74.63834
200,Hyi Men,3.682604,-74.6056
200,Hyi Men,3.471719,-74.57413
200,Hyi Men,3.462572,-75.51096
200,Hyi Men,3.452188,-76.4477
200,Hyi Men,3.440294,-77.38433
200,Hyi Men,3.426525,-78.32083
200,Hyi Men,3.410391,-79.25715
200,Hyi Men,3.391217,-80.19325
200,Hyi Men,3.36804,-81.12905
200,Hyi Men,3.339445,-82.06446
201,Hyi Oct,3.339445,-82.06446
201,Hyi Oct,2.869733,-81.99922
201,Hyi Oct,2.40333,-81.94223
201,Hyi Oct,1.93971,-81.89429
201,Hyi Oct,1.478333,-81.85605
201,Hyi Oct,1.018658,-81.82802
201,Hyi Oct,0.560138,-81.81058
201,Hyi Oct,0.102225,-81.80397
201,Hyi Oct,0.102694,-80.86647
201,Hyi Oct,0.103076,-79.92897
201,Hyi Oct,0.103393,-78.99147
201,Hyi Oct,0.103662,-78.05397
201,Hyi Oct,0.103891,-77.11647
201,Hyi Oct,0.10409,-76.17897
201,Hyi Oct,0.104265,-75.24147
201,Hyi Oct,0.104419,-74.30397
202,Hyi Tuc,0.104419,-74.30397
202,Hyi Tuc,0.343604,-74.306
202,Hyi Tuc,0.582838,-74.31088
202,Hyi Tuc,0.822162,-74.31858
202,Hyi Tuc,0.819693,-75.31854
202,Hyi Tuc,1.005332,-75.32644
202,Hyi Tuc,1.191073,-75.33601
202,Hyi Tuc,1.376936,-75.34723
202,Hyi Tuc,1.38104,-74.37514
202,Hyi Tuc,1.384675,-73.40304
202,Hyi Tuc,1.387918,-72.43092
202,Hyi Tuc,1.390831,-71.45879
202,Hyi Tuc,1.393463,-70.48665
202,Hyi Tuc,1.395855,-69.51451
202,Hyi Tuc,1.398039,-68.54236
202,Hyi Tuc,1.400042,-67.5702
202,Hyi Tuc,1.401887,-66.59804
202,Hyi Tuc,1.403593,-65.62587
202,Hyi Tuc,1.405176,-64.6537
202,Hyi Tuc,1.406649,-63.68152
202,Hyi Tuc,1.408025,-62.70935
202,Hyi Tuc,1.409312,-61.73717
202,Hyi Tuc,1.410521,-60.76498
202,Hyi Tuc,1.411659,-59.7928
202,Hyi Tuc,1.412733,-58.82061
202,Hyi Tuc,1.413748,-57.84842
203,Hyi Ret,3.224179,-67.03583
203,Hyi Ret,3.393818,-67.05955
203,Hyi Ret,3.563622,-67.08417
203,Hyi Ret,3.733598,-67.10963
203,Hyi Ret,3.903752,-67.1359
203,Hyi Ret,4.074091,-67.16292
203,Hyi Ret,4.244619,-67.19063
203,Hyi Ret,4.415343,-67.21899
203,Hyi Ret,4.586268,-67.24793
204,Ind Pav,21.545646,-74.45448
204,Ind Pav,21.53894,-73.45486
204,Ind Pav,21.532977,-72.45521
204,Ind Pav,21.527638,-71.45552
204,Ind Pav,21.522827,-70.45579
204,Ind Pav,21.518467,-69.45604
204,Ind Pav,21.514495,-68.45627
204,Ind Pav,21.510859,-67.45648
204,Ind Pav,21.507516,-66.45667
204,Ind Pav,21.504431,-65.45685
204,Ind Pav,21.501573,-64.45702
204,Ind Pav,21.498917,-63.45717
204,Ind Pav,21.49644,-62.45731
204,Ind Pav,21.494123,-61.45745
204,Ind Pav,21.49195,-60.45757
204,Ind Pav,21.489907,-59.45769
204,Ind Pav,21.366907,-59.47214
204,Ind Pav,21.243853,-59.48715
204,Ind Pav,21.120746,-59.5027
204,Ind Pav,20.997581,-59.51878
204,Ind Pav,20.874358,-59.53538
204,Ind Pav,20.751075,-59.55247
204,Ind Pav,20.62773,-59.57003
204,Ind Pav,20.50432,-59.58806
204,Ind Pav,20.50183,-58.58824
204,Ind Pav,20.499479,-57.58842
204,Ind Pav,20.497253,-56.58858
205,Ind Tel,20.497253,-56.58858
205,Ind Tel,20.495228,-55.6304
205,Ind Tel,20.4933,-54.67221
205,Ind Tel,20.49146,-53.71401
205,Ind Tel,20.489703,-52.75581
205,Ind Tel,20.488021,-51.7976
205,Ind Tel,20.486409,-50.83938
205,Ind Tel,20.484862,-49.88116
205,Ind Tel,20.483375,-48.92294
205,Ind Tel,20.481945,-47.96471
205,Ind Tel,20.480566,-47.00648
205,Ind Tel,20.479236,-46.04825
205,Ind Tel,20.477951,-45.09001
206,Ind Mic,20.477951,-45.09001
206,Ind Mic,20.568186,-45.07678
206,Ind Mic,20.658401,-45.0638
206,Ind Mic,20.748596,-45.05107
206,Ind Mic,20.838771,-45.03858
206,Ind Mic,20.928927,-45.02636
206,Ind Mic,21.019064,-45.01441
206,Ind Mic,21.109183,-45.00272
206,Ind Mic,21.199284,-44.99132
206,Ind Mic,21.289368,-44.98021
206,Ind Mic,21.379435,-44.96939
206,Ind Mic,21.469486,-44.95887
207,Ind Tuc,22.140913,-56.39084
207,Ind Tuc,22.142176,-57.34533
207,Ind Tuc,22.143506,-58.29982
207,Ind Tuc,22.14491,-59.2543
207,Ind Tuc,22.146395,-60.20878
207,Ind Tuc,22.147968,-61.16325
207,Ind Tuc,22.14964,-62.11772
207,Ind Tuc,22.151421,-63.07219
207,Ind Tuc,22.153323,-64.02665
207,Ind Tuc,22.155359,-64.98111
207,Ind Tuc,22.157546,-65.93555
207,Ind Tuc,22.159903,-66.89
207,Ind Tuc,22.322338,-66.87612
207,Ind Tuc,22.484687,-66.86341
207,Ind Tuc,22.646959,-66.85188
207,Ind Tuc,22.80916,-66.84155
207,Ind Tuc,22.9713,-66.83244
207,Ind Tuc,23.133385,-66.82458
207,Ind Tuc,23.295424,-66.81796
207,Ind Tuc,23.457424,-66.8126
207,Ind Tuc,23.458239,-67.75009
207,Ind Tuc,23.459121,-68.68758
207,Ind Tuc,23.46008,-69.62507
207,Ind Tuc,23.461128,-70.56255
207,Ind Tuc,23.462277,-71.50003
207,Ind Tuc,23.463545,-72.43752
207,Ind Tuc,23.464951,-73.375
207,Ind Tuc,23.46652,-74.31247
208,Ind Oct,23.46652,-74.31247
208,Ind Oct,23.22717,-74.32085
208,Ind Oct,22.98768,-74.33202
208,Ind Oct,22.748013,-74.34593
208,Ind Oct,22.508128,-74.36253
208,Ind Oct,22.267987,-74.38177
208,Ind Oct,22.027551,-74.40356
208,Ind Oct,21.786783,-74.42783
208,Ind Oct,21.545646,-74.45448
209,Lac Peg,22.964353,35.16823
209,Lac Peg,22.913946,35.16561
209,Lac Peg,22.913769,35.6656
209,Lac Peg,22.838915,35.6615
209,Lac Peg,22.764065,35.65714
209,Lac Peg,22.689219,35.65254
209,Lac Peg,22.614378,35.64769
209,Lac Peg,22.539542,35.64259
209,Lac Peg,22.46471,35.63724
209,Lac Peg,22.389884,35.63165
209,Lac Peg,22.315064,35.62583
209,Lac Peg,22.240249,35.61976
209,Lac Peg,22.16544,35.61346
209,Lac Peg,22.090637,35.60693
209,Lac Peg,22.090031,36.6069
209,Lac Peg,22.027047,36.60122
209,Lac Peg,21.964068,36.59537
210,Leo Sex,10.856646,-0.66221
210,Leo Sex,10.856896,0.33778
210,Leo Sex,10.857146,1.33777
210,Leo Sex,10.857396,2.33777
210,Leo Sex,10.857646,3.33776
210,Leo Sex,10.857897,4.33775
210,Leo Sex,10.858148,5.33774
210,Leo Sex,10.8584,6.33774
210,Leo Sex,10.793673,6.34147
210,Leo Sex,10.728945,6.34539
210,Leo Sex,10.664217,6.34949
210,Leo Sex,10.599489,6.35379
210,Leo Sex,10.53476,6.35827
210,Leo Sex,10.47003,6.36294
210,Leo Sex,10.4053,6.36778
210,Leo Sex,10.340569,6.37281
210,Leo Sex,10.275838,6.37802
210,Leo Sex,10.211106,6.38341
210,Leo Sex,10.146374,6.38898
210,Leo Sex,10.08164,6.39472
210,Leo Sex,10.016907,6.40064
210,Leo Sex,9.952172,6.40673
210,Leo Sex,9.887437,6.41299
210,Leo Sex,9.822701,6.41942
210,Leo Sex,9.757964,6.42601
210,Leo Sex,9.693227,6.43277
211,Leo UMa,11.112932,28.32503
211,Leo UMa,11.184689,28.32195
211,Leo UMa,11.256445,28.3191
211,Leo UMa,11.328199,28.31649
211,Leo UMa,11.399951,28.31413
211,Leo UMa,11.471701,28.31201
211,Leo UMa,11.543451,28.31014
211,Leo UMa,11.615199,28.30851
211,Leo UMa,11.686946,28.30713
211,Leo UMa,11.758692,28.30599
211,Leo UMa,11.830438,28.3051
211,Leo UMa,11.902183,28.30445
211,Leo UMa,11.973928,28.30406
212,Leo Vir,11.973635,13.30406
212,Leo Vir,11.973617,12.30406
212,Leo Vir,11.973599,11.30406
212,Leo Vir,11.973582,10.30406
212,Leo Vir,11.915381,10.30436
212,Leo Vir,11.857181,10.30482
212,Leo Vir,11.798981,10.30545
212,Leo Vir,11.74078,10.30624
212,Leo Vir,11.682579,10.30719
212,Leo Vir,11.624379,10.3083
212,Leo Vir,11.624285,9.3083
212,Leo Vir,11.624192,8.3083
212,Leo Vir,11.624099,7.3083
212,Leo Vir,11.624007,6.3083
212,Leo Vir,11.623915,5.3083
212,Leo Vir,11.623823,4.30831
212,Leo Vir,11.623732,3.30831
212,Leo Vir,11.623641,2.30831
212,Leo Vir,11.62355,1.30831
212,Leo Vir,11.623459,0.30831
212,Leo Vir,11.623368,-0.69169
212,Leo Vir,11.623277,-1.69169
212,Leo Vir,11.623185,-2.69169
212,Leo Vir,11.623094,-3.69169
212,Leo Vir,11.623003,-4.69169
212,Leo Vir,11.622911,-5.69169
212,Leo Vir,11.622819,-6.69168
213,Leo Sex,10.855141,-6.66217
213,Leo Sex,10.855394,-5.66218
213,Leo Sex,10.855645,-4.66219
213,Leo Sex,10.855896,-3.66219
213,Leo Sex,10.856147,-2.6622
213,Leo Sex,10.856397,-1.66221
213,Leo Sex,10.856646,-0.66221
214,LMi Lyn,9.376397,32.96912
214,LMi Lyn,9.377071,33.86194
214,LMi Lyn,9.377759,34.75476
214,LMi Lyn,9.378461,35.64757
214,LMi Lyn,9.37918,36.54039
214,LMi Lyn,9.379915,37.4332
214,LMi Lyn,9.380668,38.32601
214,LMi Lyn,9.38144,39.21882
214,LMi Lyn,9.464129,39.20917
214,LMi Lyn,9.546806,39.19978
214,LMi Lyn,9.629473,39.19064
214,LMi Lyn,9.71213,39.18177
214,LMi Lyn,9.712722,39.93174
214,LMi Lyn,9.713328,40.68171
214,LMi Lyn,9.713948,41.43168
215,LMi UMa,9.713948,41.43168
215,LMi UMa,9.796539,41.42308
215,LMi UMa,9.87912,41.41476
215,LMi UMa,9.961691,41.40671
215,LMi UMa,10.044252,41.39895
215,LMi UMa,10.126804,41.39147
215,LMi UMa,10.209346,41.38427
215,LMi UMa,10.29188,41.37737
215,LMi UMa,10.291244,40.37739
215,LMi UMa,10.290626,39.37742
215,LMi UMa,10.367011,39.37129
215,LMi UMa,10.44339,39.36542
215,LMi UMa,10.519763,39.3598
215,LMi UMa,10.596129,39.35444
215,LMi UMa,10.672491,39.34934
215,LMi UMa,10.748847,39.3445
215,LMi UMa,10.825198,39.33993
215,LMi UMa,10.901544,39.33562
215,LMi UMa,10.901144,38.33563
215,LMi UMa,10.900754,37.33565
215,LMi UMa,10.900375,36.33566
215,LMi UMa,10.900006,35.33567
215,LMi UMa,10.899645,34.33568
215,LMi UMa,10.899293,33.33569
215,LMi UMa,10.970958,33.33189
215,LMi UMa,11.042621,33.32833
215,LMi UMa,11.114281,33.325
215,LMi UMa,11.113999,32.32501
215,LMi UMa,11.113724,31.32502
215,LMi UMa,11.113455,30.32502
215,LMi UMa,11.113191,29.32503
215,LMi UMa,11.112932,28.32503
216,LMi Leo,11.112932,28.32503
216,LMi Leo,11.112709,27.45004
216,LMi Leo,11.11249,26.57504
216,LMi Leo,11.112275,25.70005
216,LMi Leo,11.112062,24.82505
216,LMi Leo,11.049907,24.82792
216,LMi Leo,10.98775,24.83097
216,LMi Leo,10.925591,24.83419
216,LMi Leo,10.863431,24.8376
216,LMi Leo,10.863131,23.8376
216,LMi Leo,10.862835,22.83761
216,LMi Leo,10.800643,22.84119
216,LMi Leo,10.738449,22.84495
216,LMi Leo,10.676254,22.84888
216,LMi Leo,10.614057,22.85299
216,LMi Leo,10.614413,23.85297
216,LMi Leo,10.614773,24.85296
216,LMi Leo,10.61514,25.85295
216,LMi Leo,10.615513,26.85294
216,LMi Leo,10.615893,27.85292
216,LMi Leo,10.547786,27.85762
216,LMi Leo,10.479677,27.86251
216,LMi Leo,10.411565,27.86762
216,LMi Leo,10.34345,27.87292
216,LMi Leo,10.275331,27.87842
216,LMi Leo,10.207209,27.88413
216,LMi Leo,10.139084,27.89003
216,LMi Leo,10.070954,27.89613
216,LMi Leo,10.002821,27.90242
216,LMi Leo,10.003359,28.90239
216,LMi Leo,10.003908,29.90236
216,LMi Leo,10.004468,30.90234
216,LMi Leo,10.00504,31.90231
216,LMi Leo,10.005624,32.90228
216,LMi Leo,9.926996,32.90978
216,LMi Leo,9.84836,32.91753
216,LMi Leo,9.769718,32.92553
216,LMi Leo,9.691069,32.93377
216,LMi Leo,9.612413,32.94225
216,LMi Leo,9.533749,32.95098
216,LMi Leo,9.455077,32.95993
216,LMi Leo,9.376397,32.96912
217,Lep Ori,5.181334,-10.84323
217,Lep Ori,5.243798,-10.85435
217,Lep Ori,5.306264,-10.8655
217,Lep Ori,5.368732,-10.87669
217,Lep Ori,5.431203,-10.88791
217,Lep Ori,5.493676,-10.89917
217,Lep Ori,5.556151,-10.91045
217,Lep Ori,5.618628,-10.92175
217,Lep Ori,5.681108,-10.93308
217,Lep Ori,5.743591,-10.94442
217,Lep Ori,5.806075,-10.95578
217,Lep Ori,5.868562,-10.96715
217,Lep Ori,5.931052,-10.97853
218,Lep Mon,5.931052,-10.97853
218,Lep Mon,5.987712,-10.98886
218,Lep Mon,6.044375,-10.99918
218,Lep Mon,6.101039,-11.00951
218,Lep Mon,6.157706,-11.01983
218,Lep Mon,6.214374,-11.03015
219,Lib Ser,15.1902,-0.47428
219,Lib Ser,15.190681,-1.28675
219,Lib Ser,15.191164,-2.09922
219,Lib Ser,15.191646,-2.91169
219,Lib Ser,15.192129,-3.72415
219,Lib Ser,15.256262,-3.71553
219,Lib Ser,15.320394,-3.70678
219,Lib Ser,15.384525,-3.6979
219,Lib Ser,15.448655,-3.68889
219,Lib Ser,15.512785,-3.67976
219,Lib Ser,15.576914,-3.67051
219,Lib Ser,15.641042,-3.66114
219,Lib Ser,15.705169,-3.65165
219,Lib Ser,15.769296,-3.64206
219,Lib Ser,15.833422,-3.63235
219,Lib Ser,15.897547,-3.62253
219,Lib Ser,15.961671,-3.61261
219,Lib Ser,16.025795,-3.60258
220,Lib Oph,16.025795,-3.60258
220,Lib Oph,16.026461,-4.55253
220,Lib Oph,16.02713,-5.50248
220,Lib Oph,16.0278,-6.45243
220,Lib Oph,16.028474,-7.40237
220,Lib Oph,16.02915,-8.35232
221,Lib Sco,16.02915,-8.35232
221,Lib Sco,16.029865,-9.35226
221,Lib Sco,16.030584,-10.35221
221,Lib Sco,16.031308,-11.35215
221,Lib Sco,16.032037,-12.35209
221,Lib Sco,16.032772,-13.35204
221,Lib Sco,16.033512,-14.35198
221,Lib Sco,16.03426,-15.35192
221,Lib Sco,16.035014,-16.35186
221,Lib Sco,16.035776,-17.3518
221,Lib Sco,16.036547,-18.35174
221,Lib Sco,16.037327,-19.35168
221,Lib Sco,16.038116,-20.35162
221,Lib Sco,15.975477,-20.36141
221,Lib Sco,15.912834,-20.37111
221,Lib Sco,15.850186,-20.3807
221,Lib Sco,15.787535,-20.3902
221,Lib Sco,15.788264,-21.34014
221,Lib Sco,15.789002,-22.29009
221,Lib Sco,15.789751,-23.24003
221,Lib Sco,15.79051,-24.18997
221,Lib Sco,15.791281,-25.13992
221,Lib Sco,15.792063,-26.08986
221,Lib Sco,15.792859,-27.0398
221,Lib Sco,15.793668,-27.98974
221,Lib Sco,15.794491,-28.93967
221,Lib Sco,15.79533,-29.88961
222,Lib Lup,15.79533,-29.88961
222,Lib Lup,15.720039,-29.90088
222,Lib Lup,15.64474,-29.912
222,Lib Lup,15.569432,-29.92296
222,Lib Lup,15.494116,-29.93376
222,Lib Lup,15.418792,-29.94438
222,Lib Lup,15.343459,-29.95484
222,Lib Lup,15.268119,-29.96512
222,Lib Lup,15.19277,-29.97522
222,Lib Lup,15.117414,-29.98514
222,Lib Lup,15.042051,-29.99487
223,Lib Vir,14.367538,-22.57277
223,Lib Vir,14.367003,-21.5728
223,Lib Vir,14.366476,-20.57282
223,Lib Vir,14.365955,-19.57285
223,Lib Vir,14.365441,-18.57288
223,Lib Vir,14.364932,-17.5729
223,Lib Vir,14.36443,-16.57293
223,Lib Vir,14.363932,-15.57295
223,Lib Vir,14.36344,-14.57298
223,Lib Vir,14.362951,-13.57301
223,Lib Vir,14.362467,-12.57303
223,Lib Vir,14.361987,-11.57306
223,Lib Vir,14.36151,-10.57308
223,Lib Vir,14.361036,-9.5731
223,Lib Vir,14.360565,-8.57313
223,Lib Vir,14.420174,-8.5669
223,Lib Vir,14.479782,-8.56053
223,Lib Vir,14.539389,-8.55403
223,Lib Vir,14.598995,-8.54739
223,Lib Vir,14.6586,-8.54062
223,Lib Vir,14.718203,-8.53371
223,Lib Vir,14.777806,-8.52668
223,Lib Vir,14.777266,-7.52671
223,Lib Vir,14.776729,-6.52674
223,Lib Vir,14.776194,-5.52677
223,Lib Vir,14.77566,-4.52681
223,Lib Vir,14.775129,-3.52684
223,Lib Vir,14.774598,-2.52687
223,Lib Vir,14.774068,-1.5269
223,Lib Vir,14.773539,-0.52693
223,Lib Vir,14.833062,-0.51978
223,Lib Vir,14.892585,-0.5125
223,Lib Vir,14.952108,-0.5051
223,Lib Vir,15.011631,-0.49758
223,Lib Vir,15.071154,-0.48993
223,Lib Vir,15.130677,-0.48217
223,Lib Vir,15.1902,-0.47428
224,Lup Sco,15.79533,-29.88961
224,Lup Sco,15.862247,-29.87947
224,Lup Sco,15.929157,-29.8692
224,Lup Sco,15.99606,-29.85883
224,Lup Sco,16.062956,-29.84835
224,Lup Sco,16.129845,-29.83776
224,Lup Sco,16.130758,-30.79922
224,Lup Sco,16.131688,-31.76069
224,Lup Sco,16.132639,-32.72215
224,Lup Sco,16.13361,-33.68361
224,Lup Sco,16.134603,-34.64507
224,Lup Sco,16.135619,-35.60653
224,Lup Sco,16.13666,-36.56799
224,Lup Sco,16.137727,-37.52944
224,Lup Sco,16.138822,-38.49089
224,Lup Sco,16.139947,-39.45234
224,Lup Sco,16.141103,-40.41379
224,Lup Sco,16.142293,-41.37523
224,Lup Sco,16.143519,-42.33667
225,Lup Nor,16.143519,-42.33667
225,Lup Nor,16.059741,-42.34992
225,Lup Nor,15.975946,-42.363
225,Lup Nor,15.892133,-42.3759
225,Lup Nor,15.808303,-42.38863
225,Lup Nor,15.809551,-43.38854
225,Lup Nor,15.810841,-44.38844
225,Lup Nor,15.812176,-45.38834
225,Lup Nor,15.813558,-46.38824
225,Lup Nor,15.814993,-47.38813
225,Lup Nor,15.816483,-48.38802
225,Lup Nor,15.732513,-48.40058
225,Lup Nor,15.648523,-48.41295
225,Lup Nor,15.564512,-48.42513
225,Lup Nor,15.480481,-48.4371
225,Lup Nor,15.481936,-49.437
225,Lup Nor,15.483451,-50.43689
225,Lup Nor,15.485032,-51.43678
225,Lup Nor,15.486683,-52.43666
225,Lup Nor,15.488411,-53.43654
225,Lup Nor,15.490223,-54.43641
225,Lup Nor,15.394773,-54.44976
225,Lup Nor,15.299291,-54.46282
225,Lup Nor,15.203779,-54.47561
225,Lup Nor,15.205565,-55.47549
226,Lyn UMa,8.141939,59.6434
226,Lyn UMa,8.253189,59.62605
226,Lyn UMa,8.364383,59.60902
226,Lyn UMa,8.475521,59.59233
226,Lyn UMa,8.586607,59.57599
226,Lyn UMa,8.584159,58.57617
226,Lyn UMa,8.581846,57.57634
226,Lyn UMa,8.579658,56.5765
226,Lyn UMa,8.577582,55.57665
226,Lyn UMa,8.575609,54.57679
226,Lyn UMa,8.573731,53.57693
226,Lyn UMa,8.57194,52.57706
226,Lyn UMa,8.570228,51.57718
226,Lyn UMa,8.56859,50.5773
226,Lyn UMa,8.56702,49.57742
226,Lyn UMa,8.565514,48.57752
226,Lyn UMa,8.564065,47.57763
226,Lyn UMa,8.562671,46.57773
226,Lyn UMa,8.655668,46.56433
226,Lyn UMa,8.748643,46.55119
226,Lyn UMa,8.841595,46.53832
226,Lyn UMa,8.934526,46.52573
226,Lyn UMa,9.027436,46.51343
226,Lyn UMa,9.120326,46.50141
226,Lyn UMa,9.213196,46.48969
226,Lyn UMa,9.306046,46.47828
226,Lyn UMa,9.30493,45.47835
226,Lyn UMa,9.303853,44.47842
226,Lyn UMa,9.302813,43.47848
226,Lyn UMa,9.301806,42.47854
226,Lyn UMa,9.300831,41.4786
226,Lyn UMa,9.383478,41.4687
226,Lyn UMa,9.466113,41.45906
226,Lyn UMa,9.548736,41.44967
226,Lyn UMa,9.631348,41.44054
226,Lyn UMa,9.713948,41.43168
227,Lyr Vul,19.342174,27.73241
227,Lyr Vul,19.343139,26.73249
227,Lyr Vul,19.344087,25.73257
227,Lyr Vul,19.278691,25.72131
227,Lyr Vul,19.213302,25.70999
227,Lyr Vul,19.147919,25.69861
227,Lyr Vul,19.082543,25.68717
227,Lyr Vul,19.017173,25.67568
227,Lyr Vul,18.951809,25.66414
228,Men Oct,7.267985,-85.26145
228,Men Oct,6.551289,-85.13823
228,Men Oct,5.853086,-85.01195
228,Men Oct,5.172143,-84.88684
228,Men Oct,4.506828,-84.76679
228,Men Oct,3.85528,-84.65529
228,Men Oct,3.215531,-84.55539
228,Men Oct,3.267718,-83.72588
228,Men Oct,3.307754,-82.89548
228,Men Oct,3.339445,-82.06446
229,Men Vol,6.563628,-70.10413
229,Men Vol,6.556382,-71.10348
229,Men Vol,6.548357,-72.10276
229,Men Vol,6.539416,-73.10195
229,Men Vol,6.529386,-74.10105
229,Men Vol,6.518048,-75.10003
229,Men Vol,6.736182,-75.13907
229,Men Vol,6.954879,-75.1777
229,Men Vol,7.174137,-75.2158
229,Men Vol,7.393951,-75.25325
229,Men Vol,7.614314,-75.28992
230,Men Oct,7.443477,-82.77589
230,Men Oct,7.400089,-83.60565
230,Men Oct,7.343832,-84.43436
230,Men Oct,7.267985,-85.26145
231,Mic PsA,21.455439,-27.45967
231,Mic PsA,21.456095,-28.45964
231,Mic PsA,21.456764,-29.4596
231,Mic PsA,21.457446,-30.45956
231,Mic PsA,21.458142,-31.45952
231,Mic PsA,21.458853,-32.45948
231,Mic PsA,21.459581,-33.45944
231,Mic PsA,21.460325,-34.45939
231,Mic PsA,21.461087,-35.45935
231,Mic PsA,21.461868,-36.4593
232,Mic Sgr,20.477951,-45.09001
232,Mic Sgr,20.476691,-44.11788
232,Mic Sgr,20.475472,-43.14575
232,Mic Sgr,20.474291,-42.17361
232,Mic Sgr,20.473146,-41.20147
232,Mic Sgr,20.472034,-40.22933
232,Mic Sgr,20.470954,-39.25719
232,Mic Sgr,20.469903,-38.28505
232,Mic Sgr,20.46888,-37.3129
232,Mic Sgr,20.467883,-36.34075
232,Mic Sgr,20.466911,-35.3686
232,Mic Sgr,20.465962,-34.39645
232,Mic Sgr,20.465034,-33.4243
232,Mic Sgr,20.464128,-32.45214
232,Mic Sgr,20.46324,-31.47998
232,Mic Sgr,20.462371,-30.50783
232,Mic Sgr,20.461519,-29.53567
232,Mic Sgr,20.460683,-28.56351
232,Mic Sgr,20.459863,-27.59134
233,Mon Ori,6.348377,-0.05371
233,Mon Ori,6.349185,0.94622
233,Mon Ori,6.349993,1.94614
233,Mon Ori,6.350802,2.94607
233,Mon Ori,6.351612,3.946
233,Mon Ori,6.352425,4.94592
233,Mon Ori,6.35324,5.94585
233,Mon Ori,6.354058,6.94577
233,Mon Ori,6.354879,7.9457
233,Mon Ori,6.355704,8.94562
233,Mon Ori,6.356534,9.94555
233,Mon Ori,6.423177,9.93345
233,Mon Ori,6.42401,10.93337
233,Mon Ori,6.42485,11.9333
234,Mon Pup,8.182277,-11.36879
234,Mon Pup,8.117048,-11.35867
234,Mon Pup,8.051821,-11.34843
234,Mon Pup,7.986597,-11.3381
234,Mon Pup,7.921375,-11.32766
234,Mon Pup,7.856156,-11.31714
234,Mon Pup,7.790939,-11.30652
234,Mon Pup,7.725724,-11.29581
234,Mon Pup,7.660513,-11.28501
234,Mon Pup,7.595303,-11.27413
234,Mon Pup,7.530096,-11.26318
234,Mon Pup,7.464892,-11.25214
235,Mon Ori,5.931052,-10.97853
235,Mon Ori,5.931889,-9.97861
235,Mon Ori,5.932721,-8.97868
235,Mon Ori,5.933549,-7.97876
235,Mon Ori,5.934372,-6.97883
235,Mon Ori,5.935192,-5.97891
235,Mon Ori,5.936009,-4.97898
235,Mon Ori,5.936824,-3.97906
235,Mon Ori,5.995153,-3.98969
235,Mon Ori,6.053482,-4.00032
235,Mon Ori,6.111813,-4.01095
235,Mon Ori,6.170144,-4.02157
235,Mon Ori,6.228476,-4.0322
235,Mon Ori,6.286808,-4.04281
235,Mon Ori,6.345142,-4.05342
235,Mon Ori,6.345953,-3.05349
235,Mon Ori,6.346762,-2.05356
235,Mon Ori,6.34757,-1.05364
235,Mon Ori,6.348377,-0.05371
236,Nor Sco,16.143519,-42.33667
236,Nor Sco,16.228116,-42.32313
236,Nor Sco,16.312695,-42.30943
236,Nor Sco,16.397255,-42.29559
236,Nor Sco,16.481796,-42.2816
236,Nor Sco,16.566318,-42.26747
236,Nor Sco,16.567527,-43.14237
236,Nor Sco,16.568771,-44.01727
236,Nor Sco,16.570053,-44.89216
236,Nor Sco,16.571374,-45.76705
237,Nor TrA,16.602312,-60.26445
237,Nor TrA,16.480496,-60.28477
237,Nor TrA,16.358604,-60.3048
237,Nor TrA,16.236637,-60.32454
237,Nor TrA,16.114596,-60.34395
237,Nor TrA,15.992483,-60.36302
237,Nor TrA,15.870297,-60.38173
237,Nor TrA,15.748041,-60.40005
237,Nor TrA,15.625715,-60.41798
237,Nor TrA,15.503322,-60.43549
238,Oct Pav,18.279667,-74.97452
238,Oct Pav,18.534986,-74.928
238,Oct Pav,18.789545,-74.88188
238,Oct Pav,19.043357,-74.83635
238,Oct Pav,19.296442,-74.79161
238,Oct Pav,19.548819,-74.74786
238,Oct Pav,19.800513,-74.70529
238,Oct Pav,20.05155,-74.66407
238,Oct Pav,20.301956,-74.62439
238,Oct Pav,20.551762,-74.58641
238,Oct Pav,20.801,-74.55028
238,Oct Pav,21.049703,-74.51615
238,Oct Pav,21.297906,-74.48418
238,Oct Pav,21.545646,-74.45448
239,Oct Tuc,23.46652,-74.31247
239,Oct Tuc,23.679193,-74.30739
239,Oct Tuc,23.891817,-74.30455
239,Oct Tuc,0.104419,-74.30397
240,Oph Ser,16.373508,-0.29637
240,Oph Ser,16.372775,0.70357
240,Oph Ser,16.372042,1.70351
240,Oph Ser,16.371308,2.70345
240,Oph Ser,16.370572,3.70338
241,Oph Ser,18.763903,6.37919
241,Oph Ser,18.705005,6.36863
241,Oph Ser,18.646107,6.35804
241,Oph Ser,18.587211,6.34743
241,Oph Ser,18.528317,6.33679
241,Oph Ser,18.469423,6.32613
241,Oph Ser,18.410531,6.31545
241,Oph Ser,18.35164,6.30476
241,Oph Ser,18.352354,5.42983
241,Oph Ser,18.353066,4.55489
241,Oph Ser,18.4114,4.56548
241,Oph Ser,18.469734,4.57606
241,Oph Ser,18.52807,4.58662
241,Oph Ser,18.528676,3.83667
241,Oph Ser,18.529281,3.08673
241,Oph Ser,18.470947,3.07617
241,Oph Ser,18.412615,3.06559
241,Oph Ser,18.354282,3.055
241,Oph Ser,18.355091,2.05508
241,Oph Ser,18.355899,1.05515
241,Oph Ser,18.356707,0.05522
241,Oph Ser,18.297187,0.0444
241,Oph Ser,18.237667,0.03357
241,Oph Ser,18.178147,0.02274
241,Oph Ser,18.118627,0.01189
241,Oph Ser,18.059107,0.00104
241,Oph Ser,17.999587,-0.0098
241,Oph Ser,17.940067,-0.02065
241,Oph Ser,17.940877,-1.02057
241,Oph Ser,17.941687,-2.0205
241,Oph Ser,17.942498,-3.02043
241,Oph Ser,17.943311,-4.02035
241,Oph Ser,18.009977,-4.0082
241,Oph Ser,18.076642,-3.99606
241,Oph Ser,18.077457,-4.99598
241,Oph Ser,18.078275,-5.99591
241,Oph Ser,18.079095,-6.99583
241,Oph Ser,18.079919,-7.99576
241,Oph Ser,18.080747,-8.99568
241,Oph Ser,18.08158,-9.99561
241,Oph Ser,18.021584,-10.00654
241,Oph Ser,17.961587,-10.01747
241,Oph Ser,17.901587,-10.0284
241,Oph Ser,17.841585,-10.03932
241,Oph Ser,17.781581,-10.05023
241,Oph Ser,17.782278,-10.88351
241,Oph Ser,17.782978,-11.71678
241,Oph Ser,17.741303,-11.72435
241,Oph Ser,17.699627,-11.73191
241,Oph Ser,17.698928,-10.89864
241,Oph Ser,17.698233,-10.06537
241,Oph Ser,17.638701,-10.07616
241,Oph Ser,17.579168,-10.08694
241,Oph Ser,17.519633,-10.09769
241,Oph Ser,17.460095,-10.10842
241,Oph Ser,17.400556,-10.11912
241,Oph Ser,17.341014,-10.12979
241,Oph Ser,17.281471,-10.14044
241,Oph Ser,17.282292,-11.14036
241,Oph Ser,17.283119,-12.14029
241,Oph Ser,17.283952,-13.14022
241,Oph Ser,17.284792,-14.14014
241,Oph Ser,17.285639,-15.14006
241,Oph Ser,17.286494,-16.13999
241,Oph Ser,17.348436,-16.12892
241,Oph Ser,17.410374,-16.11781
241,Oph Ser,17.472308,-16.10667
241,Oph Ser,17.534239,-16.09551
241,Oph Ser,17.596166,-16.08432
241,Oph Ser,17.65809,-16.07311
241,Oph Ser,17.72001,-16.06188
242,Oph Sgr,17.72001,-16.06188
242,Oph Sgr,17.720888,-17.0618
242,Oph Sgr,17.721776,-18.06172
242,Oph Sgr,17.722673,-19.06164
242,Oph Sgr,17.723582,-20.06156
242,Oph Sgr,17.724502,-21.06147
242,Oph Sgr,17.725434,-22.06139
242,Oph Sgr,17.72638,-23.0613
242,Oph Sgr,17.72734,-24.06122
242,Oph Sgr,17.728315,-25.06113
242,Oph Sgr,17.729307,-26.06104
242,Oph Sgr,17.730315,-27.06095
242,Oph Sgr,17.731341,-28.06085
242,Oph Sgr,17.732387,-29.06076
242,Oph Sgr,17.733453,-30.06066
243,Oph Sco,17.733453,-30.06066
243,Oph Sco,17.662579,-30.07351
243,Oph Sco,17.591695,-30.08634
243,Oph Sco,17.520802,-30.09914
243,Oph Sco,17.4499,-30.11191
243,Oph Sco,17.378989,-30.12463
243,Oph Sco,17.308068,-30.13732
243,Oph Sco,17.237139,-30.14996
243,Oph Sco,17.1662,-30.16255
243,Oph Sco,17.095252,-30.17508
243,Oph Sco,17.024296,-30.18755
243,Oph Sco,16.95333,-30.19996
243,Oph Sco,16.882355,-30.21231
243,Oph Sco,16.881432,-29.30961
243,Oph Sco,16.880525,-28.40691
243,Oph Sco,16.879633,-27.50421
243,Oph Sco,16.878756,-26.6015
243,Oph Sco,16.877893,-25.6988
243,Oph Sco,16.877043,-24.7961
243,Oph Sco,16.80788,-24.80805
243,Oph Sco,16.73871,-24.81993
243,Oph Sco,16.669534,-24.83174
243,Oph Sco,16.600351,-24.84346
243,Oph Sco,16.531162,-24.8551
243,Oph Sco,16.461965,-24.86666
243,Oph Sco,16.392763,-24.87812
243,Oph Sco,16.391977,-23.98929
243,Oph Sco,16.391202,-23.10047
243,Oph Sco,16.390437,-22.21164
243,Oph Sco,16.389682,-21.32282
243,Oph Sco,16.388935,-20.43399
243,Oph Sco,16.388198,-19.54516
243,Oph Sco,16.442456,-19.53619
243,Oph Sco,16.496711,-19.52715
243,Oph Sco,16.49588,-18.52722
243,Oph Sco,16.44163,-18.53625
243,Oph Sco,16.387377,-18.54523
243,Oph Sco,16.386622,-17.61347
243,Oph Sco,16.385874,-16.68172
243,Oph Sco,16.385133,-15.74996
243,Oph Sco,16.384399,-14.8182
243,Oph Sco,16.383672,-13.88644
243,Oph Sco,16.38295,-12.95469
243,Oph Sco,16.382234,-12.02293
243,Oph Sco,16.381522,-11.09117
243,Oph Sco,16.380815,-10.15941
243,Oph Sco,16.380112,-9.22765
243,Oph Sco,16.379413,-8.29589
243,Oph Sco,16.32104,-8.30548
243,Oph Sco,16.262665,-8.315
243,Oph Sco,16.204288,-8.32444
243,Oph Sco,16.14591,-8.33381
243,Oph Sco,16.087531,-8.34311
243,Oph Sco,16.02915,-8.35232
244,Oph Ser,16.025795,-3.60258
244,Oph Ser,16.084146,-3.59338
244,Oph Ser,16.142497,-3.58409
244,Oph Ser,16.200847,-3.57472
244,Oph Ser,16.259196,-3.56528
244,Oph Ser,16.317545,-3.55576
244,Oph Ser,16.375893,-3.54618
244,Oph Ser,16.375295,-2.73373
244,Oph Ser,16.374699,-1.92128
244,Oph Ser,16.374103,-1.10882
244,Oph Ser,16.373508,-0.29637
245,Ori Tau,4.723489,0.2375
245,Ori Tau,4.724227,1.20619
245,Ori Tau,4.724965,2.17487
245,Ori Tau,4.725704,3.14356
245,Ori Tau,4.726445,4.11225
245,Ori Tau,4.727187,5.08093
245,Ori Tau,4.727932,6.04962
245,Ori Tau,4.728679,7.0183
245,Ori Tau,4.729429,7.98699
245,Ori Tau,4.730183,8.95568
245,Ori Tau,4.730941,9.92436
245,Ori Tau,4.731704,10.89305
245,Ori Tau,4.732471,11.86173
245,Ori Tau,4.733244,12.83041
245,Ori Tau,4.734023,13.7991
245,Ori Tau,4.734808,14.76778
245,Ori Tau,4.735601,15.73646
245,Ori Tau,4.793996,15.72643
245,Ori Tau,4.852388,15.71635
245,Ori Tau,4.910777,15.70621
245,Ori Tau,4.969163,15.69603
245,Ori Tau,5.027547,15.6858
245,Ori Tau,5.085927,15.67553
245,Ori Tau,5.086351,16.1755
245,Ori Tau,5.147508,16.16469
245,Ori Tau,5.208663,16.15385
245,Ori Tau,5.269814,16.14296
245,Ori Tau,5.330961,16.13204
245,Ori Tau,5.392105,16.12109
245,Ori Tau,5.453246,16.1101
245,Ori Tau,5.452814,15.61014
245,Ori Tau,5.51951,15.59813
245,Ori Tau,5.586202,15.58608
245,Ori Tau,5.652891,15.57401
245,Ori Tau,5.719575,15.56192
245,Ori Tau,5.71871,14.562
245,Ori Tau,5.717852,13.56208
245,Ori Tau,5.717002,12.56215
245,Ori Tau,5.772567,12.55206
245,Ori Tau,5.82813,12.54196
245,Ori Tau,5.88369,12.53185
245,Ori Tau,5.884471,13.44845
245,Ori Tau,5.885258,14.36504
245,Ori Tau,5.886052,15.28164
245,Ori Tau,5.886852,16.19823
245,Ori Tau,5.88766,17.11482
245,Ori Tau,5.888476,18.03141
245,Ori Tau,5.821798,18.04355
245,Ori Tau,5.822667,19.01013
245,Ori Tau,5.823546,19.97672
245,Ori Tau,5.824436,20.94331
245,Ori Tau,5.825338,21.90989
245,Ori Tau,5.826252,22.87647
245,Ori Tau,5.887373,22.86535
245,Ori Tau,5.94849,22.85422
245,Ori Tau,6.009601,22.84309
246,Pav Tel,18.178149,-56.98377
246,Pav Tel,18.294702,-56.96253
246,Pav Tel,18.41119,-56.94134
246,Pav Tel,18.527611,-56.92021
246,Pav Tel,18.643967,-56.89915
246,Pav Tel,18.760257,-56.8782
246,Pav Tel,18.876483,-56.85736
246,Pav Tel,18.992645,-56.83667
246,Pav Tel,19.108743,-56.81613
246,Pav Tel,19.224778,-56.79577
246,Pav Tel,19.340752,-56.7756
246,Pav Tel,19.456663,-56.75564
246,Pav Tel,19.572514,-56.73592
246,Pav Tel,19.688306,-56.71645
246,Pav Tel,19.804038,-56.69724
246,Pav Tel,19.919713,-56.67832
246,Pav Tel,20.03533,-56.6597
246,Pav Tel,20.150892,-56.6414
246,Pav Tel,20.266399,-56.62344
246,Pav Tel,20.381852,-56.60583
246,Pav Tel,20.497253,-56.58858
247,Peg Vul,21.145251,20.00463
247,Peg Vul,21.212128,20.01294
247,Peg Vul,21.279008,20.02109
247,Peg Vul,21.345893,20.02907
247,Peg Vul,21.345293,21.02904
247,Peg Vul,21.344686,22.029
247,Peg Vul,21.34407,23.02897
247,Peg Vul,21.343445,24.02893
247,Peg Vul,21.399227,24.03547
247,Peg Vul,21.455013,24.04189
247,Peg Vul,21.510801,24.0482
247,Peg Vul,21.510259,24.94817
247,Peg Vul,21.50971,25.84814
247,Peg Vul,21.509152,26.74811
247,Peg Vul,21.508586,27.64808
247,Peg Vul,21.50801,28.54805
248,Peg Psc,0.249327,21.69518
248,Peg Psc,0.249282,20.75074
248,Peg Psc,0.249238,19.8063
248,Peg Psc,0.249194,18.86185
248,Peg Psc,0.24915,17.91741
248,Peg Psc,0.249108,16.97296
248,Peg Psc,0.249065,16.02852
248,Peg Psc,0.249023,15.08407
248,Peg Psc,0.248981,14.13963
248,Peg Psc,0.24894,13.19519
248,Peg Psc,0.201586,13.19557
248,Peg Psc,0.154231,13.19585
248,Peg Psc,0.106877,13.19603
248,Peg Psc,0.106867,12.36269
248,Peg Psc,0.106857,11.52936
248,Peg Psc,0.106848,10.69603
248,Peg Psc,0.051167,10.6961
248,Peg Psc,23.995487,10.69602
248,Peg Psc,23.939807,10.69579
248,Peg Psc,23.939828,9.86246
248,Peg Psc,23.939849,9.02912
248,Peg Psc,23.939869,8.19579
248,Peg Psc,23.876037,8.19535
248,Peg Psc,23.812205,8.19471
248,Peg Psc,23.748373,8.19388
248,Peg Psc,23.684542,8.19286
248,Peg Psc,23.62071,8.19164
248,Peg Psc,23.556879,8.19023
248,Peg Psc,23.493048,8.18863
248,Peg Psc,23.429218,8.18684
248,Peg Psc,23.365387,8.18485
248,Peg Psc,23.301557,8.18268
248,Peg Psc,23.237728,8.18031
248,Peg Psc,23.173899,8.17776
248,Peg Psc,23.11007,8.17501
248,Peg Psc,23.046242,8.17208
248,Peg Psc,22.982414,8.16896
248,Peg Psc,22.918587,8.16565
248,Peg Psc,22.85476,8.16216
248,Peg Psc,22.854993,7.2455
248,Peg Psc,22.855226,6.32884
248,Peg Psc,22.855457,5.41218
248,Peg Psc,22.855687,4.49552
248,Peg Psc,22.855917,3.57886
248,Peg Psc,22.856147,2.6622
249,Per Tri,2.841891,31.18649
249,Per Tri,2.842508,32.01979
249,Per Tri,2.843136,32.85308
249,Per Tri,2.843777,33.68638
249,Per Tri,2.84443,34.51967
249,Per Tri,2.768964,34.52869
249,Per Tri,2.693491,34.53751
249,Per Tri,2.694192,35.45413
249,Per Tri,2.694908,36.37076
249,Per Tri,2.695642,37.28738
249,Per Tri,2.645288,37.29315
250,Per Tau,4.632461,30.92187
250,Per Tau,4.556707,30.93465
250,Per Tau,4.480942,30.94732
250,Per Tau,4.405167,30.95988
250,Per Tau,4.329381,30.97233
250,Per Tau,4.253586,30.98466
250,Per Tau,4.177782,30.99687
250,Per Tau,4.101967,31.00894
250,Per Tau,4.026143,31.02089
250,Per Tau,3.950309,31.03269
250,Per Tau,3.874465,31.04435
250,Per Tau,3.798612,31.05587
250,Per Tau,3.72275,31.06723
250,Per Tau,3.646879,31.07843
250,Per Tau,3.570999,31.08948
250,Per Tau,3.49511,31.10035
251,Phe Scl,23.446179,-39.31277
251,Phe Scl,23.531742,-39.31045
251,Phe Scl,23.617303,-39.30848
251,Phe Scl,23.702862,-39.30686
251,Phe Scl,23.788418,-39.30559
251,Phe Scl,23.873974,-39.30468
251,Phe Scl,23.959529,-39.30412
251,Phe Scl,0.045083,-39.30391
251,Phe Scl,0.130637,-39.30405
251,Phe Scl,0.216192,-39.30454
251,Phe Scl,0.301747,-39.30539
251,Phe Scl,0.387304,-39.30659
251,Phe Scl,0.472862,-39.30814
251,Phe Scl,0.558422,-39.31004
251,Phe Scl,0.643985,-39.31229
251,Phe Scl,0.729551,-39.31489
251,Phe Scl,0.81512,-39.31784
251,Phe Scl,0.900693,-39.32113
251,Phe Scl,0.986269,-39.32477
251,Phe Scl,1.071851,-39.32875
251,Phe Scl,1.157437,-39.33307
251,Phe Scl,1.243029,-39.33772
251,Phe Scl,1.328626,-39.34272
251,Phe Scl,1.41423,-39.34804
251,Phe Scl,1.49984,-39.3537
251,Phe Scl,1.585457,-39.35969
251,Phe Scl,1.671082,-39.366
251,Phe Scl,1.756714,-39.37263
252,Phe Tuc,1.413748,-57.84842
252,Phe Tuc,1.291034,-57.84082
252,Phe Tuc,1.168345,-57.83392
252,Phe Tuc,1.045677,-57.82771
252,Phe Tuc,0.923028,-57.82222
252,Phe Tuc,0.800397,-57.81743
252,Phe Tuc,0.67778,-57.81337
252,Phe Tuc,0.555176,-57.81002
252,Phe Tuc,0.432581,-57.8074
252,Phe Tuc,0.309994,-57.80551
252,Phe Tuc,0.187412,-57.80434
252,Phe Tuc,0.064833,-57.80391
252,Phe Tuc,23.942254,-57.8042
252,Phe Tuc,23.819672,-57.80523
252,Phe Tuc,23.697086,-57.80699
252,Phe Tuc,23.574493,-57.80947
252,Phe Tuc,23.451891,-57.81269
252,Phe Tuc,23.451555,-57.06269
252,Phe Tuc,23.451233,-56.31269
253,Pic Pup,6.063451,-43.00578
253,Pic Pup,6.06196,-43.97439
253,Pic Pup,6.06042,-44.943
253,Pic Pup,6.058827,-45.91161
253,Pic Pup,6.057177,-46.88021
253,Pic Pup,6.055467,-47.8488
253,Pic Pup,6.053692,-48.81739
253,Pic Pup,6.051846,-49.78597
253,Pic Pup,6.049926,-50.75455
254,Pic Vol,6.846887,-64.15188
254,Pic Vol,6.721301,-64.12952
254,Pic Vol,6.595816,-64.10702
255,Psc Tri,1.526494,33.64536
255,Psc Tri,1.526062,32.64538
255,Psc Tri,1.52564,31.64539
255,Psc Tri,1.525228,30.6454
255,Psc Tri,1.524823,29.64542
255,Psc Tri,1.524427,28.64543
255,Psc Tri,1.589403,28.64092
255,Psc Tri,1.654376,28.63622
255,Psc Tri,1.719346,28.63134
255,Psc Tri,1.784313,28.62628
255,Psc Tri,1.783859,27.62629
255,Psc Tri,1.783414,26.62631
255,Psc Tri,1.782977,25.62633
256,PsA Scl,23.112062,-24.82505
256,PsA Scl,23.112295,-25.78338
256,PsA Scl,23.112532,-26.74171
256,PsA Scl,23.112773,-27.70004
256,PsA Scl,23.113018,-28.65836
256,PsA Scl,23.113267,-29.61669
256,PsA Scl,23.113522,-30.57502
256,PsA Scl,23.113781,-31.53335
256,PsA Scl,23.114046,-32.49167
256,PsA Scl,23.114316,-33.45
256,PsA Scl,23.114593,-34.40833
256,PsA Scl,23.114876,-35.36666
256,PsA Scl,23.115166,-36.32498
257,Pup Pyx,8.461805,-17.41125
257,Pup Pyx,8.461093,-18.3987
257,Pup Pyx,8.460373,-19.38615
257,Pup Pyx,8.459644,-20.37359
257,Pup Pyx,8.458906,-21.36104
257,Pup Pyx,8.458157,-22.34849
257,Pup Pyx,8.457398,-23.33593
257,Pup Pyx,8.456628,-24.32337
257,Pup Pyx,8.455846,-25.31082
257,Pup Pyx,8.45505,-26.29826
257,Pup Pyx,8.454241,-27.2857
257,Pup Pyx,8.453418,-28.27314
257,Pup Pyx,8.452579,-29.26058
257,Pup Pyx,8.451724,-30.24801
257,Pup Pyx,8.450851,-31.23545
257,Pup Pyx,8.44996,-32.22288
257,Pup Pyx,8.449049,-33.21032
257,Pup Pyx,8.448118,-34.19775
257,Pup Pyx,8.447164,-35.18518
257,Pup Pyx,8.446187,-36.17261
257,Pup Pyx,8.445186,-37.16003
258,Pup Vel,8.445186,-37.16003
258,Pup Vel,8.444257,-38.05282
258,Pup Vel,8.443305,-38.94561
258,Pup Vel,8.442329,-39.83839
258,Pup Vel,8.441328,-40.73118
258,Pup Vel,8.440299,-41.62396
258,Pup Vel,8.439241,-42.51674
258,Pup Vel,8.438153,-43.40952
258,Pup Vel,8.364338,-43.3986
258,Pup Vel,8.290538,-43.38753
258,Pup Vel,8.21675,-43.37633
258,Pup Vel,8.142977,-43.36498
258,Pup Vel,8.069218,-43.3535
258,Pup Vel,8.067922,-44.32215
258,Pup Vel,8.066583,-45.2908
258,Pup Vel,8.065198,-46.25944
258,Pup Vel,8.063762,-47.22807
258,Pup Vel,8.062274,-48.19671
258,Pup Vel,8.060727,-49.16534
258,Pup Vel,8.05912,-50.13396
258,Pup Vel,8.057445,-51.10258
259,Pyx Vel,9.451439,-37.29201
259,Pyx Vel,9.373974,-37.28307
259,Pyx Vel,9.296518,-37.27392
259,Pyx Vel,9.219071,-37.26455
259,Pyx Vel,9.141635,-37.25497
259,Pyx Vel,9.064208,-37.24519
259,Pyx Vel,8.986792,-37.23521
259,Pyx Vel,8.909387,-37.22502
259,Pyx Vel,8.831992,-37.21465
259,Pyx Vel,8.754608,-37.20409
259,Pyx Vel,8.677235,-37.19334
259,Pyx Vel,8.599874,-37.18241
259,Pyx Vel,8.522524,-37.17131
259,Pyx Vel,8.445186,-37.16003
260,Sge Vul,18.95594,21.24783
260,Sge Vul,19.019897,21.25913
260,Sge Vul,19.083858,21.27038
260,Sge Vul,19.147825,21.28157
260,Sge Vul,19.211797,21.29271
260,Sge Vul,19.275773,21.30379
260,Sge Vul,19.339754,21.31481
260,Sge Vul,19.340592,20.35655
260,Sge Vul,19.341419,19.3983
260,Sge Vul,19.406322,19.40941
260,Sge Vul,19.47123,19.42045
260,Sge Vul,19.536143,19.43142
260,Sge Vul,19.60106,19.44231
260,Sge Vul,19.665981,19.45313
260,Sge Vul,19.730907,19.46386
260,Sge Vul,19.795837,19.47451
260,Sge Vul,19.860772,19.48507
260,Sge Vul,19.925711,19.49554
260,Sge Vul,19.925151,20.18993
260,Sge Vul,19.924586,20.88433
260,Sge Vul,19.924016,21.57873
260,Sge Vul,19.993616,21.58984
260,Sge Vul,20.063221,21.60084
260,Sge Vul,20.132831,21.61173
260,Sge Vul,20.202447,21.62249
260,Sge Vul,20.272068,21.63314
260,Sge Vul,20.341694,21.64365
260,Sge Vul,20.34227,20.89369
261,Sgr Tel,20.477951,-45.09001
261,Sgr Tel,20.388853,-45.10329
261,Sgr Tel,20.299734,-45.11679
261,Sgr Tel,20.210595,-45.1305
261,Sgr Tel,20.121434,-45.14441
261,Sgr Tel,20.032251,-45.15853
261,Sgr Tel,19.943047,-45.17283
261,Sgr Tel,19.85382,-45.18731
261,Sgr Tel,19.76457,-45.20197
261,Sgr Tel,19.675298,-45.21679
261,Sgr Tel,19.586002,-45.23177
261,Sgr Tel,19.496683,-45.2469
261,Sgr Tel,19.407341,-45.26217
261,Sgr Tel,19.317974,-45.27757
262,Sco Sgr,17.733453,-30.06066
262,Sco Sgr,17.791812,-30.05006
262,Sco Sgr,17.850165,-30.03945
262,Sco Sgr,17.908512,-30.02883
262,Sco Sgr,17.966853,-30.01821
262,Sco Sgr,17.967944,-31.01811
262,Sco Sgr,17.969058,-32.01801
262,Sco Sgr,17.970197,-33.0179
262,Sco Sgr,17.971361,-34.0178
262,Sco Sgr,17.972554,-35.01769
262,Sco Sgr,17.973776,-36.01758
262,Sco Sgr,17.975029,-37.01746
263,Sct Ser,18.369968,-15.94357
263,Sct Ser,18.369099,-14.94365
263,Sct Ser,18.368238,-13.94373
263,Sct Ser,18.367384,-12.94381
263,Sct Ser,18.366537,-11.94388
263,Sct Ser,18.365697,-10.94396
263,Sct Ser,18.364862,-9.94404
263,Sct Ser,18.364032,-8.94411
263,Sct Ser,18.363207,-7.94419
263,Sct Ser,18.362386,-6.94426
263,Sct Ser,18.361568,-5.94434
263,Sct Ser,18.360754,-4.94441
263,Sct Ser,18.359941,-3.94448
263,Sct Ser,18.426597,-3.93238
263,Sct Ser,18.493253,-3.9203
263,Sct Ser,18.559907,-3.90825
263,Sct Ser,18.62656,-3.89622
263,Sct Ser,18.693212,-3.88422
264,Sct Sgr,18.982934,-11.86644
264,Sct Sgr,18.983752,-12.85803
264,Sct Sgr,18.984576,-13.84963
264,Sct Sgr,18.985407,-14.84122
264,Sct Sgr,18.986245,-15.83282
264,Sct Sgr,18.917787,-15.84496
264,Sct Sgr,18.849324,-15.85715
264,Sct Sgr,18.780857,-15.86939
264,Sct Sgr,18.712386,-15.88167
264,Sct Sgr,18.64391,-15.89399
264,Sct Sgr,18.575431,-15.90634
264,Sct Sgr,18.506947,-15.91873
264,Sct Sgr,18.43846,-15.93114
264,Sct Sgr,18.369968,-15.94357
265,Ser Vir,15.1902,-0.47428
265,Ser Vir,15.189607,0.52568
265,Ser Vir,15.189014,1.52564
265,Ser Vir,15.18842,2.5256
265,Ser Vir,15.187826,3.52556
265,Ser Vir,15.18723,4.52552
265,Ser Vir,15.186632,5.52548
265,Ser Vir,15.186033,6.52544
265,Ser Vir,15.185431,7.5254
266,Ser Sgr,18.369968,-15.94357
266,Ser Sgr,18.304989,-15.95538
266,Ser Sgr,18.240007,-15.96721
266,Ser Sgr,18.175021,-15.97905
266,Ser Sgr,18.110031,-15.99089
266,Ser Sgr,18.045037,-16.00273
266,Ser Sgr,17.98004,-16.01458
266,Ser Sgr,17.915038,-16.02642
266,Ser Sgr,17.850033,-16.03825
266,Ser Sgr,17.785023,-16.05007
266,Ser Sgr,17.72001,-16.06188
