hr,right_ascension,declination,magnitude
1,0.086083,45.229167,6.7
2,0.084389,-0.503056,6.29
3,0.088917,-5.7075,4.61
4,0.095,13.396111,5.51
5,0.104444,58.436667,5.96
6,0.105278,-49.075,5.7
7,0.107361,64.196111,5.59
8,0.110222,29.021389,6.13
9,0.113917,-23.1075,6.18
10,0.121722,-17.386389,6.19
11,0.128917,-2.548889,6.43
12,0.129667,-22.508889,5.94
13,0.134306,-33.529444,5.68
14,0.136694,-2.447778,6.07
15,0.139806,29.090556,2.06
16,0.138167,-8.823889,5.99
17,0.144722,36.626667,6.19
18,0.142611,-17.5775,6.06
19,0.147833,25.462778,6.23
20,0.155611,79.714722,6.01
21,0.152972,59.149722,2.27
22,0.150667,18.211944,5.53
23,0.150667,-54.001944,6.33
24,0.155833,-27.987778,5.42
25,0.156861,-45.7475,3.88
26,0.167306,11.145556,5.51
27,0.172028,46.072222,5.03
28,0.174917,57.165556,6.74
29,0.171889,-5.248611,5.84
30,0.16725,-82.223889,5.28
31,0.178556,-12.58,5.85
32,0.177389,-73.224444,6.64
33,0.18775,-15.468056,4.89
34,0.192889,-27.799722,5.41
35,0.195556,-35.133056,5.25
36,0.19975,48.1525,6.16
37,0.202778,-17.938333,5.25
38,0.214,37.693333,6.73
39,0.220611,15.183611,2.83
40,0.223333,26.987222,6.3
41,0.225222,41.035278,5.72
42,0.228361,-26.021944,5.94
43,0.228944,-26.284722,6.31
44,0.233972,33.206111,6.25
45,0.243389,20.206667,4.8
46,0.241,-7.780556,5.12
47,0.222056,-84.994167,5.77
48,0.244,-18.932778,4.44
49,0.248917,22.284167,6.24
50,0.249667,8.820833,5.79
51,0.248472,-9.569722,5.75
52,0.251944,31.535833,6.45
53,0.252944,27.283056,6.35
54,0.2495,-34.904444,6.17
55,0.270556,76.950833,6.35
56,0.272667,43.594722,6.15
57,0.269139,-31.446389,5.67
58,0.265333,-75.911389,6.49
59,0.276139,8.24,6.11
60,0.282528,61.533333,5.74
61,0.278472,-20.210556,6.47
62,0.285861,47.9475,5.89
63,0.284861,38.681667,4.61
64,0.280278,-78.780556,6.77
65,0.295278,51.433056,6.14
66,0.292389,-19.051111,6.45
67,0.296583,1.688889,6.17
68,0.305472,36.785278,4.52
69,0.304778,11.205833,6.05
70,0.311694,43.791111,6.11
71,0.310639,31.517222,5.87
72,0.311611,-8.052778,6.46
73,0.311833,-43.235278,6.33
74,0.323806,-8.823889,3.56
75,0.328222,40.729722,6.33
76,0.334778,48.865278,6.52
77,0.334528,-64.874722,4.23
78,0.340111,30.935833,5.9
79,0.345972,32.911389,5.79
80,0.343306,8.190278,5.37
81,0.348472,10.976944,6.56
82,0.352028,37.968611,5.18
83,0.344167,-69.625,5.51
84,0.358667,-28.981667,5.18
85,0.362861,-20.057778,5.12
86,0.37375,13.4825,6.23
87,0.357944,-77.426944,5.97
88,0.381056,-12.209444,6.39
89,0.386833,-31.036111,6.55
90,0.400556,38.577222,7.39
91,0.404333,52.02,5.57
93,0.413194,61.831111,5.4
94,0.40825,-2.219167,6.07
96,0.418444,53.046944,5.74
97,0.423389,1.939722,5.77
98,0.429194,-77.254167,2.8
99,0.438056,-42.306111,2.39
100,0.436722,-43.68,3.94
101,0.443722,-0.049722,6.19
102,0.454083,-25.547222,5.98
103,0.467472,17.893056,5.06
104,0.470472,44.394444,5.17
105,0.465472,-33.007222,4.81
106,0.470194,16.445,6.06
107,0.47225,10.189722,6.04
108,0.472528,-20.335,6.43
109,0.474,-39.915,5.43
110,0.482389,36.9,6.26
111,0.478639,-50.532778,6.26
112,0.515278,77.019444,6.21
113,0.505528,59.977222,5.94
114,0.502028,29.751667,5.23
115,0.49775,-14.864167,6.14
116,0.496917,-32.116667,6.57
117,0.500667,-3.957222,5.72
118,0.506306,-23.787778,5.19
119,0.507722,-40.939444,6.19
120,0.50725,-48.215,5.69
121,0.523694,66.519444,6.18
122,0.523778,33.581667,5.87
123,0.529556,54.522222,4.73
124,0.528111,52.839444,5.6
125,0.523611,-48.803611,4.77
126,0.52575,-62.958056,4.37
127,0.526,-62.965833,4.54
128,0.540778,43.494722,6.7
129,0.555361,70.981667,6.42
130,0.55,62.931667,4.16
131,0.543194,20.294444,5.38
132,0.539944,6.955556,5.67
133,0.542917,27.580556,6.67
134,0.546972,28.280278,6.3
135,0.552889,54.895,5.93
136,0.5455,-63.031111,5.09
137,0.573583,66.750278,6.48
138,0.561417,-29.558333,5.55
139,0.556472,-71.266111,6.13
140,0.574389,-52.373056,5.57
141,0.582028,13.371111,6.4
142,0.587472,-3.592778,5.2
143,0.592444,-0.505556,5.93
144,0.602306,54.168611,5.08
145,0.598528,13.206667,6.41
146,0.607583,60.326111,5.79
147,0.59475,-48.000833,5.51
148,0.592611,-54.821944,6.06
149,0.605556,27.254722,6.5
150,0.600833,-14.973611,6.45
151,0.601917,-22.8425,6.06
152,0.612944,44.488611,5.13
153,0.616194,53.896944,3.66
154,0.614694,33.719444,4.36
155,0.613139,15.231667,5.89
156,0.618667,24.014167,6.47
157,0.622528,35.399444,5.48
158,0.663139,82.493889,6.4
159,0.622417,-24.767222,5.57
160,0.610389,-65.124722,6.42
161,0.625139,3.135278,6.39
162,0.621694,-54.394167,6.41
163,0.642583,29.311667,4.37
164,0.65275,49.354444,5.43
165,0.655472,30.860833,3.27
166,0.656056,21.250556,5.87
167,0.665444,21.438333,5.36
168,0.675139,56.537222,2.23
169,0.644667,-73.137222,6.85
170,0.666083,-33.961667,6.69
171,0.664444,-44.796667,6.01
172,0.674611,-16.516944,6.49
173,0.675806,-23.804444,6.14
174,0.678444,-4.351944,5.91
175,0.685333,39.458611,5.33
176,0.674,-59.454444,5.89
177,0.700944,66.1475,5.83
178,0.693333,24.629167,6.04
179,0.701083,50.5125,4.8
180,0.688778,-46.085,4.59
181,0.708639,58.753333,6.17
183,0.696222,-56.501667,5.7
184,0.724472,47.024722,4.94
185,0.711917,-38.463333,6.06
186,0.711611,-60.2625,5.98
187,0.707889,-65.468056,5.39
188,0.7265,-17.986667,2.04
189,0.740667,47.864167,5.67
190,0.730611,-12.011667,6.02
191,0.722556,-57.463056,4.36
192,0.760833,74.988056,5.66
193,0.745417,48.284444,4.54
194,0.7365,-10.609444,4.76
195,0.736694,-38.421667,5.9
196,0.754778,55.221667,5.42
197,0.745667,-22.006111,5.24
198,0.749194,-42.676667,5.94
199,0.742306,-62.497778,6.07
200,0.7775,69.325,6.33
201,0.756694,-4.629167,6.15
202,0.75,-53.715,6.15
203,0.757972,-12.880833,6.15
204,0.770861,55.305278,6.52
205,0.769694,44.861389,6.05
206,0.761583,-16.424167,6.47
207,0.778444,59.574444,6.39
208,0.796139,74.8475,5.41
209,0.762667,-47.551667,5.8
210,0.769944,-22.521944,5.5
211,0.775833,15.475556,5.38
212,0.802528,72.675,5.87
213,0.78375,11.973889,5.5
214,0.787111,19.578889,6.13
215,0.788972,24.267222,4.06
216,0.789889,6.740833,5.99
217,0.798556,20.925278,6.54
218,0.795361,-18.061389,5.7
219,0.818333,57.815833,3.44
220,0.800306,-21.7225,5.57
221,0.804833,7.3,5.93
222,0.806389,5.280556,5.75
223,0.813917,50.968333,4.89
224,0.811389,7.585,4.43
225,0.816306,16.940556,5.07
226,0.830222,41.078889,4.53
227,0.823778,-13.561389,5.59
228,0.820528,-24.136389,5.9
229,0.81575,-46.697778,6.27
230,0.831333,27.710833,7.0
231,0.831444,27.710278,7.1
232,0.825944,-23.361667,6.28
233,0.845444,64.2475,5.39
234,0.838417,45.002222,6.15
235,0.835444,-10.644444,5.19
236,0.809833,-74.923333,5.07
237,0.854556,61.805833,6.07
238,0.849278,51.508056,6.39
239,0.834361,-43.394722,6.48
240,0.91475,83.707222,5.62
241,0.859361,51.571111,6.21
242,0.844778,-50.986944,5.22
243,0.855083,3.385,6.37
244,0.884472,61.124167,4.82
245,0.864472,-43.709167,6.9
246,0.8815,38.548611,6.69
247,0.877944,-24.005833,5.46
248,0.883472,-1.144167,4.77
249,0.891167,37.418056,6.06
250,0.896556,52.689167,6.27
251,0.886778,-24.776944,6.46
252,0.873417,-69.504444,6.22
253,0.916694,58.972778,4.83
254,0.909778,19.188333,5.74
255,0.904889,-8.740833,6.16
256,0.918111,48.678611,6.27
257,0.893861,-62.871389,5.7
258,0.916111,23.628333,5.47
259,0.92075,24.556944,6.2
260,0.936917,57.996667,6.21
261,0.948778,68.776111,6.37
262,0.932917,27.209444,6.09
263,0.928444,-7.347222,5.85
264,0.945139,60.716667,2.47
265,0.944389,59.181111,4.63
266,0.946417,60.362778,5.55
267,0.93375,-11.266667,5.31
268,0.932083,-27.775556,6.1
269,0.945889,38.499444,3.87
270,0.91675,-69.526944,5.45
271,0.953444,23.4175,4.42
272,0.961028,45.839722,6.12
273,0.975306,66.352222,5.97
274,0.963944,28.992222,5.42
275,0.970611,33.950833,5.98
276,0.965139,13.695833,6.32
277,0.971917,21.404444,6.37
278,1.008611,70.983056,6.39
279,0.978861,-11.38,5.61
280,0.976778,-29.3575,4.31
281,0.972889,-60.696389,6.23
282,1.000944,44.711111,6.84
283,1.001,44.713333,6.04
284,0.997139,6.483056,6.11
285,1.14575,86.256944,4.25
286,1.564,89.015556,6.46
287,1.038444,51.035,6.47
288,1.02175,-38.916667,5.59
289,1.050417,47.376111,6.45
290,1.048417,41.345,5.98
291,1.046972,31.804444,5.5
292,1.060278,61.075,5.92
293,1.040667,-31.551944,5.5
294,1.049056,7.89,4.28
295,1.033833,-57.0025,6.11
296,1.050722,-4.836667,5.43
297,1.072111,61.580278,5.84
298,1.067333,52.502222,5.99
299,1.047,-46.3975,5.36
300,1.054889,-29.525833,6.29
301,1.063611,1.366667,6.04
302,1.079667,51.01,6.54
303,1.074333,29.658611,6.19
304,1.04525,-65.456111,6.21
305,1.076778,39.991111,6.72
306,1.270417,87.145278,6.25
307,1.081278,5.656389,6.0
308,1.084833,14.946111,5.68
309,1.106333,62.761667,6.54
310,1.094694,21.473333,5.34
311,1.094917,21.465278,5.56
312,1.153417,80.011667,6.29
313,1.097,4.908333,6.35
314,1.097611,4.909444,7.25
315,1.093556,-9.979167,6.12
316,1.116722,56.935,6.43
317,1.101417,-9.839444,5.58
318,1.119306,53.498333,6.38
319,1.109333,12.956111,6.12
320,1.102139,-23.9925,6.14
321,1.137889,54.920278,5.17
322,1.101389,-46.718611,3.31
323,1.107361,-35.660833,6.61
324,1.133583,43.941944,5.03
325,1.120306,-23.996389,6.37
326,1.142583,58.263611,5.79
327,1.133694,32.012222,6.25
328,1.132556,20.739167,5.55
329,1.1295,-9.785556,5.82
330,1.1395,5.649722,5.52
331,1.129972,-41.486944,5.21
332,1.121861,-61.775278,5.37
333,1.204639,79.673889,5.64
334,1.143167,-10.182222,3.45
335,1.158389,47.241944,4.25
336,1.177583,68.778611,5.29
337,1.162194,35.620556,2.06
338,1.13975,-55.245833,3.92
339,1.163667,19.658611,5.55
340,1.171889,42.081389,5.65
341,1.172056,25.457778,5.8
342,1.190444,64.202778,5.55
343,1.185056,55.149722,4.33
344,1.169861,15.674167,6.06
345,1.194833,65.018889,5.57
346,1.17,-8.906111,6.4
347,1.176,2.445556,5.95
348,1.186194,37.724167,5.81
349,1.185222,31.424722,5.16
350,1.168722,-57.694444,6.41
351,1.190889,21.034722,4.66
352,1.194333,30.089722,4.51
353,1.195417,-2.251111,5.94
354,1.219417,61.705833,6.41
355,1.209444,45.337778,6.11
356,1.216528,30.064167,6.19
357,1.275194,79.91,6.26
358,1.2065,-30.802222,6.52
359,1.212611,-37.856389,5.92
360,1.229139,24.583611,4.65
361,1.228861,7.575278,5.24
362,1.22925,7.578333,6.3
363,1.234722,28.529722,6.43
364,1.235444,16.133611,5.98
365,1.270028,71.743889,7.83
366,1.24,-7.923056,5.13
367,1.245111,6.995278,6.03
368,1.247,-0.973889,5.7
369,1.273472,48.082222,6.61
370,1.253083,-45.531389,4.96
371,1.271889,33.114722,6.02
372,1.28475,44.901944,6.34
373,1.27675,-2.500278,5.41
374,1.290028,31.744722,6.73
375,1.33875,77.570556,6.31
376,1.302833,47.419722,6.25
377,1.262806,-68.876111,4.86
378,1.296667,3.614444,5.16
379,1.313056,37.386111,6.46
380,1.284333,-66.398056,6.24
381,1.366417,76.238889,6.38
382,1.334694,58.231667,4.98
383,1.324444,27.264167,4.76
384,1.351444,64.658333,6.34
385,1.330083,-0.508889,5.87
386,1.396333,78.725833,6.07
387,1.342917,-3.246944,6.23
388,1.341056,-11.238889,6.15
389,1.352056,28.738056,5.23
390,1.372333,45.528889,4.88
391,1.389333,58.143056,6.45
392,1.376944,1.726389,6.2
393,1.376333,-0.449722,6.49
394,1.375139,-19.081389,6.35
395,1.394611,37.715,5.58
396,1.39375,34.245833,6.29
397,1.39025,20.468889,5.97
398,1.429583,70.98,6.49
399,1.432222,68.13,4.74
400,1.391944,-30.945556,5.84
401,1.400694,-8.0075,6.21
402,1.400389,-8.183333,3.6
403,1.430278,60.235278,2.68
404,1.405722,-6.914722,5.91
405,1.411056,-15.660278,6.14
406,1.413528,-2.848611,6.15
407,1.426583,23.511667,6.18
408,1.411333,-41.4925,5.42
409,1.4385,43.457778,5.96
410,1.43575,34.579722,6.31
411,1.411639,-44.528333,6.26
412,1.427,-14.598889,4.9
413,1.437583,19.172222,5.38
414,1.444917,19.240278,5.5
415,1.451722,34.3775,6.27
416,1.440917,-0.398611,6.41
417,1.460944,45.406667,4.83
418,1.457389,41.100556,6.46
419,1.448194,3.535278,6.58
420,1.418139,-64.369444,5.93
421,1.447667,-13.056667,5.66
422,1.463056,40.335556,6.6
423,1.449472,-32.543056,5.79
424,2.530194,89.264167,2.02
425,1.462944,-10.901667,6.13
426,1.473028,7.961389,6.2
427,1.5205,70.264722,5.81
428,1.514528,66.098056,6.14
429,1.47275,-43.318333,3.41
430,1.501722,47.007222,5.27
431,1.478694,-33.763611,6.58
432,1.498028,18.355556,6.02
433,1.493361,-21.629444,5.12
434,1.503083,6.143889,4.84
435,1.491778,-46.756389,6.31
436,1.506361,-26.207778,5.93
437,1.524722,15.345833,3.62
438,1.535444,34.8,6.39
439,1.557167,58.3275,5.7
440,1.520861,-49.072778,3.95
441,1.528694,-30.283333,5.82
442,1.565528,59.231944,4.71
443,1.527528,-45.575556,6.17
444,1.550972,-9.014722,6.59
445,1.548889,-36.865278,5.51
446,1.571278,37.237222,5.88
447,1.543417,-49.727778,6.28
448,1.561917,-7.025278,5.76
449,1.622917,74.300833,6.58
450,1.580306,18.460556,5.89
451,1.577167,-15.676111,5.63
452,1.597917,41.076389,6.38
453,1.58075,-31.892222,6.12
454,1.607556,48.722778,5.92
455,1.596222,14.661389,6.22
456,1.641917,73.04,5.28
457,1.598556,17.433611,5.8
458,1.613278,41.405556,4.09
459,1.599722,-15.400278,5.42
460,1.587556,-58.139444,6.01
461,1.635444,57.9775,5.56
462,1.602333,-29.9075,5.69
463,1.618306,12.141667,5.57
464,1.633222,48.628333,3.57
465,1.642139,45.4,6.36
466,1.627139,-9.403889,6.24
467,1.560889,-78.504722,6.11
468,1.612444,-58.270833,6.18
469,1.655833,44.386111,4.98
470,1.670306,53.868333,6.39
471,1.640944,-36.528333,5.94
472,1.628583,-57.236667,0.46
473,1.647722,-21.275278,5.58
474,1.647222,-25.021944,6.7
475,1.661333,16.405833,5.97
476,1.677722,43.297778,5.61
477,1.676333,40.576944,4.94
478,1.705694,68.043056,5.59
479,1.646722,-53.438889,6.84
480,1.715528,70.6225,5.18
481,1.700833,61.038333,6.71
482,1.704944,58.627778,6.37
483,1.696444,42.613611,4.95
484,1.688444,25.745833,6.17
485,1.694222,30.047222,5.99
486,1.663167,-56.198056,5.87
487,1.663278,-56.194722,5.76
488,1.716222,61.421667,6.34
489,1.690528,5.4875,4.44
490,1.700972,35.245556,5.64
491,1.722139,60.551111,5.78
492,1.69575,-11.324722,5.75
493,1.708278,20.268611,5.24
494,1.690917,-38.133056,6.17
495,1.72125,45.322222,6.34
496,1.727667,50.688611,4.07
497,1.702389,-32.326944,5.25
498,1.700833,-36.8325,5.72
499,1.738306,57.536389,6.21
500,1.712083,-3.690278,4.99
501,1.69475,-50.038889,6.64
502,1.746139,57.089167,6.25
503,1.730556,32.191667,6.34
504,1.740694,46.139722,6.35
505,1.696667,-60.789444,5.71
506,1.708139,-53.740556,5.52
507,1.731889,-4.765556,6.19
508,1.748833,20.083056,6.27
509,1.734472,-15.9375,3.5
510,1.756556,9.157778,4.26
511,1.795778,63.852222,5.63
512,1.632111,-82.975,5.87
513,1.766472,-5.733333,5.34
514,1.760778,-25.0525,5.31
515,1.776472,17.413056,6.55
516,1.68925,-79.148333,6.33
517,1.766944,-27.349167,6.39
518,1.796667,46.229722,6.32
519,1.768278,-50.816389,5.49
520,1.768417,-53.521944,5.04
521,1.810806,37.952778,5.94
522,1.803028,16.955556,5.84
523,1.811556,32.690278,5.79
524,1.788,-41.76,6.18
525,1.624444,-84.769722,5.69
526,1.821028,47.896944,5.82
527,1.807222,3.685556,5.91
528,1.796611,-37.159722,6.32
529,1.849194,51.933333,5.9
530,1.835694,22.275278,5.86
531,1.826417,-10.686389,4.67
532,1.822083,-31.072778,6.34
533,1.866472,55.1475,5.52
534,1.847778,11.043333,5.94
535,1.830222,-38.403889,6.37
536,1.869278,50.792778,5.79
537,1.838944,-47.816389,6.14
538,1.880778,51.474722,6.26
539,1.857667,-10.335,3.73
540,1.896806,55.598056,6.45
541,1.848472,-50.206111,5.94
542,1.906583,63.67,3.38
543,1.888139,40.729722,5.4
544,1.884694,29.578889,3.41
545,1.892167,19.295833,4.83
546,1.892167,19.293611,4.75
547,1.881139,-16.929167,5.8
548,1.933333,68.685278,4.99
549,1.892583,3.1875,4.62
550,1.79625,-80.176667,6.06
551,1.914944,40.701944,6.24
552,1.915972,37.128333,6.26
553,1.910667,20.808056,2.64
554,1.889778,-38.594722,6.1
555,1.894111,-46.3025,4.41
556,1.931778,37.277778,5.89
557,1.935917,37.251667,5.67
558,1.906111,-42.496944,5.11
559,1.930833,23.577222,5.74
560,1.931611,1.849722,6.01
561,1.975917,61.698056,6.02
562,1.965667,41.694444,6.78
563,1.955861,17.8175,5.1
564,1.962167,27.804444,5.82
565,1.9445,-22.526944,4.85
566,1.932639,-51.608889,3.7
567,1.993889,64.621389,5.26
568,1.976,49.204167,5.69
569,1.965472,23.596111,4.79
570,1.915583,-67.647222,4.69
571,1.929556,-60.861389,6.06
572,2.049222,77.916389,6.04
573,1.950028,-51.766111,6.1
574,1.952778,-47.385,4.83
575,2.032611,70.906944,4.54
576,1.974083,-33.066667,6.35
577,1.99325,21.058333,5.87
578,1.990528,12.294722,6.09
579,2.052917,73.850556,6.23
580,2.05725,72.421389,3.98
581,2.085389,77.281389,5.38
582,2.002556,3.097222,5.88
583,1.996139,-20.824444,5.41
584,1.964889,-65.424722,6.37
585,2.000083,-21.077778,4.0
586,2.047972,64.901389,6.0
587,2.007472,-8.523611,5.51
588,1.994111,-42.030556,5.57
589,2.050083,64.39,5.58
590,2.038361,54.4875,5.04
591,1.9795,-61.569722,2.86
592,2.092,76.115,5.22
593,1.930694,-78.348333,6.16
594,2.02075,-30.001667,5.35
595,2.034111,2.763611,5.23
596,2.034111,2.763611,4.33
597,2.157028,81.295833,6.05
598,2.077806,65.103333,6.52
599,2.049444,33.283889,5.5
600,1.99475,-66.066389,6.1
601,2.043111,13.476667,5.94
602,2.028444,-44.713611,5.14
603,2.065,42.329722,2.26
604,2.065194,42.330833,4.84
605,2.060917,25.935556,5.63
606,2.041139,-29.665,6.42
607,2.05325,0.128333,5.43
608,2.049611,-15.305833,5.86
609,2.061833,18.253333,6.21
610,2.063389,-0.340278,5.93
611,2.06125,-4.103611,5.62
612,2.074833,-29.296944,4.69
613,2.109417,22.648333,5.03
614,2.103417,8.2475,6.31
615,2.113667,25.704722,6.15
616,2.108139,0.035,6.28
617,2.119556,23.4625,2.0
618,2.144583,58.423611,5.67
619,2.142667,44.459444,6.42
620,2.141472,37.859167,4.82
621,2.168833,53.843056,6.31
622,2.159056,34.987222,3.0
623,2.157028,25.939722,4.98
624,2.156417,17.224444,6.43
625,2.146028,-17.779444,6.1
626,2.222556,74.027778,6.29
627,2.191389,57.645833,6.36
628,2.181333,39.039444,5.63
629,2.181583,39.043056,6.1
630,2.159667,-24.345833,6.48
631,2.177111,19.500278,5.7
632,2.152583,-43.516667,5.85
633,2.186667,25.936944,6.02
634,2.190278,31.526389,6.23
635,2.189194,8.569722,5.63
636,2.168028,-43.815556,6.32
637,2.173778,-50.824444,6.12
638,2.1895,-10.052222,6.01
639,2.193278,-1.825278,5.93
640,2.241417,66.524444,6.07
641,2.228194,58.561111,6.44
642,2.206194,30.303056,4.94
643,2.220361,44.231667,4.83
644,2.210417,24.167778,5.96
645,2.22675,51.065833,5.31
646,2.213361,21.210833,5.27
647,2.234056,47.484167,6.06
648,2.217583,15.279722,5.71
649,2.216667,8.846667,4.37
650,2.213194,-2.393611,5.54
651,2.216917,-21.000278,5.86
652,2.215139,-30.723889,5.28
653,2.266083,47.811389,6.33
654,2.281028,57.055278,6.48
655,2.265611,33.358889,5.28
656,2.262778,25.783056,5.79
657,2.261889,25.043056,5.58
658,2.257861,-9.465556,6.55
659,2.242222,-41.166667,5.91
660,2.284222,34.224167,4.87
661,2.299972,57.899722,5.75
662,2.30125,57.516667,5.98
663,2.292611,44.306944,6.7
664,2.288583,33.847222,4.01
665,2.286222,23.767778,6.55
666,2.283056,-6.422222,5.51
667,2.237417,-67.841667,5.55
668,2.336917,64.337222,6.6
669,2.302083,19.901111,5.62
670,2.321333,47.38,5.3
671,2.319694,46.4725,6.21
672,2.300389,1.757778,5.58
673,2.322972,48.955278,6.37
674,2.275167,-51.512222,3.56
675,2.315833,28.6425,5.03
676,2.316111,23.167778,6.46
677,2.327028,39.835,6.63
678,2.257917,-67.746389,5.69
679,2.344833,47.310833,6.11
680,2.334556,30.188333,6.47
681,2.322417,-2.9775,3.04
682,2.3495,50.151389,5.59
683,2.31625,-25.945556,6.34
684,2.328,-4.345556,6.5
685,2.372611,55.845556,5.17
686,2.323528,-41.848333,6.37
687,2.380639,41.396389,5.82
688,2.33175,-55.944722,5.81
689,2.365722,0.395833,5.28
690,2.397722,55.364444,6.28
691,2.370111,-0.885,5.42
692,2.367056,-10.777778,5.46
693,2.368056,-17.662222,5.87
694,2.406917,50.006667,5.19
695,2.375722,-23.816389,5.2
696,2.421111,56.61,6.25
697,2.382722,-18.354444,6.22
698,2.369944,-43.2,6.31
699,2.427056,50.278611,4.71
700,2.385139,-37.576389,6.53
701,2.381833,-51.092222,5.92
702,2.413611,10.610556,5.47
703,2.405583,-25.8475,6.44
704,2.416222,-2.78,6.33
705,2.362472,-68.659444,4.09
706,2.409389,-40.840556,6.18
707,2.484444,67.4025,4.52
708,2.4325,-12.290556,4.89
709,2.464389,50.569722,6.12
710,2.433417,-15.341111,5.83
711,2.451944,27.013333,6.18
712,2.457694,31.801389,5.54
713,2.443111,-20.042778,5.88
714,2.414972,-60.311944,5.35
715,2.381194,-73.645833,5.01
716,2.490278,55.536389,6.51
717,2.469444,29.669444,5.29
718,2.469306,8.46,4.28
719,2.466667,1.960833,6.45
720,2.480139,29.931944,5.89
721,2.44975,-47.703889,4.25
722,2.423972,-66.494722,6.41
723,2.487111,23.468889,6.19
724,2.467139,-33.811111,5.14
725,2.493139,9.565833,6.07
726,2.504611,33.833889,6.25
727,2.4765,-31.1025,6.11
728,2.509,25.235,5.92
729,2.510667,19.855278,6.15
730,2.498722,-22.682778,6.77
731,2.515111,17.703889,6.23
732,2.512556,0.255278,6.0
733,2.503833,-25.186389,6.51
734,2.467889,-64.299722,6.37
735,2.509111,-22.545556,6.1
736,2.535056,36.147222,5.15
737,2.525028,2.267222,5.25
738,2.547917,34.5425,5.83
739,2.535944,-1.035,5.35
740,2.534778,-15.244722,4.75
741,2.548361,15.034722,6.04
742,2.537444,-36.4275,6.3
743,2.633889,72.818333,5.16
744,2.551944,-34.65,5.9
745,2.561167,-20.001944,6.21
746,2.591083,39.664444,6.36
747,2.626694,65.745556,5.78
748,2.594111,37.312222,5.71
749,2.564083,-28.2325,4.9
750,2.596333,34.6875,5.35
751,2.584472,7.471389,6.18
752,2.578528,-7.859444,5.75
753,2.601361,6.886944,5.82
754,2.597917,5.593333,4.86
755,2.565167,-51.093611,6.24
756,2.615889,38.732778,5.9
757,2.611917,31.6075,6.1
758,2.617361,34.263889,5.3
759,2.6,-7.831667,5.53
760,2.622444,39.895833,6.54
761,2.618444,32.891944,6.25
762,2.559333,-62.586944,6.77
763,2.610528,12.4475,5.68
764,2.616028,24.648333,7.09
765,2.616806,24.6475,6.5
766,2.60975,7.729722,5.81
767,2.602583,-30.044722,5.75
768,2.638278,37.726667,6.18
769,2.641056,38.089444,6.3
770,2.633556,7.695278,6.39
771,2.628278,-3.396111,5.65
772,2.616278,-34.578333,5.79
773,2.646944,21.961389,5.43
774,2.796556,81.448333,5.78
775,2.643583,3.443056,6.21
776,2.527917,-79.109444,5.28
777,2.638528,-30.194167,5.83
778,2.623444,-52.543056,5.31
779,2.658056,0.328611,4.07
780,2.640222,-37.990556,6.49
781,2.659389,-11.872222,4.84
782,2.678083,27.060833,5.3
783,2.671028,6.111944,6.25
784,2.670083,-9.453056,5.78
785,2.717444,55.105833,5.77
786,2.667361,-30.633889,6.52
787,2.716583,53.526111,5.84
788,2.704139,40.193889,4.91
789,2.663333,-42.891667,4.75
790,2.687194,-0.695833,5.71
791,2.747139,67.824722,5.95
792,2.717194,48.265556,6.48
793,2.706111,20.011667,5.69
794,2.677778,-39.855556,4.11
795,2.69675,-3.213333,6.05
796,2.692778,-14.549444,5.98
797,2.708028,10.741667,6.3
798,2.658806,-64.281944,6.55
799,2.736667,49.228333,4.12
800,2.734778,44.296944,5.43
801,2.724194,27.707222,4.66
802,2.677667,-54.55,5.21
803,2.730889,25.638056,6.35
804,2.721667,3.235833,3.47
805,2.701833,-38.383889,6.01
806,2.659833,-68.266944,4.11
807,2.702361,-46.524444,6.1
808,2.738639,17.763889,6.46
809,2.742472,15.311667,5.77
810,2.709306,-50.800278,5.41
811,2.735389,-13.858611,4.25
812,2.749333,12.445833,5.18
813,2.749028,10.114167,4.27
814,2.722306,-40.5275,6.36
815,2.815417,69.634167,6.18
816,2.755806,4.711667,6.03
817,2.739028,-32.525,6.22
818,2.751722,-18.5725,4.47
819,2.782861,35.983611,6.25
820,2.784306,35.555,6.3
821,2.736306,-52.570556,6.15
822,2.754583,-46.287222,6.85
823,2.724056,-66.714444,6.26
824,2.798472,29.247222,4.51
825,2.825222,57.084167,6.25
826,2.779222,-21.639722,6.49
827,2.786444,-22.485556,6.47
828,2.808917,18.283611,5.82
829,2.866306,68.888611,5.8
830,2.81275,25.188056,5.86
831,2.824194,37.326111,6.45
832,2.798889,-12.460556,6.9
833,2.757639,-63.704444,5.74
834,2.844944,55.895556,3.76
835,2.792694,-35.550833,6.51
836,2.821528,17.464167,5.22
837,2.759056,-67.616667,4.84
838,2.833056,27.260556,3.63
839,2.862639,58.314722,6.45
840,2.843083,38.318611,4.23
841,2.818167,-32.405833,4.46
842,2.861583,46.841944,5.88
843,2.858556,35.059722,4.53
844,2.830833,-24.560278,6.14
845,2.831722,-27.941667,5.39
846,2.881111,52.997778,6.36
847,2.858222,15.081944,5.49
848,2.837444,-35.843611,5.92
849,2.889222,48.569444,6.26
850,2.850639,-21.004167,4.75
851,2.844556,-35.676111,5.47
852,2.817083,-62.806667,5.26
853,2.846639,-39.931667,6.36
854,2.904306,52.7625,3.95
855,2.895167,38.3375,5.33
856,2.886583,16.483333,6.31
857,2.875583,-12.769444,6.04
858,2.865361,-30.814444,6.4
859,2.880694,-9.441111,6.32
860,2.932472,61.521111,5.59
861,2.940222,64.3325,6.24
862,2.893139,-22.376389,5.95
863,2.892889,-38.436944,5.92
864,2.947389,51.260833,6.22
865,2.942611,47.163889,6.02
866,2.872,-62.909722,6.03
867,2.930139,18.331667,5.91
868,2.898028,-49.890278,4.0
869,2.940583,18.023056,5.63
870,2.937167,8.381667,5.97
871,2.901806,-50.871389,6.21
872,2.84125,-75.066944,4.75
873,2.954806,31.934167,5.11
874,2.940472,-8.898056,3.89
875,2.943722,-3.712222,5.17
876,2.967306,38.615,6.04
877,2.951278,4.501111,6.11
878,2.968111,20.668611,5.8
879,2.979361,39.662778,4.7
880,2.905806,-64.435556,6.56
881,3.102167,79.418611,5.49
882,2.984361,35.183056,4.93
883,2.956583,-23.861944,5.45
884,2.953639,-29.855278,6.29
885,2.997194,47.220833,5.47
886,2.994417,41.033056,5.89
887,2.986861,21.340278,4.63
888,2.986861,21.340278,4.63
889,2.96825,-23.606111,5.84
890,3.0145,52.351667,5.28
891,3.014833,52.352222,6.74
892,2.978333,-2.7825,5.23
893,2.959083,-38.191111,6.41
894,3.003278,38.131667,6.11
895,2.979833,-9.776389,6.14
896,2.99525,8.9075,4.7
897,2.971028,-40.304722,3.24
898,2.971194,-40.304444,4.35
899,2.994778,-2.465,5.56
900,2.985167,-28.906944,6.14
901,2.993361,-25.274167,5.71
902,3.01225,10.870278,5.95
903,2.993972,-32.507222,6.31
904,3.014167,-2.878611,6.11
905,3.031694,26.462222,5.9
906,3.195222,81.470556,5.95
907,3.019444,-7.662778,5.75
908,3.031194,5.336111,6.25
909,2.979944,-64.071389,4.99
910,3.039583,4.352778,5.61
911,3.038,4.089722,2.53
912,3.03225,-9.961389,5.83
913,3.035917,-6.494722,6.19
914,3.027139,-28.091667,5.89
915,3.079944,53.506389,2.93
916,3.058417,28.269722,6.36
917,3.045083,-7.685278,5.32
918,3.092333,56.705833,4.76
919,3.039861,-23.624444,4.09
920,3.094417,56.068611,6.11
921,3.086278,38.840278,3.39
922,3.121944,64.057778,5.89
923,3.089111,40.5825,6.05
924,3.077972,15.856111,6.49
925,3.071222,-7.600833,5.26
926,3.07725,1.863611,6.05
927,3.09075,25.255278,6.8
928,3.09075,25.255278,7.0
929,3.048861,-46.975,5.82
930,3.134417,52.213333,6.31
931,3.106583,13.187222,5.62
932,3.198972,74.393611,4.87
933,3.129833,47.308333,6.41
934,3.060222,-59.737778,5.11
935,3.109306,-6.088611,5.27
936,3.136139,40.955556,2.12
937,3.151111,49.613333,4.05
938,3.123806,17.88,6.11
939,3.037611,-71.9025,5.53
940,3.139222,18.795,6.27
941,3.158278,44.857222,3.8
942,3.144083,8.470833,6.28
943,3.130806,-27.831111,6.19
944,3.160194,29.076944,5.72
945,3.169111,27.82,6.42
946,3.174167,26.896389,6.02
947,3.188167,39.611667,4.63
948,3.177472,11.8725,5.98
949,3.207333,47.725833,6.33
950,3.202667,42.376111,6.15
951,3.193833,19.726667,4.35
952,3.189417,13.047778,6.12
953,3.1765,-23.738333,6.38
954,3.203944,27.256944,5.79
955,3.188556,-3.811667,6.05
956,3.223333,48.176944,5.9
957,3.188,-16.025278,6.26
958,3.207333,6.660833,5.56
959,3.130333,-69.265556,6.15
960,3.174278,-48.734167,6.12
961,3.338806,77.734722,5.45
962,3.212889,-1.196111,5.06
963,3.201194,-28.986944,3.87
964,3.263333,57.140833,5.79
965,3.538917,84.911111,5.61
966,3.249083,42.503889,6.07
967,3.292111,65.658611,6.36
968,3.207167,-44.419722,5.93
969,3.270056,50.937778,5.03
970,3.217083,-35.943889,6.27
971,3.255694,30.556667,5.52
972,3.248361,21.044444,4.89
973,3.267972,45.345833,6.16
974,3.227222,-29.804167,6.16
975,3.263056,32.856389,6.31
976,3.267194,34.688611,6.25
977,3.209222,-57.321667,5.74
978,3.276417,32.183611,6.06
979,3.2865,40.483333,6.45
980,3.250056,-26.100278,6.25
981,3.125556,-78.989444,5.57
982,3.2965,44.025,5.47
983,3.266917,-5.918611,6.17
984,3.263889,-8.819722,4.8
985,3.333167,65.652222,4.84
986,3.296056,39.283333,5.96
987,3.3105,50.222222,5.15
988,3.276583,-9.154444,6.14
989,3.318778,50.095,5.03
990,3.269806,-30.8275,6.65
991,3.312167,34.222778,4.82
992,3.306222,-0.930278,5.38
993,3.300778,-28.796944,5.91
994,3.306139,-22.511389,4.88
995,3.332167,27.071111,5.9
996,3.322694,3.370278,4.83
997,3.311444,-18.559722,5.71
998,3.290722,-47.751667,5.85
999,3.339,29.048333,4.47
1000,3.340444,25.662778,6.12
1001,3.364611,49.070833,5.93
1002,3.357361,43.329444,4.95
1003,3.325278,-21.757778,3.69
1004,3.326333,-24.123056,5.61
1005,3.353778,21.146944,5.28
1006,3.296167,-62.575278,5.54
1007,3.351889,3.675556,5.69
1008,3.332139,-43.069722,4.27
1009,3.41125,64.586111,5.23
1010,3.303583,-62.506389,5.24
1011,3.387,49.213333,5.29
1012,3.369972,27.6075,5.52
1013,3.345889,-26.606389,6.39
1014,3.299722,-66.926944,6.05
1015,3.379222,20.741944,5.09
1016,3.356667,-23.635278,5.52
1017,3.405389,49.861111,1.79
1018,3.371194,-25.587778,6.35
1019,3.40825,33.535833,5.61
1020,3.430111,53.921667,6.51
1021,3.35925,-47.776944,6.39
1022,3.405139,24.724167,5.5
1023,3.394194,4.881944,6.38
1024,3.388278,-7.794167,6.2
1025,3.266,-77.388333,5.52
1026,3.419278,41.257222,6.51
1027,3.40725,20.803611,6.08
1028,3.402806,12.629444,6.04
1029,3.432611,49.120833,6.09
1030,3.413556,9.028889,3.6
1031,3.395722,-32.707222,6.5
1032,3.505417,71.863889,6.32
1033,3.473222,60.255556,6.49
1034,3.467528,49.062778,4.98
1035,3.484472,59.940278,4.21
1036,3.450889,18.756389,6.57
1037,3.481222,49.848333,5.58
1038,3.452833,9.732778,3.74
1039,3.455194,12.735,6.28
1040,3.498583,58.878611,4.54
1041,3.472444,33.8075,5.61
1042,3.432167,-35.920833,6.39
1043,3.503139,59.366111,6.13
1044,3.489472,49.508889,4.67
1045,3.439583,-27.3175,5.93
1046,3.500056,55.451944,5.09
1047,3.490611,46.937778,6.24
1048,3.474056,22.804167,6.03
1049,3.436583,-41.636944,6.32
1050,3.466944,-11.286667,5.73
1051,3.510278,48.103611,5.82
1052,3.509583,47.995278,4.36
1053,3.400694,-69.624722,6.15
1054,3.459278,-35.681389,5.71
1055,3.586778,73.346944,6.57
1056,3.524833,49.209722,6.29
1058,3.469861,-35.853333,6.5
1059,3.530306,49.400833,6.39
1060,3.494194,-6.805,5.99
1061,3.506806,11.336389,5.14
1062,3.493333,-12.674722,5.59
1063,3.535722,48.023611,5.47
1064,3.426722,-69.336389,5.96
1065,3.522444,27.571944,5.96
1066,3.514556,12.936667,4.11
1067,3.512611,6.188611,5.94
1068,3.558917,58.765,6.4
1069,3.540639,46.056944,5.31
1070,3.510306,-5.075278,4.73
1071,3.561444,57.868889,6.37
1072,3.544194,44.855556,6.41
1073,3.560833,54.974722,5.98
1074,3.544444,35.461667,5.9
1075,3.498611,-42.634167,5.78
1076,3.503778,-41.37,6.12
1077,3.583556,60.041111,6.46
1078,3.55975,39.899444,5.81
1079,3.543333,9.373611,5.77
1080,3.656889,75.739722,6.27
1081,3.510278,-47.375278,5.99
1082,3.531639,-25.614167,6.38
1083,3.489639,-62.9375,4.72
1084,3.548833,-9.458333,3.73
1085,3.568972,17.832778,6.17
1086,3.574056,24.464444,5.92
1087,3.608167,48.192778,4.23
1088,3.563139,-21.632778,4.27
1089,3.580333,6.417778,6.49
1090,3.543,-50.378611,5.68
1091,3.577056,-9.868611,6.25
1092,3.514333,-66.489722,5.83
1093,3.565778,-31.080278,6.2
1094,3.638806,56.932778,6.3
1095,3.575972,-31.874722,6.4
1096,3.547667,-61.016944,6.41
1097,3.633389,42.583056,6.42
1098,3.599361,-11.193611,5.57
1099,3.613139,0.587778,5.71
1100,3.604833,-17.466944,5.23
1101,3.614556,0.401667,4.28
1102,3.629944,15.430833,6.39
1103,3.650028,20.915833,6.5
1104,3.573528,-65.764444,6.75
1105,3.702583,63.216667,5.1
1106,3.61825,-40.274722,4.58
1107,4.167083,86.626111,5.86
1108,3.641444,-7.391667,5.85
1109,3.499667,-78.351944,5.7
1110,3.657139,16.536667,6.16
1111,3.650306,-5.626111,5.96
1112,3.711861,59.969444,5.76
1113,3.685528,37.58,5.57
1114,3.646583,-27.943056,6.01
1115,3.664194,3.056944,5.57
1116,3.660639,-3.393056,6.23
1117,3.657056,-10.437222,6.19
1118,3.679528,25.329444,6.11
1119,3.666528,-1.120556,6.12
1120,3.669833,-15.226667,6.33
1121,3.677306,-5.210556,5.53
1122,3.715417,47.7875,3.01
1123,3.70625,33.965,4.97
1124,3.766917,67.201667,5.8
1125,3.687167,-11.803056,6.49
1126,3.70525,19.700278,5.69
1127,3.735111,48.523611,6.06
1128,3.689556,-19.584722,6.59
1129,3.767306,63.345,4.8
1130,3.744694,46.099722,6.11
1131,3.738639,32.288333,3.83
1132,3.729778,19.665,6.14
1133,3.742056,36.46,5.59
1134,3.704139,-31.938333,5.0
1135,3.753222,42.578611,3.77
1136,3.720806,-9.763333,3.54
1137,3.741139,20.928611,6.1
1138,3.8205,70.871111,5.44
1139,3.726056,-10.485556,5.6
1140,3.746722,24.289444,5.46
1141,3.766472,45.681944,5.66
1142,3.747917,24.113333,3.7
1143,3.713917,-37.313611,4.59
1144,3.752694,24.839167,5.64
1145,3.753472,24.467222,4.3
1146,3.741806,-1.163056,5.25
1147,3.792278,55.9225,6.1
1148,3.839306,71.332222,4.63
1149,3.763778,24.367778,3.87
1150,3.749028,-0.296667,5.55
1151,3.765111,24.554722,5.76
1152,3.767472,24.528056,6.43
1153,3.761222,6.05,5.35
1154,3.608333,-78.323056,6.29
1155,3.825333,65.526111,4.47
1156,3.772111,23.948333,4.18
1157,3.735056,-40.660278,6.45
1158,3.826861,63.297222,5.85
1159,3.769306,6.803056,5.91
1160,3.805083,50.736667,6.14
1161,3.822111,57.118056,6.46
1162,3.769028,-12.101667,4.42
1163,3.797944,33.6,6.57
1164,3.796917,32.195,6.25
1165,3.791417,24.105,2.87
1166,3.861611,68.5075,6.32
1167,3.747389,-48.061389,6.49
1168,3.742722,-54.273889,6.3
1169,3.754389,-47.359722,5.73
1170,3.818944,43.963056,6.02
1171,3.774278,-29.338056,5.9
1172,3.805806,23.421111,5.45
1173,3.780806,-23.249722,4.23
1174,3.804528,11.143333,5.07
1175,3.736667,-64.806944,3.85
1176,3.834583,44.967778,5.66
1177,3.825722,33.091389,5.11
1178,3.819361,24.053333,3.63
1179,3.788917,-29.901944,6.55
1180,3.819778,24.136667,5.09
1181,3.794333,-23.874722,5.24
1182,3.810806,0.227778,5.91
1183,3.82875,23.711667,6.17
1184,3.798889,-30.167778,5.54
1185,3.831944,22.244444,6.07
1186,3.797111,-36.105833,6.21
1187,3.809944,-20.903056,5.81
1188,3.838583,25.579444,5.26
1189,3.809833,-37.622222,5.4
1190,3.809972,-37.620556,4.73
1191,3.864917,34.359167,5.77
1192,3.895361,57.975,5.8
1193,3.860167,22.031667,6.83
1194,3.854389,13.045833,6.3
1195,3.82425,-36.200278,4.17
1196,3.941722,71.821667,6.34
1197,3.867861,31.168333,6.25
1198,3.894083,48.650556,5.76
1199,3.866722,6.534722,5.67
1200,3.843778,-36.425278,6.86
1201,3.886111,17.326944,5.97
1202,3.878222,-5.361389,5.48
1203,3.902194,31.883611,2.85
1204,3.957083,63.072222,5.03
1205,3.952306,61.108889,5.0
1206,3.886944,-18.434444,6.22
1207,3.932833,47.871389,5.37
1208,3.787306,-74.238889,3.24
1209,3.923056,31.045833,6.1
1210,3.943472,50.695278,5.28
1211,3.904833,-2.952778,6.14
1212,3.904861,-2.954722,4.79
1213,3.895167,-24.6125,4.65
1214,3.894139,-34.732222,5.11
1215,3.941306,35.081111,5.49
1216,3.892583,-46.893611,5.93
1217,3.921194,-12.099167,6.0
1218,3.947806,22.478056,5.63
1219,3.906444,-40.357222,5.71
1220,3.964222,40.010278,2.89
1221,3.951056,23.175556,6.06
1222,3.957333,24.461944,6.16
1223,3.967528,34.814444,6.53
1224,3.950472,6.04,6.09
1225,3.943861,-9.750833,6.19
1226,3.97475,38.840278,6.3
1227,3.909444,-52.690556,6.46
1228,3.98275,35.791111,4.04
1229,3.994444,38.820556,6.38
1230,4.167444,80.698611,5.1
1231,3.967167,-13.508611,2.95
1232,3.981194,-5.47,5.83
1233,3.994639,10.330833,6.37
1234,4.02075,36.99,6.41
1235,3.991694,-12.574167,5.6
1236,3.934444,-63.463611,6.14
1237,4.01025,17.296667,6.32
1238,4.013556,18.193889,5.89
1239,4.011333,12.490278,3.47
1240,3.99875,-24.016389,4.66
1241,4.100861,68.68,5.87
1242,4.074222,59.155556,5.06
1243,4.029472,9.997778,5.67
1244,4.025556,-1.549722,5.28
1245,3.978583,-57.1025,6.05
1246,4.011306,-30.490833,5.93
1247,3.979083,-61.400278,4.56
1248,4.110833,65.520833,6.17
1249,4.043528,-0.268889,5.38
1250,4.004361,-51.564722,6.51
1251,4.052611,5.989167,3.91
1252,4.072694,24.105833,5.47
1253,4.062389,5.435556,5.33
1254,4.065722,8.197222,5.46
1255,4.110167,54.008611,6.31
1256,4.07825,22.081944,4.36
1257,4.069417,2.826944,5.36
1258,4.056861,-20.144167,6.46
1259,4.060222,-20.158333,7.01
1260,4.130861,62.33,6.99
1261,4.109722,50.351389,4.29
1262,4.088944,22.008889,5.9
1263,4.069083,-16.588889,6.39
1264,4.014944,-62.159444,4.51
1265,4.072972,-12.7925,5.61
1266,4.021722,-61.078889,4.97
1267,4.078056,-20.381667,6.13
1268,4.110111,27.6,5.2
1269,4.116806,29.001389,5.23
1270,4.157667,59.908056,6.28
1271,3.708917,-85.262222,6.41
1272,4.099028,-8.856111,6.26
1273,4.144361,47.7125,4.04
1274,4.096306,-20.512222,6.34
1275,4.093722,-27.651667,5.59
1276,4.156222,54.828889,6.18
1277,4.137583,37.727778,6.09
1278,4.1435,38.039722,5.51
1279,4.128333,15.162778,6.01
1280,4.133167,17.339722,5.89
1281,4.229139,72.126389,6.03
1282,4.214333,68.501667,6.32
1283,4.152778,19.609167,5.5
1284,4.150444,13.398333,5.95
1285,4.123639,-42.916944,6.59
1286,4.183056,33.586667,5.72
1287,4.180528,26.480833,5.41
1288,4.154944,-16.385833,5.37
1289,4.470278,83.807778,5.57
1290,4.172917,-6.923889,5.44
1291,4.14275,-45.864722,6.59
1292,4.188972,5.523056,5.72
1293,4.179917,-8.819722,5.7
1294,4.122667,-64.2225,6.38
1295,4.208722,17.2775,6.09
1296,4.2505,57.460278,6.08
1297,4.214222,22.413611,6.12
1298,4.19775,-6.8375,4.04
1299,4.179389,-35.273889,6.44
1300,4.193389,-20.356111,5.79
1301,4.233222,37.966944,6.45
1302,4.180722,-41.993611,4.93
1303,4.248306,48.409444,4.14
1304,4.500028,83.340556,5.46
1305,4.281556,61.850278,5.7
1306,4.248139,40.483611,4.71
1307,4.226333,10.212222,6.23
1308,4.225361,8.890556,6.51
1309,4.225861,7.716111,5.29
1310,4.230528,12.753333,6.25
1311,4.232333,9.263611,4.84
1312,4.227278,-1.149722,6.44
1313,4.285611,57.860556,5.71
1314,4.278639,53.611944,5.19
1315,4.243417,10.011111,5.22
1316,4.208778,-44.368333,6.71
1317,4.450778,80.824167,5.43
1318,4.239917,-10.256389,4.87
1319,4.262861,15.400556,6.32
1320,4.258917,8.892222,4.29
1321,4.257167,6.199722,6.93
1322,4.258111,6.186667,6.31
1323,4.226583,-40.357778,6.37
1324,4.304056,50.295556,4.61
1325,4.254528,-7.652778,4.43
1326,4.233361,-42.294444,3.86
1327,4.344528,65.140556,5.27
1328,4.302278,42.141111,6.22
1329,4.287667,20.578611,4.94
1330,4.320361,50.048889,5.45
1331,4.306444,21.579167,5.65
1332,4.288667,-6.471944,5.94
1333,4.336528,50.920833,5.55
1334,4.306806,9.486667,6.54
1335,4.363222,60.735556,5.39
1336,4.240417,-62.473889,3.35
1337,4.337333,41.808056,5.92
1338,4.267111,-51.486667,4.25
1339,4.323917,21.142222,5.35
1340,4.246861,-62.191944,5.45
1341,4.326861,21.773611,5.38
1342,4.364389,56.506667,5.88
1343,4.340167,34.566667,4.93
1344,4.336111,31.953333,6.16
1345,4.304417,-20.715556,6.0
1346,4.329889,15.6275,3.65
1347,4.29825,-33.798333,3.56
1348,4.33925,27.350833,4.95
1349,4.327083,10.121389,6.31
1350,4.359222,46.498889,4.85
1351,4.332694,14.035278,5.59
1352,4.38275,59.616389,6.19
1353,4.310389,-22.970278,6.07
1354,4.340306,18.7425,6.12
1355,4.274694,-59.301944,4.44
1356,4.343417,15.095278,5.26
1357,4.272528,-60.948611,6.37
1358,4.348,13.864167,6.17
1359,4.3175,-33.905,6.37
1360,4.344778,6.130833,5.77
1361,4.346944,9.225556,6.53
1362,4.344083,-6.245556,6.27
1363,4.345222,-7.5925,5.85
1364,4.321278,-44.268056,5.34
1365,4.311111,-52.86,6.09
1366,4.357528,-0.098056,5.86
1367,4.344167,-20.639722,5.38
1368,4.367639,14.077222,5.72
1369,4.376361,25.629167,5.37
1370,4.373,20.821389,5.91
1371,4.393306,42.428056,6.23
1372,4.2945,-63.255556,5.87
1373,4.38225,17.5425,3.76
1374,4.358694,-25.728333,6.01
1375,4.392333,20.982222,5.99
1376,4.390278,16.777222,5.64
1377,4.408111,34.130556,5.73
1378,4.399944,24.301111,6.36
1379,4.410389,33.959722,5.76
1380,4.401611,17.443889,4.8
1381,4.39775,9.460833,5.12
1382,4.45025,57.585278,6.32
1383,4.394667,-3.745556,5.17
1384,4.384917,-24.892222,5.83
1385,4.415861,19.041667,5.98
1386,4.385472,-35.545,6.39
1387,4.422806,22.293889,4.22
1388,4.423611,22.199722,5.28
1389,4.424833,17.928056,4.29
1390,4.435083,31.438889,5.28
1391,4.427028,15.940833,6.46
1392,4.438472,22.813611,4.28
1393,4.400611,-34.016944,3.96
1394,4.439111,15.618333,4.49
1395,4.364806,-63.386389,5.24
1396,4.443444,14.713611,4.69
1397,4.439194,8.590278,6.06
1398,4.415667,-34.757778,6.55
1399,4.454861,22.996389,5.53
1400,4.450194,2.079444,6.23
1401,4.558528,72.528611,5.94
1402,4.458,11.2125,5.88
1403,4.466889,21.62,5.72
1404,4.421972,-44.160833,6.39
1405,4.403389,-57.071389,6.29
1406,4.481083,30.361389,6.4
1407,4.474,16.359722,4.97
1408,4.473167,14.740833,5.9
1409,4.476944,19.180278,3.53
1410,4.449167,-24.081389,6.11
1411,4.47625,15.962222,3.84
1412,4.477694,15.870833,3.4
1413,4.467667,1.858611,6.15
1414,4.480611,13.0475,5.03
1415,4.475583,1.380833,5.55
1416,4.418139,-61.238333,5.94
1417,4.533833,53.910833,5.77
1418,4.451667,-46.9475,6.1
1419,4.510639,32.458056,6.21
1420,4.49525,10.521667,6.79
1421,4.4775,-19.458333,5.96
1422,4.502389,15.638056,5.58
1423,4.48525,-13.048333,5.6
1424,4.523333,40.010278,6.26
1425,4.500667,10.2625,6.48
1426,4.29975,-80.213889,5.69
1427,4.509361,16.193889,4.78
1428,4.510806,15.691944,5.48
1429,4.469278,-41.96,6.44
1430,4.510361,13.724444,5.4
1431,4.502694,-13.592222,6.24
1432,4.531056,15.851667,6.02
1433,4.488889,-46.515278,6.16
1434,4.556917,43.063889,6.09
1435,4.46275,-62.520833,5.75
1436,4.534667,5.41,6.39
1437,4.531306,-0.043889,4.91
1438,4.523861,-13.645,6.21
1439,4.511194,-35.653611,5.96
1440,4.606722,64.261667,5.94
1441,4.543722,-3.209167,5.81
1442,4.559139,18.016667,6.25
1443,4.513917,-44.953889,5.07
1444,4.564139,14.844444,4.65
1445,4.577222,28.961111,5.88
1446,4.563361,9.413056,6.01
1447,4.556111,-10.785833,6.06
1448,4.568972,5.568611,5.68
1449,4.565222,-6.738889,5.72
1450,4.570611,-6.837778,6.09
1451,4.569889,-8.231389,5.11
1452,4.569917,-8.970278,5.26
1453,4.5585,-29.766667,4.51
1454,4.6115,41.264722,4.25
1455,4.595194,19.881667,6.36
1456,4.349417,-81.58,5.79
1457,4.598667,16.509167,0.85
1458,4.59425,10.160833,4.25
1459,4.608111,23.340833,6.02
1460,4.587222,-9.736667,6.37
1461,4.583472,-19.920556,6.13
1462,4.600444,-3.611944,6.33
1463,4.605306,-3.3525,3.93
1464,4.5925,-30.562222,3.82
1465,4.566611,-55.045,3.27
1466,4.666139,53.473056,5.35
1467,4.665194,53.079722,5.05
1468,4.76675,76.611111,6.49
1469,4.620472,0.998333,5.31
1470,4.641556,26.94,6.47
1471,4.637722,20.684722,5.92
1472,4.635944,16.033333,5.79
1473,4.635972,12.510833,4.27
1474,4.626694,-2.473333,5.23
1475,4.559444,-62.823611,5.79
1476,4.614139,-30.716667,6.3
1477,4.656417,25.218333,6.22
1478,4.652556,15.799722,5.07
1479,4.654583,15.918056,4.69
1480,4.651722,7.870833,5.39
1481,4.636333,-14.303889,3.87
1482,4.690028,48.300833,5.67
1483,4.648222,-12.123056,5.01
1484,4.667611,12.197778,5.46
1485,4.380806,-82.899167,6.76
1486,4.721694,59.520833,6.5
1487,4.655472,-14.359167,5.45
1488,4.663111,-1.052778,6.1
1489,4.697306,38.280278,5.99
1490,4.688833,28.615,5.78
1491,4.813972,75.941111,6.06
1492,4.612667,-62.0775,5.4
1493,4.722667,49.973889,5.87
1494,4.715083,43.365,5.29
1495,4.668556,-24.4825,5.58
1496,4.674028,-19.671667,4.32
1497,4.704083,22.956944,4.28
1498,4.651194,-51.672778,6.44
1499,4.7205,24.088889,6.13
1500,4.736917,40.786944,6.08
1501,4.730083,32.865278,6.45
1502,4.676028,-41.863889,4.45
1503,4.700972,-37.144444,5.05
1504,4.67175,-58.943611,6.53
1505,4.726278,-8.793611,6.82
1506,4.726417,-8.796111,6.7
1507,4.7405,11.146111,5.4
1508,4.734806,-8.503611,5.9
1509,4.71925,-30.765556,5.68
1510,4.843444,70.941667,6.37
1511,4.800083,56.757222,5.3
1512,4.761806,23.628056,6.35
1513,4.735556,-18.666667,5.53
1514,4.779,40.312778,5.97
1515,4.801944,55.6025,6.26
1516,4.712889,-50.481389,5.31
1517,4.771333,18.735,6.01
1518,4.728944,-41.064722,6.25
1519,4.767139,11.705556,5.37
1520,4.758361,-3.254722,4.02
1521,4.751167,-21.283611,5.72
1522,4.773361,-2.954444,6.33
1523,5.00575,81.193889,5.07
1524,4.763778,-34.005,6.86
1525,4.773833,-28.0875,6.19
1526,4.765389,-39.356667,6.05
1527,4.868111,63.505278,5.44
1528,4.821944,32.588333,5.86
1529,4.820222,31.437222,5.58
1530,4.739194,-59.732778,5.27
1531,4.639361,-77.656111,6.05
1532,4.793417,-16.934444,5.51
1533,4.831833,37.488333,4.88
1534,4.812389,3.588333,6.03
1535,4.852583,48.740833,5.66
1536,4.810083,-5.673889,5.78
1537,4.828917,15.904167,6.08
1538,4.809028,-16.329444,5.77
1539,4.797111,-30.020278,6.37
1540,4.749417,-63.229722,6.46
1541,4.71775,-70.931111,5.54
1542,4.900833,66.342778,4.29
1543,4.830667,6.961389,3.19
1544,4.843528,8.900278,4.36
1545,4.828389,-13.769722,6.26
1546,4.886056,52.840833,6.41
1547,4.85625,18.839722,5.1
1548,4.809389,-43.98,6.72
1549,4.836556,-16.217222,5.03
1550,4.879944,42.586667,5.71
1551,4.877222,36.703056,4.78
1552,4.853444,5.605,3.69
1553,4.862056,9.975,6.11
1554,4.87975,27.8975,5.97
1555,4.917528,55.259167,5.52
1556,4.875556,14.250556,4.74
1557,4.837833,-41.320833,6.07
1558,4.91425,44.060833,6.08
1559,4.857833,-34.906389,5.86
1560,4.881583,-5.452778,4.39
1561,4.935306,52.869444,5.75
1562,4.889667,2.508056,5.33
1563,4.848667,-53.461389,5.61
1564,4.848972,-53.459722,6.42
1565,4.898833,1.569444,6.61
1566,4.916194,19.485278,6.37
1567,4.904194,2.440556,3.72
1568,4.954778,53.752222,4.47
1569,4.913028,11.426111,5.19
1570,4.914944,10.150833,4.65
1571,4.913278,7.779167,5.33
1572,5.038917,74.269167,6.06
1573,4.938861,36.168889,6.07
1574,4.914083,0.4675,5.99
1575,4.937667,24.592222,6.37
1576,4.930639,15.04,5.81
1577,4.949889,33.166111,2.69
1578,4.932889,5.399167,6.5
1579,4.918556,-16.740556,5.7
1580,4.939528,13.514444,4.07
1581,4.921833,-16.417778,5.72
1582,4.940056,-5.171389,5.51
1583,4.925056,-25.727778,6.72
1584,4.915222,-39.628611,6.1
1585,4.956194,17.153611,5.48
1586,4.963528,23.948611,5.79
1587,5.070278,73.763889,6.66
1588,4.996194,53.155556,6.08
1589,5.077722,74.066944,5.96
1590,4.969278,25.050278,5.81
1591,4.954778,-1.067222,6.23
1592,4.987611,37.890278,4.94
1593,5.026639,61.078056,6.03
1594,5.047333,66.822778,6.19
1595,4.962444,-14.231389,6.15
1596,4.969667,-2.2125,6.35
1597,4.914722,-58.547222,6.12
1598,4.891806,-66.675556,6.41
1599,5.005083,39.394722,5.95
1600,4.983167,14.542778,6.09
1601,4.975806,1.714167,4.47
1602,5.006444,39.655,6.58
1603,5.056972,60.442222,4.03
1604,4.983694,-16.375833,5.66
1605,5.032806,43.823333,2.99
1606,4.884861,-72.4075,6.28
1607,4.993472,-14.805833,7.71
1608,4.997333,-10.263333,5.38
1609,5.009056,3.615278,7.03
1610,5.009417,3.616111,6.66
1611,4.998833,-12.5375,4.79
1612,5.041306,41.075833,3.75
1613,5.011056,-2.065556,6.32
1614,5.013611,-5.753333,6.22
1615,5.055167,41.441667,6.14
1616,5.53,85.938611,6.51
1617,5.023972,-7.173889,4.81
1618,5.030639,0.722222,5.92
1619,5.033333,1.608889,6.24
1620,5.051583,21.59,4.64
1621,5.023778,-20.051944,4.91
1622,5.102361,58.9725,5.08
1623,5.103389,59.021111,6.08
1624,5.10825,61.17,6.04
1625,5.045972,-4.209722,5.85
1626,5.070694,30.494722,6.14
1627,5.076917,32.320278,6.62
1628,5.036056,-26.275,5.02
1629,4.919778,-74.936944,5.47
1630,5.106111,54.405833,7.24
1631,5.02625,-39.718056,6.03
1632,5.077194,27.696111,6.6
1633,5.072667,21.278056,6.19
1634,5.045806,-22.795,5.75
1635,5.039667,-31.771389,5.94
1636,5.160194,69.639444,6.41
1637,5.111278,51.597778,5.0
1638,5.076139,15.404167,4.68
1639,5.10025,35.936389,6.52
1640,5.064444,-14.369444,6.41
1641,5.108583,41.234444,3.17
1642,5.09225,19.806389,6.44
1643,5.206222,73.946667,5.43
1644,5.113778,43.174722,6.2
1645,5.064806,-24.387778,5.61
1646,5.081806,-3.039722,6.05
1647,5.162361,64.919444,6.41
1648,5.089917,1.1775,6.17
1649,5.046833,-49.151389,5.38
1650,5.243222,76.472778,6.37
1651,5.065,-41.745,6.31
1652,5.073444,-35.483333,4.55
1653,5.073917,-35.705278,6.34
1654,5.091028,-22.371111,3.19
1655,5.087833,-26.1525,5.73
1656,5.124167,18.645,5.0
1657,5.112694,-4.655,5.12
1658,5.130111,20.418333,5.3
1659,5.135167,24.265278,5.5
1660,5.132083,21.704722,5.89
1661,5.110194,-13.121944,6.05
1662,5.127306,9.471944,6.17
1663,5.082778,-49.577778,5.03
1664,5.131361,8.498333,5.34
1665,5.123611,-12.490556,5.97
1666,5.130833,-5.086389,2.79
1667,5.0835,-54.4075,6.27
1668,5.178583,46.962222,5.68
1669,5.171917,37.301944,6.02
1670,5.162528,28.030556,6.01
1671,5.138944,-8.665,5.78
1672,5.155444,9.829444,5.43
1673,5.145444,-4.456111,5.12
1674,5.091833,-57.472778,4.72
1675,5.217556,61.85,6.17
1676,5.161667,15.597222,4.82
1677,5.045278,-71.314444,5.31
1678,5.225361,62.691389,6.5
1679,5.152444,-8.754167,4.27
1680,5.137444,-35.718333,6.52
1681,5.167556,-0.565278,6.1
1682,5.003667,-78.300278,6.29
1683,5.303694,73.268056,5.74
1684,5.194889,16.045556,5.18
1685,5.182778,-2.253889,6.25
1686,5.375972,79.231111,5.05
1687,5.188667,-2.490833,5.9
1688,5.253139,59.405556,6.15
1689,5.223806,38.484444,4.86
1690,5.194833,0.514722,6.67
1691,5.195917,1.036944,5.89
1692,5.245639,53.213889,6.2
1693,5.189667,-11.849167,5.68
1694,5.179028,-25.909444,6.41
1695,5.126111,-63.399722,5.2
1696,5.204972,-11.869167,4.45
1697,5.213389,-6.057222,5.91
1698,5.221528,2.861111,4.46
1699,5.193306,-37.395278,6.57
1700,5.102583,-73.037778,6.27
1701,5.225444,1.968056,6.09
1702,5.215528,-16.205556,3.31
1703,5.229778,0.560278,6.32
1704,5.225917,-8.147778,6.37
1705,5.220528,-12.941389,4.36
1706,5.256778,32.687778,5.02
1707,5.288278,53.586111,6.5
1708,5.278167,45.998056,0.08
1709,5.245583,5.156111,5.5
1710,5.233306,-14.606667,6.21
1711,5.257694,22.284722,6.27
1712,5.271722,34.311944,5.96
1713,5.242306,-8.201667,0.12
1714,5.730194,85.668056,6.6
1715,5.229583,-35.825556,6.98
1716,4.980806,-82.470556,5.85
1717,5.255111,-1.409167,6.15
1718,5.267806,11.341389,5.56
1719,5.324389,58.117222,6.13
1720,5.339611,62.653611,5.61
1721,5.241333,-35.977222,5.76
1722,5.304417,42.792222,5.48
1723,5.25675,-26.943333,5.07
1724,5.278083,1.947222,6.42
1725,5.311222,40.465,6.18
1726,5.302972,33.371667,4.54
1727,5.231472,-52.031111,6.05
1728,5.30525,33.767222,6.14
1729,5.319028,40.099167,4.71
1730,5.263056,-34.926667,6.66
1731,5.280028,-17.141667,6.56
1732,5.316667,33.748333,5.41
1733,5.333972,44.425556,6.62
1734,5.323222,33.985556,6.49
1735,5.293444,-6.844444,3.6
1736,5.34425,46.963889,6.54
1737,5.2945,-13.519722,5.5
1738,5.337444,41.086111,5.52
1739,5.321278,22.096389,4.94
1740,5.333583,33.958056,5.03
1741,5.32075,20.134722,6.08
1742,5.260806,-52.181944,6.49
1743,5.291417,-34.895278,4.83
1744,5.229278,-67.185278,4.83
1745,5.490472,77.9775,6.56
1746,5.319778,2.595833,5.34
1747,5.314,-18.13,5.96
1748,5.326444,-1.412222,6.34
1749,5.363444,41.804444,5.23
1750,5.349806,27.957222,6.33
1751,5.391056,57.544444,5.28
1752,5.353528,29.57,5.76
1753,5.321528,-18.52,6.36
1754,5.32175,-18.509722,6.54
1755,5.349056,19.814167,6.18
1756,5.32625,-13.176667,4.29
1757,5.333083,-12.315556,5.3
1758,5.32325,-27.368889,5.99
1759,5.340667,-5.366667,6.39
1760,5.380639,41.029444,5.54
1761,5.355361,4.011944,6.57
1762,5.340806,-21.239444,4.71
1763,5.362111,8.428611,5.8
1764,5.358833,-0.416389,5.68
1765,5.362694,-0.3825,4.73
1766,5.339056,-34.698889,6.34
1767,5.322806,-50.606111,5.45
1768,5.389694,28.936667,6.46
1769,5.364167,-13.756111,6.56
1770,5.380556,3.544444,5.0
1771,5.362833,-24.773056,5.06
1772,5.354694,-34.345278,6.09
1773,5.410889,37.385556,4.99
1774,5.393806,16.699444,6.08
1775,5.410639,31.223889,6.28
1776,5.410694,31.143056,5.94
1777,5.391972,5.3225,6.35
1778,5.388472,-8.415833,5.9
1779,5.420278,34.855278,6.55
1780,5.407056,17.383333,4.99
1781,5.395083,-0.159722,5.7
1782,5.397611,-0.867222,6.11
1783,5.391722,-13.927222,5.25
1784,5.399111,-7.808056,4.14
1785,5.386667,-26.705833,6.49
1786,5.410056,2.352778,6.32
1787,5.408028,-0.891389,5.08
1788,5.407944,-2.396944,3.36
1789,5.412444,1.846389,4.95
1790,5.418861,6.349722,1.64
1791,5.438194,28.6075,1.65
1792,5.407889,-16.976111,5.65
1793,5.39,-39.678611,5.71
1794,5.448417,35.457222,6.15
1795,5.446917,34.391667,5.94
1796,5.447583,33.262778,6.15
1797,5.394167,-37.336667,6.82
1798,5.434917,16.700278,6.25
1799,5.417111,-10.329167,5.61
1800,5.425333,-0.544167,6.57
1801,5.372806,-56.134444,6.11
1802,5.502833,63.067222,5.42
1803,5.429722,0.520833,6.16
1804,5.452306,30.208611,5.74
1805,5.460806,34.475833,5.07
1806,5.434,-5.518333,6.23
1807,5.444111,6.869167,6.42
1808,5.452806,17.962222,5.42
1809,5.453833,15.257778,6.16
1810,5.460583,21.936944,4.88
1811,5.447278,3.095556,4.59
1812,5.433278,-19.695556,5.89
1813,5.415444,-44.225833,6.08
1814,5.462667,15.874167,5.5
1815,5.207139,-81.541667,6.51
1816,5.467111,17.238889,5.77
1817,5.451333,-11.900833,6.35
1818,5.412833,-52.316389,6.27
1819,5.476333,13.678889,6.35
1820,5.467111,1.298333,6.41
1821,5.487917,25.150556,5.47
1822,5.494611,29.186389,6.24
1823,5.460139,-21.375556,6.07
1824,5.5135,41.461944,6.0
1825,5.512528,39.825833,6.37
1826,5.482417,-3.3075,6.39
1827,5.451472,-40.943611,5.87
1828,5.542722,57.221111,6.48
1829,5.47075,-20.759444,2.84
1830,5.489889,-3.446389,5.79
1831,5.512056,22.4625,6.29
1832,5.50725,15.360278,5.94
1833,5.498556,1.789167,5.78
1834,5.495556,-1.092222,4.71
1835,5.470917,-37.230556,5.57
1836,5.438694,-58.9125,5.14
1837,5.5055,4.204167,6.21
1838,5.485194,-30.116667,6.75
1839,5.513083,5.948056,4.2
1840,5.50575,-7.434722,6.33
1842,5.520694,3.292222,5.46
1843,5.545472,32.191944,4.76
1844,5.662139,75.043889,6.17
1845,5.536889,18.594444,4.38
1846,5.557972,42.108889,6.55
1847,5.537278,17.058056,5.46
1848,5.522472,-6.708333,6.22
1849,5.518778,-20.863611,5.55
1850,5.557639,32.801111,6.48
1851,5.533472,-0.284444,6.85
1852,5.533444,-0.299167,2.23
1853,5.621167,66.696111,6.26
1854,5.560556,34.725833,6.27
1855,5.532167,-7.301389,4.62
1856,5.502639,-47.077778,5.46
1857,5.620861,64.154722,6.15
1858,5.558778,18.540278,5.69
1859,5.45,-68.622778,6.03
1860,5.560778,20.474167,6.18
1861,5.544806,-1.591944,5.35
1862,5.520194,-35.470556,3.87
1863,5.552,-1.718333,6.46
1864,5.565083,14.305556,5.64
1865,5.5455,-17.822222,2.58
1866,5.609778,54.428889,5.73
1867,5.488167,-62.314444,6.59
1868,5.558722,-1.156111,5.34
1869,5.604417,47.715278,6.11
1870,5.526694,-45.925278,5.86
1871,5.566,1.407778,6.59
1872,5.571306,3.766944,5.36
1873,5.56775,-1.035556,6.22
1874,5.567778,-1.470556,5.93
1875,5.590861,24.039444,5.38
1876,5.580333,9.489444,4.41
1877,5.547583,-38.513056,5.48
1878,5.59875,27.662222,6.27
1879,5.585639,9.934167,3.54
1880,5.585694,9.935,5.61
1881,5.552056,-35.139722,5.78
1882,5.504417,-63.927778,6.19
1883,5.587056,10.24,5.6
1884,5.614556,40.182222,6.09
1885,6.022278,85.182222,6.11
1886,5.583583,-6.009167,5.67
1887,5.584083,-6.001944,4.78
1888,5.564472,-29.848889,6.53
1889,5.608389,25.939444,6.49
1890,5.589389,-4.493333,6.56
1891,5.589583,-4.425278,6.24
1892,5.589778,-4.838333,4.59
1893,5.58775,-5.387222,6.73
1894,5.587806,-5.385278,7.96
1895,5.587917,-5.389722,5.13
1896,5.588139,-5.387778,6.7
1897,5.589694,-5.416111,5.08
1898,5.591972,-4.364722,6.38
1899,5.590556,-5.91,2.77
1900,5.593278,-3.252778,6.4
1901,5.594306,-4.855833,5.26
1902,5.619111,26.924167,5.83
1903,5.603556,-1.201944,1.7
1904,5.629361,33.559167,6.33
1905,5.617722,17.040278,5.54
1906,5.604167,-5.648056,6.54
1907,5.615083,9.290556,4.09
1908,5.617889,11.035,5.94
1909,5.587611,-33.08,5.78
1910,5.627417,21.1425,3.0
1911,5.609917,-6.065,5.72
1912,5.562333,-54.902222,6.43
1913,5.622028,8.951944,6.12
1914,5.643917,30.4925,5.4
1915,5.602861,-28.707778,6.26
1916,5.707333,65.697778,5.6
1917,5.549889,-64.2275,5.34
1918,5.624278,-5.938333,6.05
1919,5.619111,-11.775556,6.11
1920,5.633639,7.541389,5.88
1921,5.649278,26.617778,6.37
1922,5.560417,-62.489722,3.76
1923,5.6315,-4.813611,6.19
1924,5.655111,29.215278,5.96
1925,5.688972,53.481111,6.23
1926,5.62125,-27.871389,6.16
1927,5.60075,-47.313889,6.11
1928,5.662278,25.896944,5.18
1929,5.6575,21.762778,6.34
1930,5.584,-58.871111,6.75
1931,5.645778,-2.6,3.81
1932,5.646417,-2.594167,6.65
1933,5.643833,-6.573889,5.96
1934,5.653083,4.121389,4.57
1935,5.629056,-28.689444,5.31
1936,5.582667,-61.175833,6.32
1937,5.648083,-7.213056,4.8
1938,5.676639,31.358056,6.04
1939,5.678361,31.920833,6.11
1940,5.658667,-3.564722,6.0
1941,5.717111,56.581667,6.05
1942,5.658556,-9.706667,6.5
1943,5.735722,61.476667,6.15
1944,5.654528,-17.849444,6.38
1945,5.689167,29.4875,6.43
1946,5.68825,16.533889,4.86
1947,5.645444,-40.7075,5.82
1948,5.679306,-1.942778,2.05
1949,5.679333,-1.942778,4.21
1950,5.677028,-2.825,6.22
1951,5.6985,23.326389,6.59
1952,5.680722,-1.128889,4.95
1953,5.531361,-76.341111,5.19
1954,5.701083,22.660278,6.36
1955,5.684889,0.337778,5.93
1956,5.660806,-34.074167,2.64
1957,5.679444,-10.409444,6.52
1958,5.663833,-32.629167,5.45
1959,5.694528,-2.896111,6.42
1960,5.615194,-66.560278,6.31
1961,5.722083,23.204167,6.21
1962,5.694861,-16.725556,6.21
1963,5.707944,1.474722,4.91
1964,5.579083,-73.741389,5.78
1965,5.703972,-17.530278,6.15
1966,5.690833,-33.400556,6.34
1967,5.714944,-6.796111,6.02
1968,5.703861,-22.373611,5.87
1969,5.775111,56.115556,5.94
1970,5.71925,-1.613056,6.31
1971,5.765,49.826389,5.47
1972,5.703222,-30.535556,6.19
1973,5.704194,-34.667778,5.29
1974,5.76375,40.507222,6.58
1975,5.722667,-18.5575,5.73
1976,5.818028,62.808056,6.13
1977,5.760944,20.695,6.95
1978,5.750528,4.008056,6.09
1979,5.787417,42.526667,6.29
1980,5.741222,-20.126389,6.34
1981,5.725056,-39.406944,6.25
1982,5.740694,-22.421667,6.15
1983,5.741056,-22.448333,3.6
1984,5.728083,-45.833056,6.39
1985,5.779306,15.8225,6.0
1986,5.767444,-4.268333,6.34
1987,5.781139,9.522222,5.79
1988,5.776389,1.168056,5.95
1989,5.787,14.488333,5.72
1990,5.790611,17.729167,5.49
1991,5.593417,-78.820833,6.05
1992,5.842778,56.918889,6.54
1993,5.79525,13.899722,5.29
1994,5.882083,68.471389,6.2
1995,5.819583,39.181111,4.52
1996,5.766639,-32.306389,5.17
1997,5.806222,20.869444,6.07
1998,5.782583,-14.821944,3.55
1999,5.800056,6.454167,5.27
2000,5.785444,-16.237778,6.17
2001,5.79075,-10.533056,6.03
2002,5.816944,24.5675,4.86
2003,5.849,51.514722,6.29
2004,5.795944,-9.669722,2.06
2005,5.784639,-28.639167,6.22
2006,5.8715,58.964167,6.14
2007,5.809694,-4.094722,5.97
2008,5.774278,-46.597222,5.31
2009,5.7885,-35.674722,6.32
2010,5.825806,12.651111,4.91
2011,5.850667,37.305556,4.74
2012,5.858167,39.148611,3.97
2013,5.849472,27.967778,5.56
2014,5.834056,9.871111,5.8
2015,5.746222,-65.735556,4.35
2016,5.841361,14.305556,5.52
2017,5.799472,-40.6525,6.61
2018,5.857139,32.125,6.25
2019,5.836972,4.423333,5.97
2020,5.788083,-51.066389,3.85
2021,5.826806,-14.483611,5.49
2022,5.619389,-80.469167,5.65
2023,5.786944,-54.360833,6.18
2024,5.841667,2.024444,5.98
2025,5.877639,39.574444,6.45
2026,5.831528,-22.971667,5.87
2027,5.916056,59.888333,5.2
2028,5.877806,33.9175,5.98
2029,5.914111,55.706944,4.99
2030,5.873167,19.868056,6.06
2031,5.856111,-7.518056,5.35
2032,5.826139,-44.875278,6.38
2033,5.872861,14.171667,5.59
2034,5.888778,27.612222,4.58
2035,5.855361,-20.879167,3.81
2036,5.857944,-22.926111,6.17
2037,5.874,1.855,4.78
2038,5.888639,20.299167,6.71
2039,5.868778,-9.041389,5.97
2040,5.849333,-35.768333,3.12
2041,5.959722,66.096111,6.25
2042,5.830472,-56.166667,4.51
2043,5.866528,-29.448611,6.45
2044,5.841278,-52.767778,6.35
2045,5.937333,51.803889,6.49
2046,5.916389,31.701667,5.9
2047,5.906361,20.276111,4.41
2048,5.903722,10.586944,6.12
2049,5.848111,-52.108889,5.17
2050,5.908944,11.7625,6.59
2051,5.904361,3.225278,6.31
2052,5.91575,19.749722,5.92
2053,5.875889,-37.631111,5.63
2054,5.951361,49.029444,6.47
2055,5.879917,-38.525833,6.7
2056,5.88525,-33.801389,4.87
2057,5.91225,0.968333,6.0
2058,5.909639,-4.063889,6.57
2059,5.503861,-84.785,6.2
2060,5.899278,-19.638333,6.69
2061,5.919528,7.406944,0.5
2062,5.796694,-72.702222,6.53
2063,5.930361,20.175,5.4
2064,5.831556,-66.901111,5.11
2065,5.912111,-11.773889,5.66
2066,5.942722,28.942222,6.32
2067,5.934306,13.925278,6.6
2068,5.903917,-29.147778,6.36
2069,5.889694,-42.921389,6.55
2070,5.925083,-4.616389,5.87
2071,5.9265,-4.788333,6.28
2072,5.872306,-57.156111,5.94
2073,5.856389,-64.033611,6.36
2074,5.948917,24.249722,6.02
2075,5.941111,9.509722,5.99
2076,5.947083,11.521111,5.87
2077,5.992111,54.284722,3.72
2078,6.085917,75.585833,6.4
2079,5.996028,55.320833,6.44
2080,5.996694,54.547222,6.14
2081,5.989389,49.924444,5.89
2082,5.914583,-39.958056,5.57
2083,5.902972,-50.361944,6.52
2084,5.966583,25.953889,4.82
2085,5.940083,-14.167778,3.71
2086,5.937306,-22.840278,5.96
2087,5.924972,-37.120833,4.97
2088,5.992139,44.9475,1.9
2089,5.911417,-49.626944,6.1
2090,5.942917,-23.215556,6.36
2091,5.998917,45.936944,4.26
2092,5.939139,-31.3825,5.5
2093,5.965056,1.224444,6.22
2094,5.913944,-52.635278,5.29
2095,5.995361,37.2125,2.62
2096,6.005278,44.591944,6.22
2097,5.969917,-0.994167,6.22
2098,5.946944,-31.976111,6.44
2099,5.981444,12.808611,5.7
2100,5.973444,1.836944,5.9
2101,6.016278,47.901944,5.73
2102,5.901694,-63.09,4.65
2103,5.980444,0.553056,5.22
2104,5.903306,-64.482222,6.63
2105,6.028639,48.959444,5.96
2106,5.958944,-35.283333,4.36
2107,5.983611,-9.382222,6.12
2108,5.984528,-9.558333,5.03
2109,5.993806,-1.444444,6.63
2110,6.0195,31.034722,5.98
2111,6.016778,27.572222,6.05
2112,6.046861,49.905556,6.05
2113,6.000944,-3.074167,4.53
2114,5.954,-53.426111,6.45
2115,6.048222,43.378611,6.42
2116,6.028222,22.400833,6.37
2117,5.977111,-44.034444,5.81
2118,6.004917,-12.899722,6.22
2119,6.055,42.911667,6.1
2120,5.985778,-42.815278,3.96
2121,6.085639,59.393056,6.34
2122,6.048639,32.635833,6.24
2123,6.07475,51.573333,6.45
2124,6.039722,9.6475,4.12
2125,5.837972,-79.361389,5.47
2126,6.110889,63.453611,6.39
2127,6.038083,1.694444,6.59
2128,6.030667,-10.598056,4.95
2129,6.020306,-25.417778,6.05
2130,6.057583,19.690556,5.14
2131,6.021222,-33.911667,5.55
2132,6.084278,42.981667,5.87
2133,6.056861,11.680833,6.08
2134,6.068667,23.263333,4.16
2135,6.065333,20.138333,4.63
2136,6.042722,-14.497222,6.2
2137,6.084056,37.964167,6.34
2138,6.013667,-51.216389,5.67
2139,6.092778,33.599167,6.23
2140,6.054306,-26.284444,5.04
2141,6.102361,35.3875,6.12
2142,6.070417,-6.709167,5.21
2143,6.10975,38.482778,5.36
2144,6.082833,5.42,5.67
2145,6.082889,4.158611,5.63
2146,6.10625,29.5125,6.08
2147,6.124139,41.854167,6.12
2148,6.083083,-16.484444,4.93
2149,6.072306,-32.1725,5.65
2150,6.090833,-10.242778,5.87
2151,6.035889,-60.096944,6.45
2152,6.166417,58.935833,5.36
2153,6.139722,41.055556,6.36
2154,6.11075,-4.193889,5.38
2155,6.102583,-14.935278,4.67
2156,6.096028,-24.195556,6.95
2157,6.074556,-45.036667,6.35
2158,6.077833,-45.078889,5.93
2159,6.126194,14.768333,4.42
2160,6.090861,-35.513611,5.8
2161,6.114417,-11.173611,6.66
2162,6.079694,-48.458611,6.58
2163,6.108889,-23.110556,5.47
2164,6.101528,-29.758611,5.81
2165,6.214194,65.718333,5.32
2166,6.116,-21.812778,5.78
2167,6.146444,8.67,6.55
2168,6.128222,-19.165833,5.31
2169,6.159,22.19,5.93
2170,6.117694,-34.311944,5.83
2171,6.111389,-42.298611,6.12
2172,6.196111,52.647222,6.3
2173,6.162222,23.113333,5.75
2174,6.149417,2.499444,5.73
2175,6.193472,48.713056,6.82
2176,6.1935,48.711111,6.09
2177,6.125444,-37.253056,5.02
2178,6.117194,-45.091389,6.51
2179,6.160056,-5.711111,6.17
2180,6.149417,-22.4275,5.5
2181,6.131361,-42.153889,5.5
2182,6.155639,-18.126111,6.35
2183,6.159528,-14.584167,5.56
2184,6.183833,18.129444,6.33
2185,6.192306,24.420278,5.8
2186,6.163306,-22.774167,5.71
2187,6.142944,-44.356111,6.27
2188,6.22925,51.1725,6.04
2189,6.205583,32.693333,5.78
2190,6.197611,21.868611,6.56
2191,6.191083,13.638611,6.04
2192,6.163111,-26.700833,6.27
2193,6.200361,19.790556,5.75
2194,6.102611,-66.039722,5.71
2195,6.183694,-6.754167,6.15
2196,6.117611,-62.154722,5.05
2197,6.205306,22.908333,6.39
2198,6.200917,16.130556,4.95
2199,6.199,14.208889,4.48
2200,6.176278,-27.154167,5.72
2201,6.261278,59.999167,5.35
2202,6.195472,-4.665556,6.18
2203,6.169528,-40.353611,5.58
2204,6.156472,-49.562778,6.49
2205,6.197722,-6.550278,5.05
2206,6.187083,-26.482222,6.09
2207,6.225944,18.680278,6.58
2208,6.220167,10.6275,6.45
2209,6.314111,69.319722,4.8
2210,6.212333,-2.504444,6.62
2211,6.17775,-45.281944,6.31
2212,6.171639,-54.968611,4.81
2213,6.212861,-17.763056,6.52
2214,6.241278,17.906389,5.88
2215,6.298556,61.515278,4.98
2216,6.247944,22.506667,3.28
2217,6.260833,36.148611,6.92
2218,6.23175,-3.741389,5.83
2219,6.256306,29.498056,4.35
2220,6.247472,19.156389,5.2
2221,6.145611,-68.843333,5.06
2222,6.252361,13.851111,5.91
2223,6.256972,16.143056,5.3
2224,6.243528,-4.568333,5.83
2225,6.229194,-23.861944,6.39
2226,6.225917,-29.396111,6.54
2227,6.247583,-6.274722,3.98
2228,6.292972,46.424167,6.52
2229,6.2625,12.551111,5.33
2230,6.271944,23.97,6.08
2231,6.261139,6.066111,6.07
2232,6.263056,4.283611,6.64
2233,6.259528,-0.512222,5.65
2234,6.25825,-4.915278,5.99
2235,6.273278,17.181389,6.39
2236,6.265,1.169167,6.37
2237,6.257222,-9.035278,6.1
2238,6.327056,59.010833,4.48
2239,6.304694,46.360556,6.38
2240,6.282972,23.740833,6.25
2241,6.274056,12.272222,5.04
2242,6.252333,-20.272222,5.91
2243,6.254861,-18.476667,5.99
2244,6.262472,-13.718333,5.01
2245,6.1875,-65.589444,5.01
2246,6.272556,1.080278,6.63
2247,6.285167,9.9425,5.39
2248,6.282889,7.053056,6.57
2249,6.268806,-16.617778,5.92
2250,6.292583,14.058333,6.59
2251,6.287806,5.100278,5.71
2252,6.265889,-29.788333,6.67
2253,6.301556,14.382778,6.16
2254,6.284306,-22.715,6.07
2255,6.293111,-10.725278,6.75
2256,6.275861,-35.140556,4.37
2257,6.367667,59.372222,5.94
2258,6.317167,17.325,6.32
2259,6.31125,9.047222,6.24
2260,6.294917,-16.815833,5.14
2261,6.170667,-74.753056,5.09
2262,6.276556,-39.264444,6.0
2263,6.283667,-37.7375,5.53
2264,6.362806,53.452222,5.36
2265,6.285972,-37.253056,5.87
2266,6.303806,-19.966944,5.52
2267,6.314056,-9.390278,5.36
2268,6.313556,-15.024722,6.06
2269,6.3345,14.651111,5.69
2270,6.318861,-8.586389,6.22
2271,6.316389,-20.926111,5.81
2272,6.353361,29.541111,6.43
2273,6.328556,-7.823056,5.27
2274,6.271806,-59.213611,6.43
2275,6.333222,-2.944444,4.9
2276,6.347861,11.756389,6.54
2277,6.357194,17.763611,6.35
2278,6.297694,-52.733056,6.41
2279,6.328056,-34.396667,5.78
2280,6.357167,2.268611,6.31
2281,6.313,-50.359167,7.04
2282,6.338556,-30.063333,3.02
2283,6.251639,-71.702778,6.64
2284,6.356861,-11.773333,5.64
2285,6.470722,70.535556,5.97
2286,6.382667,22.513611,2.88
2287,6.376806,12.57,6.0
2288,6.343417,-34.143889,5.53
2289,6.414972,49.288056,4.91
2290,6.335028,-48.741111,6.6
2291,6.4405,56.285,5.64
2292,6.388472,3.764444,6.4
2293,6.446917,58.417222,5.21
2294,6.378333,-17.955833,1.98
2295,6.389639,-4.687222,6.67
2296,6.368556,-33.436389,3.85
2297,6.414611,29.707222,6.71
2298,6.396139,4.592778,4.44
2299,6.39625,4.595556,6.72
2300,6.400639,8.884722,6.26
2301,6.393333,-9.874444,6.19
2302,6.414694,16.056944,6.33
2303,6.396111,-15.071667,6.24
2304,6.425806,23.326944,6.06
2305,6.402861,-11.530278,5.22
2306,6.396556,-19.785278,6.6
2307,6.387333,-31.79,6.34
2308,6.424472,14.721944,6.24
2309,6.405694,-12.9625,6.12
2310,6.420306,7.085833,5.98
2311,6.398861,-25.577778,5.63
2312,6.421778,1.501111,6.66
2313,6.421222,-0.946111,5.87
2314,6.464194,47.405278,6.56
2315,6.429611,2.272222,6.51
2316,6.400278,-36.707778,5.62
2317,6.42975,-3.889167,6.35
2318,6.412194,-28.78,6.39
2319,6.459861,32.563056,6.43
2320,6.382167,-56.37,5.61
2321,6.433,-7.894167,6.4
2322,6.393806,-52.181111,5.98
2323,6.412361,-40.284167,6.31
2324,6.444333,-1.507222,5.87
2325,6.442917,-4.597222,6.15
2326,6.399194,-52.695833,-0.72
2327,6.449639,0.840833,6.71
2328,6.445806,-7.511389,6.27
2329,6.424972,-35.063889,6.25
2330,6.465722,20.496111,6.22
2331,6.513111,58.162778,5.88
2332,6.476139,30.493056,5.55
2333,6.455667,2.908056,5.55
2334,6.453833,0.299167,5.2
2335,6.454333,-0.276111,5.55
2336,6.396361,-58.543889,6.48
2337,6.383694,-63.683056,6.27
2338,6.500833,46.685556,5.9
2339,6.482389,26.967778,6.47
2340,6.474444,16.238333,6.23
2341,6.413389,-52.806389,6.51
2342,6.471889,10.303889,6.15
2343,6.482722,20.212222,4.15
2344,6.466,-4.762222,5.06
2345,6.403806,-60.281111,5.8
2346,6.671333,79.599444,6.54
2347,6.471333,1.912222,6.48
2348,6.428778,-48.177222,5.76
2349,6.453111,-25.856667,6.07
2350,6.741722,82.115278,6.65
2351,6.483333,11.019444,6.59
2352,6.377278,-69.984167,5.56
2353,6.452083,-37.895556,6.48
2354,6.407306,-63.428889,6.46
2355,6.487472,2.646111,6.16
2356,6.480278,-7.032778,4.6
2357,6.480417,-7.034444,5.4
2358,6.480417,-7.034444,5.6
2359,6.477028,-17.466111,5.77
2360,6.415444,-63.827778,6.27
2361,6.469472,-32.58,4.48
2362,6.501528,9.029167,6.57
2363,6.674667,77.995833,5.73
2364,6.477556,-32.371111,5.74
2365,6.631917,73.695556,6.24
2366,6.519472,16.938611,6.2
2367,6.503139,-10.081389,5.93
2368,6.478417,-41.074444,6.32
2369,6.451111,-58.002222,5.82
2370,6.519306,11.250833,6.14
2371,6.527056,15.903333,6.4
2372,6.540889,32.454722,5.87
2373,6.509639,-13.148056,6.16
2374,6.527556,11.792222,6.65
2375,6.530083,11.544444,5.23
2376,6.575778,55.353056,6.45
2377,6.424611,-69.690278,5.38
2378,6.539806,11.673611,6.03
2379,6.523056,-12.391667,5.15
2380,6.512861,-27.769444,5.93
2381,6.530583,-8.158056,5.43
2382,6.538667,4.855833,5.84
2383,6.561861,33.024167,6.42
2384,6.496972,-50.239167,5.27
2385,6.548389,7.333056,4.5
2386,6.53975,-5.868889,5.6
2387,6.530917,-23.418333,4.33
2388,6.520278,-35.259167,5.84
2389,6.49125,-56.852778,5.22
2390,6.516611,-40.916389,6.2
2391,6.560028,14.155278,5.53
2392,6.546361,-11.166389,6.24
2393,6.526389,-36.94,6.34
2394,6.628167,61.481111,5.94
2395,6.560528,-1.220278,5.1
2396,6.675611,71.748889,5.92
2397,6.544167,-32.030556,5.69
2398,6.586694,28.022222,5.27
2399,6.53925,-37.696667,5.24
2400,6.52175,-51.826111,5.6
2401,6.770583,79.564722,5.45
2402,6.627361,56.8575,5.85
2403,6.557389,-20.923889,6.4
2404,6.579556,7.5725,6.45
2405,6.609139,38.445278,5.29
2406,6.588222,9.988333,5.88
2407,6.552861,-38.625278,6.44
2408,6.500833,-65.568333,6.29
2409,6.587722,0.89,5.8
2410,6.519611,-61.879722,6.15
2411,6.56375,-36.232222,5.42
2412,6.532889,-58.754167,5.7
2413,6.6,4.4975,6.55
2414,6.584278,-22.964722,4.54
2415,6.576472,-32.716389,5.62
2416,6.55725,-52.328889,6.19
2417,6.624222,24.590833,6.44
2418,6.609806,-5.211111,5.52
2419,6.644306,39.390833,5.69
2420,6.647,39.9025,5.2
2421,6.628528,16.399167,1.93
2422,6.623361,6.135278,6.06
2423,6.606333,-18.66,5.7
2424,6.590028,-36.78,5.59
2425,6.639722,28.984167,5.79
2426,6.626917,10.853056,6.38
2427,6.655528,42.488889,4.79
2428,6.612972,-13.320833,5.97
2429,6.611389,-19.255833,3.95
2430,6.627861,2.704167,6.17
2431,6.598333,-36.088889,6.35
2432,6.631306,4.957222,6.15
2433,6.611361,-22.615,6.35
2434,6.666111,44.013889,6.41
2435,6.582944,-52.975556,4.39
2436,6.651472,22.030833,6.04
2437,6.628028,-12.985,6.12
2438,6.659194,28.263056,6.03
2439,6.658722,24.6,6.38
2440,6.639028,-2.543611,6.14
2441,6.647083,4.700556,6.57
2442,6.643917,1.613611,6.21
2443,6.6315,-18.2375,4.43
2444,6.617194,-38.146667,6.04
2445,6.61425,-41.556944,6.34
2446,6.6205,-36.990556,5.71
2447,6.629889,-32.339722,5.27
2448,6.643167,-16.873611,6.03
2449,6.663222,12.983056,5.97
2450,6.654639,-14.145833,4.82
2451,6.629361,-43.196111,3.17
2452,6.693806,35.931944,6.46
2453,6.689167,28.196389,6.42
2454,6.6755,6.371667,6.51
2455,6.660083,-23.695556,6.05
2456,6.682972,9.895556,4.66
2457,6.689389,16.3975,6.28
2458,6.688111,11.003333,6.11
2459,6.718056,44.524444,5.02
2460,6.661861,-30.470278,5.71
2461,6.684833,0.495278,5.79
2462,6.643778,-48.220278,4.93
2463,6.736556,53.296389,6.27
2464,6.7205,37.146944,6.19
2465,6.665806,-38.158889,6.58
2466,6.70675,17.645278,5.21
2467,6.699806,6.345,6.37
2468,6.6335,-61.533056,6.18
2469,6.699,-9.167222,5.19
2470,6.770583,59.441667,4.87
2471,6.736833,36.109722,6.31
2473,6.732194,25.131111,2.98
2474,6.718472,3.033333,6.19
2475,6.68725,-40.349722,6.12
2476,6.680361,-47.674722,6.65
2477,6.780417,57.169167,5.35
2478,6.733139,13.227778,4.49
2479,6.727417,3.932222,5.9
2480,6.745972,28.970833,5.44
2481,6.712722,-22.449167,6.13
2482,6.704556,-38.398611,6.29
2483,6.778972,43.5775,5.25
2484,6.754833,12.895556,3.36
2485,6.803583,55.704444,6.33
2486,6.803417,55.704444,6.28
2487,6.794333,48.789444,5.22
2488,6.723139,-39.193333,6.3
2489,6.765056,12.693611,6.46
2490,6.849194,67.571944,5.14
2491,6.752472,-16.716111,-1.46
2492,6.741222,-31.070556,5.2
2493,6.74775,-27.341389,6.45
2494,6.775667,8.587222,5.93
2495,6.756472,-23.461944,6.05
2497,6.750667,-30.586111,6.54
2498,6.766472,-14.796111,5.32
2499,6.789861,18.193333,6.2
2500,6.756333,-31.793611,5.92
2501,6.758694,-30.948889,5.8
2502,6.7775,-10.107222,5.66
2503,6.788833,8.037222,4.77
2504,6.780861,-14.425833,5.29
2505,6.682722,-71.775556,6.51
2506,6.797667,2.412222,4.47
2507,6.767583,-39.54,6.62
2508,6.793639,-8.998333,5.07
2509,6.78375,-21.015556,6.08
2510,6.770028,-37.775556,6.21
2511,6.895056,68.888333,5.12
2512,6.828139,32.606667,5.71
2513,6.75725,-52.201111,6.57
2514,6.805278,-1.319167,5.75
2515,6.764917,-52.41,5.8
2516,6.846083,41.781389,5.02
2517,6.817694,1.001944,6.15
2518,6.789278,-37.929722,5.26
2519,6.8305,16.202778,5.85
2520,6.88475,59.448611,5.33
2521,6.821222,-2.271944,5.74
2522,6.816056,-15.144722,5.39
2523,6.781333,-51.265833,5.4
2524,6.778194,-54.694722,6.46
2525,6.840417,13.413333,5.65
2526,6.788528,-55.54,5.61
2527,7.001111,76.9775,4.55
2528,6.828889,-24.075833,6.33
2529,6.859167,21.761111,5.27
2530,6.847194,-0.540833,5.77
2531,6.726889,-73.118056,6.37
2532,6.885444,44.839444,6.26
2533,6.866667,23.601667,5.65
2534,6.845083,-8.041111,6.29
2535,6.839417,-17.083889,5.79
2536,6.748917,-70.433889,6.11
2537,6.835,-27.333889,7.04
2538,6.830694,-32.508611,3.96
2539,6.88375,38.869167,6.12
2540,6.879806,33.961111,3.6
2541,6.887056,38.438056,6.3
2542,6.884278,35.788611,6.01
2543,6.860917,3.041667,6.38
2544,6.843583,-25.778056,6.33
2545,6.839806,-31.706111,5.7
2546,6.832722,-45.45,6.55
2547,6.899167,38.505,6.48
2548,6.831833,-46.614722,5.14
2549,6.847889,-34.367222,4.99
2550,6.803167,-61.941389,3.27
2551,6.880389,8.380278,5.77
2552,6.873028,-5.316111,6.3
2553,6.832278,-50.614722,2.93
2554,6.830917,-53.622222,4.4
2555,6.889583,10.996389,6.24
2556,6.920889,45.826389,6.34
2557,6.92075,43.91,6.13
2558,6.86175,-36.230278,5.96
2559,6.667417,-80.813611,5.64
2560,6.954583,58.4225,4.35
2561,6.953667,57.563333,6.05
2562,6.833639,-60.249167,6.11
2563,6.859111,-48.2925,6.42
2564,6.91075,13.177778,4.65
2565,6.888556,-19.032778,5.64
2566,6.889361,-18.933333,6.14
2567,6.883361,-26.9575,6.4
2568,6.942306,46.274167,5.87
2569,6.921833,25.375556,5.73
2570,6.902361,-5.8525,6.41
2571,6.892472,-20.224167,4.83
2572,6.906833,-1.126944,5.45
2573,6.948889,46.705,5.86
2574,6.903167,-12.038611,4.07
2575,6.877694,-42.504444,6.52
2576,6.89275,-28.539722,6.04
2577,6.911694,-1.756389,6.21
2578,6.898694,-24.539167,6.21
2579,6.87975,-43.975833,6.46
2580,6.902194,-24.183889,3.87
2581,7.022639,70.808056,5.68
2582,6.916333,-2.803611,6.04
2583,6.903611,-23.928333,6.91
2584,6.926278,8.324722,6.29
2585,6.960306,45.094167,4.9
2586,6.950139,33.681111,5.89
2587,6.879694,-54.09,6.57
2588,6.917417,-20.404722,5.74
2589,6.9405,9.956389,5.92
2590,6.927056,-20.136389,4.68
2591,6.907417,-42.365556,6.32
2592,6.879278,-59.341111,6.41
2593,6.935167,-14.043611,5.0
2594,6.900639,-50.611667,6.26
2595,6.929667,-22.941389,5.3
2596,6.935611,-17.054167,4.37
2597,6.957139,11.9075,6.27
2598,6.931889,-31.79,6.36
2599,6.950028,-8.178889,6.34
2600,6.984111,38.052222,6.0
2601,6.979833,26.081111,6.1
2602,6.8575,-70.963333,5.4
2603,6.954111,-22.203333,6.61
2604,6.946028,-35.341667,6.29
2605,6.991083,25.914167,6.4
2606,6.9775,7.621944,6.27
2607,6.959417,-24.630556,5.46
2608,6.937778,-48.721111,4.95
2609,7.675139,87.02,5.07
2610,6.9825,3.602222,5.97
2611,6.961778,-27.5375,6.23
2612,6.954889,-35.5075,6.23
2613,6.988917,7.316944,6.35
2614,6.968778,-27.164722,6.37
2615,7.004389,16.078889,5.68
2616,6.976639,-25.413889,5.59
2617,7.097722,70.731944,6.5
2618,6.977083,-28.972222,1.5
2619,6.973639,-34.111667,5.06
2620,7.021444,32.414444,6.59
2621,6.978833,-30.997778,6.42
2622,7.005,-5.366944,6.3
2623,6.99425,-21.603333,6.26
2624,7.006583,-8.406944,5.96
2625,7.00225,-20.158889,6.31
2626,6.978278,-45.768056,6.22
2627,7.010917,-9.203056,6.49
2628,7.005361,-22.119444,6.53
2629,7.028167,4.818056,6.63
2630,7.040222,24.215278,5.18
2631,7.040417,17.755556,5.94
2632,7.038167,15.336111,5.74
2633,7.031944,5.5575,6.59
2634,6.977667,-55.729444,6.27
2635,7.042639,16.674167,5.82
2636,7.031361,-1.345556,6.17
2637,7.011833,-28.489444,6.27
2638,6.976722,-56.394722,6.45
2639,7.032333,-5.722222,5.2
2640,7.018306,-25.215278,5.63
2641,7.013833,-33.465278,6.4
2642,7.100361,59.801944,6.44
2643,7.058444,29.337222,5.93
2644,7.094389,52.758056,6.12
2645,7.085833,47.775,6.38
2646,7.028639,-27.934722,3.47
2647,7.054972,9.138333,5.97
2648,7.048556,-4.239167,4.99
2649,7.060556,10.951667,5.13
2650,7.068472,20.570278,3.79
2651,7.064333,12.594444,5.98
2652,7.014306,-51.4025,5.14
2653,7.050417,-23.833333,3.02
2654,7.072278,1.488333,6.57
2655,7.068111,-5.323611,5.62
2656,7.065917,-10.124167,6.45
2657,7.062639,-15.633333,4.12
2658,7.037667,-43.404167,6.43
2659,7.088444,22.637222,6.02
2660,7.103222,34.473889,5.55
2661,7.018083,-58.94,6.02
2662,6.997361,-67.916111,5.17
2663,7.094194,9.185833,5.78
2664,7.07975,-22.032222,6.09
2665,7.122861,34.009444,5.91
2666,7.067444,-42.337222,5.2
2667,7.065917,-43.608056,5.54
2668,7.066333,-43.611667,6.79
2669,7.123611,28.177222,6.48
2670,7.097139,-10.661111,6.49
2671,7.122611,22.703611,7.68
2672,7.064917,-49.583889,4.93
2673,7.137028,33.832222,6.28
2674,7.054333,-59.178056,5.5
2675,7.143417,37.445,6.16
2676,7.118444,4.910278,6.11
2677,7.092222,-34.777778,6.14
2678,7.111306,-11.294167,5.39
2679,7.109972,-12.393889,6.48
2680,7.100167,-30.655556,6.34
2681,7.232806,71.816667,6.35
2682,7.130417,7.471111,5.75
2683,7.07175,-56.749722,5.17
2684,7.139444,15.930833,5.44
2685,7.100639,-38.382778,6.11
2686,7.114528,-24.960556,6.08
2687,7.087917,-50.360278,6.46
2688,7.116694,-26.657778,6.62
2689,6.942889,-79.420278,5.45
2690,7.122944,-23.840278,5.71
2691,7.118639,-40.893333,5.79
2692,7.168528,21.246944,6.43
2693,7.139861,-26.393333,1.84
2694,7.155639,-10.347222,6.21
2695,7.147028,-24.044167,6.65
2696,7.19425,39.320556,4.9
2697,7.185667,30.245278,4.41
2698,7.120361,-51.967778,5.96
2699,7.159222,-16.234722,6.03
2700,7.18975,26.856667,5.78
2701,7.170472,-4.237222,4.92
2702,7.147528,-39.655833,4.83
2703,7.223167,51.428889,5.47
2704,7.161917,-25.231111,5.69
2705,7.16925,-18.685278,6.23
2706,7.207333,24.128333,5.85
2707,7.189889,-0.301944,5.45
2708,7.172056,-27.491389,5.46
2709,7.42275,81.2575,6.31
2710,7.197583,5.654722,6.09
2711,7.213611,27.224722,6.43
2712,7.103917,-68.837222,6.47
2713,7.202056,5.474722,6.16
2714,7.19775,-0.492778,4.15
2715,7.26525,59.6375,5.2
2716,7.194889,-20.883056,5.84
2717,7.222861,16.158889,5.0
2718,7.203389,-25.9425,5.92
2719,7.179861,-48.932222,5.14
2720,7.201139,-30.821667,6.1
2721,7.263917,47.24,5.58
2722,7.240722,24.710833,6.89
2723,7.218667,-11.251389,5.78
2724,7.206694,-27.474167,6.59
2725,7.244972,24.885,5.82
2726,7.207139,-36.544444,5.96
2727,7.204389,-40.498889,5.31
2728,7.242389,12.115833,5.62
2729,7.238889,3.111389,5.35
2730,7.223306,-22.673333,6.01
2731,7.236389,-3.901389,5.75
2732,7.237639,-9.9475,5.9
2733,7.230083,-22.906389,6.36
2734,7.22675,-27.356389,6.12
2735,7.145056,-70.497222,5.69
2736,7.145806,-70.498889,3.78
2737,7.292694,52.130833,5.92
2738,7.265861,27.8975,5.71
2739,7.241167,-10.316667,6.03
2740,7.209333,-46.759444,4.49
2741,7.22975,-31.083889,6.6
2742,7.517889,82.411389,4.96
2743,7.232556,-30.34,6.33
2744,7.255361,-0.161389,6.41
2745,7.237556,-26.3525,4.66
2746,7.220389,-45.183056,4.89
2747,7.260944,7.977778,5.82
2748,7.225667,-44.639722,5.1
2749,7.246861,-26.772778,3.85
2750,7.247528,-27.038056,5.58
2751,7.308861,49.465,5.05
2752,7.261972,-10.583889,5.95
2753,7.300611,40.883333,5.78
2754,7.200556,-63.19,6.02
2755,7.263194,-23.740556,6.32
2756,7.255833,-30.686389,5.36
2757,7.301139,30.955833,6.24
2758,7.270694,-15.585833,5.46
2759,7.249194,-41.425833,5.94
2760,7.288278,6.680556,6.65
2761,7.246083,-46.849722,5.72
2762,7.243944,-48.271667,4.76
2763,7.301556,16.540278,3.58
2764,7.276889,-23.315556,4.79
2765,7.292139,-6.68,6.29
2766,7.276389,-27.881111,4.64
2767,7.255833,-52.499722,5.97
2768,7.282556,-30.896667,6.32
2769,7.2755,-38.318889,5.8
2770,7.280417,-36.592778,5.03
2771,7.270972,-46.774444,5.66
2772,7.371444,59.901944,6.35
2773,7.285722,-37.0975,2.7
2774,7.296639,-26.7975,6.46
2775,7.350861,42.655556,6.35
2776,7.354861,45.228056,5.77
2777,7.335389,21.982222,3.53
2778,7.322889,2.740556,5.89
2779,7.329889,7.142778,5.91
2780,7.33525,15.142778,6.45
2781,7.311194,-24.558889,4.98
2782,7.311778,-24.954167,4.4
2783,7.380806,55.284444,6.53
2784,7.381139,55.281389,5.45
2785,7.317222,-19.280278,6.09
2786,7.314222,-26.585833,5.28
2787,7.305111,-36.734167,4.66
2788,7.324472,-16.395,5.7
2789,7.301167,-43.986667,5.85
2790,7.310611,-36.742778,5.11
2791,7.309333,-39.210278,5.25
2792,7.370389,38.996111,6.4
2793,7.367389,36.760556,5.13
2794,7.320472,-33.727222,6.3
2795,7.365778,20.443611,5.1
2796,7.3495,-14.36,5.45
2797,7.577694,80.896667,6.41
2798,7.354694,-8.878333,6.55
2799,7.348111,-22.851667,6.61
2800,7.348611,-26.963611,6.01
2801,7.367639,0.177222,5.99
2802,7.351194,-25.891389,5.87
2803,7.2805,-67.957222,3.98
2804,7.415889,51.887222,5.8
2805,7.402361,40.672222,5.19
2806,7.367222,-8.979167,6.43
2807,7.371806,-2.978889,6.23
2808,7.39125,25.050556,5.03
2809,7.457167,66.331667,6.47
2810,7.391167,22.945278,6.02
2811,7.373722,-5.982778,5.82
2812,7.370417,-19.016667,4.96
2813,7.339278,-52.311667,6.05
2814,7.339361,-52.309722,6.6
2815,7.344083,-52.086111,5.39
2816,7.409278,27.638056,5.76
2817,7.407694,15.517222,6.41
2818,7.445222,49.211389,4.64
2819,7.3835,-31.923889,5.43
2820,7.416167,11.669722,5.3
2821,7.428778,27.798056,3.79
2822,7.391417,-27.834167,5.38
2823,7.392194,-32.202222,5.39
2824,7.398417,-30.216944,6.6
2825,7.411139,-16.201111,5.33
2826,7.404778,-22.912778,6.19
2827,7.401583,-29.303056,2.45
2828,7.427472,9.276111,4.99
2829,7.399528,-35.837778,6.31
2830,7.514639,68.465556,5.64
2831,7.414083,-19.012222,6.24
2832,7.418972,-13.751944,5.78
2833,7.430833,-5.775,5.97
2834,7.412167,-31.808889,5.35
2835,7.447278,21.535833,6.54
2836,7.441083,10.608333,6.37
2837,7.448972,20.257222,5.93
2838,7.434306,-4.5375,6.76
2839,7.422194,-21.982778,6.05
2840,7.444806,11.009167,6.41
2841,7.423694,-25.217778,5.78
2842,7.413111,-37.29,6.97
2843,7.413139,-37.290833,6.84
2844,7.481,48.183889,5.72
2845,7.4525,8.289444,2.9
2846,7.462333,21.445,5.22
2847,7.428611,-31.738611,6.31
2848,6.782972,-87.025,6.47
2849,7.498889,49.6725,5.36
2850,7.444639,-23.712222,6.56
2851,7.46725,6.941944,5.25
2852,7.485194,31.784444,4.18
2853,7.452222,-17.864444,5.63
2854,7.469389,8.925556,4.32
2855,7.449833,-23.086111,5.61
2856,7.445083,-34.140833,5.9
2857,7.489,28.118056,5.05
2858,7.479806,15.109444,6.22
2859,7.464361,-11.556944,5.79
2860,7.461917,-22.859722,5.95
2861,7.496861,27.916111,5.01
2862,7.439417,-51.018333,5.1
2863,7.466444,-29.155833,5.54
2864,7.496611,12.006667,4.54
2865,7.488528,-1.905278,5.59
2866,7.490472,-7.551111,5.86
2867,7.489472,-10.326667,5.75
2868,7.489417,-14.999167,6.05
2869,7.473,-37.810278,6.58
2870,7.480917,-31.848333,6.38
2871,7.480972,-31.846944,7.13
2872,7.532139,38.896389,6.54
2873,7.484694,-31.456389,5.77
2874,7.497611,-23.024444,4.85
2875,7.484917,-38.812222,5.43
2876,7.514194,-5.226389,6.24
2877,7.530111,17.086111,5.42
2878,7.487167,-43.301389,3.25
2879,7.547389,22.887778,6.54
2880,7.534972,1.914444,5.25
2881,7.511806,-30.962222,4.65
2882,7.511778,-37.339722,6.65
2883,7.534944,-8.880833,5.9
2884,7.499889,-52.651111,5.87
2885,7.523833,-36.152778,6.68
2886,7.560139,15.826667,5.25
2887,7.553222,3.290278,5.59
2888,7.480917,-64.51,6.39
2889,7.528556,-35.887778,6.61
2890,7.576667,31.888611,2.88
2891,7.576667,31.888333,1.98
2892,7.508583,-54.399444,5.96
2893,7.568083,10.568333,6.28
2894,7.613056,55.755278,5.92
2895,7.539528,-35.961389,6.3
2896,7.58575,30.961111,5.33
2897,7.556139,-14.338333,6.21
2898,7.598889,43.031111,6.3
2899,7.555417,-19.4125,5.66
2900,7.552694,-24.710833,5.85
2901,7.571056,3.371389,5.81
2902,7.563306,-14.523889,4.97
2903,7.608778,46.180278,5.65
2904,7.579444,2.725,6.55
2905,7.598694,26.895833,4.06
2906,7.567556,-22.296111,4.45
2907,7.55375,-40.058889,6.26
2908,7.553694,-43.086389,6.52
2909,7.571833,-23.473611,5.83
2910,7.571972,-23.474722,5.87
2911,7.564167,-36.338333,5.54
2912,7.574667,-26.116667,6.65
2913,7.570222,-33.463333,6.11
2914,7.631639,48.773611,5.92
2915,7.621611,40.025278,6.38
2916,7.576361,-27.011944,5.77
2917,7.56625,-39.905833,6.76
2918,7.609639,5.861667,5.91
2919,7.427222,-79.094167,5.53
2920,7.604611,-8.311389,6.27
2921,7.601083,-14.492778,5.7
2922,7.589667,-28.369444,4.64
2923,7.602167,-22.160556,6.34
2924,7.642444,35.048611,5.56
2925,7.577639,-51.474722,6.28
2926,7.637361,24.360278,6.27
2927,7.621306,-4.111111,5.13
2928,7.611389,-19.702222,5.74
2929,7.680417,57.082778,6.06
2930,7.65275,34.584167,4.9
2931,7.653306,24.2225,6.17
2932,7.627472,-14.441111,6.53
2933,7.621333,-23.775,6.37
2934,7.594361,-52.533889,4.94
2935,7.670722,38.344444,5.73
2936,7.665028,32.009722,6.17
2937,7.622806,-34.968611,4.53
2938,7.657944,17.674722,5.05
2939,7.686778,48.131667,5.56
2940,7.612194,-48.830278,5.72
2941,7.600472,-55.8875,6.39
2942,7.629111,-35.277222,6.6
2943,7.655028,5.225,0.38
2944,7.638333,-25.364722,4.7
2945,7.629222,-38.010556,6.38
2946,7.716778,58.710278,4.99
2947,7.651972,-18.679167,6.72
2948,7.647028,-26.801667,4.5
2949,7.647167,-26.803611,4.62
2950,7.668611,5.230833,6.02
2951,7.682917,23.018611,5.89
2952,7.640056,-39.991389,6.59
2953,7.679806,13.770833,6.24
2954,7.645528,-36.496944,5.8
2955,7.642389,-38.781111,6.19
2956,7.657472,-26.863056,6.5
2957,7.638389,-48.601111,5.68
2958,7.676528,-8.185833,6.01
2959,7.673111,-15.263611,4.94
2960,7.670444,-19.660833,5.93
2961,7.657611,-38.308333,4.84
2962,7.712083,34.000278,6.02
2963,7.662167,-38.139444,5.73
2964,7.663278,-38.260833,5.76
2965,7.697722,13.480556,5.77
2966,7.693111,3.624722,5.94
2967,7.700889,14.208333,5.56
2968,7.666111,-37.579444,6.0
2969,7.7345,50.433889,5.27
2970,7.687444,-9.551111,3.93
2971,7.650111,-53.273333,6.06
2972,7.678722,-27.945833,6.76
2973,7.721861,28.883611,4.28
2974,7.681306,-31.660833,6.56
2975,7.777806,65.455833,5.92
2976,7.689889,-22.337222,6.18
2977,7.774278,62.830556,6.49
2978,7.722833,22.399444,6.21
2979,7.589361,-74.275556,7.16
2980,7.589389,-74.275556,7.26
2981,7.687722,-38.533611,5.42
2982,7.718167,0.189444,6.19
2983,7.73525,25.784167,5.31
2984,7.689389,-44.632222,6.41
2985,7.740778,24.398056,3.57
2986,7.699444,-38.528889,6.54
2987,7.737222,12.859444,6.43
2988,7.713361,-26.351111,5.64
2989,7.735389,2.405,6.47
2990,7.75525,28.026111,1.14
2991,7.752583,20.316389,6.33
2992,7.727528,-25.503889,6.55
2993,7.725667,-28.411111,4.59
2994,7.72,-36.050278,5.6
2995,7.718611,-38.864167,6.89
2996,7.730139,-28.954722,3.96
2997,7.938139,80.265556,6.56
2998,7.715889,-45.173333,5.06
2999,7.777583,37.5175,5.18
3000,7.601167,-77.634167,6.18
3001,7.728583,-38.201944,6.4
3002,7.728306,-40.933889,5.17
3003,7.768722,18.51,4.88
3004,7.742778,-24.673889,5.62
3005,7.718583,-49.992778,6.57
3006,7.702833,-58.630833,6.43
3007,7.736,-36.062778,5.8
3008,7.771167,10.768333,5.3
3009,7.757972,-14.686111,6.89
3010,7.758083,-14.690833,6.07
3011,7.742833,-37.943056,5.88
3012,7.714806,-58.23,6.21
3013,7.79175,33.415556,5.14
3014,7.767278,-6.7725,5.49
3015,7.765806,-14.563889,5.04
3016,7.751278,-37.887778,6.54
3017,7.75425,-37.968611,3.61
3018,7.759722,-34.173056,5.37
3019,7.779139,-12.675278,6.39
3020,7.755028,-43.752222,6.03
3021,7.809333,23.141111,6.18
3022,7.769556,-37.933889,5.88
3023,7.786806,-22.519722,5.9
3024,7.697,-72.606111,3.95
3025,7.775944,-40.059722,6.57
3026,7.794028,-15.990833,6.34
3027,7.795889,-16.014444,6.43
3028,7.851583,54.129167,6.02
3029,7.799083,-12.193056,5.48
3030,7.817222,13.370833,6.04
3031,7.759889,-56.7225,6.12
3032,7.784944,-39.331389,6.31
3033,7.816361,4.332778,6.53
3034,7.801444,-25.937222,4.5
3035,7.790278,-38.511111,5.08
3036,7.745528,-66.071944,6.38
3037,7.792083,-46.608611,5.23
3038,7.736944,-69.821389,6.18
3039,7.876833,55.209444,6.38
3040,7.850639,33.233611,6.03
3041,7.802361,-40.652222,6.14
3042,7.824611,-13.353333,6.23
3043,7.817139,-24.912222,5.33
3044,7.828111,-17.228333,5.18
3045,7.821583,-24.859722,3.34
3046,7.805639,-47.077778,4.71
3047,7.836278,-9.183333,5.61
3048,7.829222,-20.206944,6.56
3049,7.82075,-35.243333,5.93
3050,7.8465,3.277222,6.18
3051,7.834917,-19.523611,6.12
3052,7.8265,-33.288889,5.6
3053,7.86575,19.325278,5.99
3054,7.848667,-11.128611,6.16
3055,7.820639,-46.373333,4.11
3056,7.805333,-56.471111,6.33
3057,7.8245,-44.751944,6.32
3058,7.82025,-46.857778,5.84
3059,7.861667,1.766944,5.14
3060,7.85,-24.528333,6.45
3061,7.868667,3.277222,6.31
3062,7.818528,-56.410556,5.59
3063,7.861361,-12.819444,6.36
3064,7.862861,-13.898056,5.17
3065,7.908139,47.386111,6.25
3066,7.911861,47.564722,5.45
3067,7.891611,26.765833,4.97
3068,7.861917,-21.173889,5.63
3069,7.845111,-44.579722,6.45
3070,7.82025,-60.283611,5.78
3071,7.839972,-50.509722,5.91
3072,7.879972,-5.428056,5.76
3073,7.871917,-14.846389,5.69
3074,7.855694,-43.095556,6.32
3075,8.00325,73.918056,5.41
3076,7.831889,-60.051111,6.72
3077,7.940778,56.504444,6.72
3078,7.861194,-42.888333,6.04
3079,7.871028,-34.705278,5.01
3080,7.870278,-40.575833,3.73
3081,7.828056,-66.195833,5.79
3082,8.07975,79.479722,5.42
3083,7.928,35.412778,6.23
3084,7.877417,-38.863056,4.49
3085,7.884306,-36.363889,5.43
3086,7.92775,19.883889,5.35
3087,7.925389,8.862778,5.86
3088,7.874917,-54.367222,5.7
3089,7.884361,-49.613056,4.63
3090,7.888389,-48.103056,4.24
3091,7.903056,-35.8775,5.49
3092,7.911083,-34.846944,6.15
3093,7.939972,4.485833,6.17
3094,7.971278,43.9775,6.34
3095,7.949833,15.790278,5.78
3096,7.920472,-30.9175,6.44
3097,7.954417,8.641389,6.05
3098,7.9545,1.126944,6.35
3099,7.939667,-30.285278,6.33
3100,7.916806,-52.583056,6.38
3101,7.929583,-43.845,6.02
3102,7.947639,-22.88,4.2
3103,7.968278,7.213611,6.41
3104,7.975417,16.518611,5.99
3105,7.914778,-57.303056,5.63
3106,8.022417,59.0475,5.77
3107,7.940083,-40.736389,6.78
3108,8.281611,84.057778,6.49
3109,8.028444,60.324444,6.01
3110,7.972389,2.224722,5.29
3111,7.949417,-42.406111,6.09
3112,8.041889,63.090278,6.4
3113,7.961139,-30.334722,4.79
3114,7.949417,-43.500278,5.35
3115,7.993083,13.242222,6.02
3116,7.955111,-44.109722,5.09
3117,7.946306,-52.982222,3.47
3118,7.955556,-47.890278,6.22
3119,8.043278,57.273611,6.49
3120,7.9385,-60.526389,5.74
3121,7.964389,-45.577778,5.17
3122,7.995583,-3.679722,4.93
3123,7.984917,-23.310556,5.11
3124,8.015528,25.392778,5.83
3125,8.013333,19.816111,6.25
3126,7.947417,-59.126389,6.25
3127,8.016861,23.583056,6.34
3128,8.013139,17.308611,5.55
3129,7.970667,-49.245,4.41
3130,8.031972,35.413056,6.34
3131,7.997778,-18.399167,4.61
3132,8.028833,25.089722,6.31
3133,7.972611,-51.448611,6.44
3134,8.025083,16.455278,5.99
3135,8.01225,-2.881667,6.51
3136,8.0205,4.879722,5.65
3137,7.983833,-45.216111,5.99
3138,7.963028,-60.303333,5.6
3139,7.953472,-63.296944,6.14
3140,7.991222,-39.297222,5.24
3141,8.020361,-1.3925,4.68
3142,7.98675,-49.976667,6.32
3143,7.987056,-49.973611,6.34
3144,8.03075,8.913889,6.22
3145,8.03775,2.334444,4.39
3146,8.005444,-45.456944,6.61
3147,7.980694,-60.824444,5.81
3148,8.004139,-48.981389,6.02
3149,8.058639,27.794167,4.94
3150,8.040556,-6.337222,6.33
3151,8.008028,-48.871389,6.12
3152,7.9945,-60.2075,6.33
3153,7.993778,-60.586944,5.17
3154,8.027056,-37.283611,5.95
3155,8.035056,-37.050556,6.34
3156,8.013861,-54.151389,5.87
3157,8.023028,-54.515,6.1
3158,8.079222,18.842222,6.15
3159,8.005556,-63.5675,4.82
3160,8.051139,-32.463889,5.82
3161,8.025417,-55.455,6.28
3162,8.045778,-41.31,5.52
3163,8.084583,13.118056,5.12
3164,8.093611,27.529722,6.21
3165,8.05975,-40.003333,2.25
3166,8.058194,-42.948611,6.29
3167,8.119417,43.260278,6.26
3168,8.078194,-19.728056,6.13
3169,8.105111,22.635556,5.99
3170,8.071167,-32.675,5.31
3171,7.987806,-73.244722,6.34
3172,8.097111,-0.573611,6.41
3173,8.140944,51.506667,4.84
3174,8.107639,-9.245,6.23
3175,8.167722,58.248056,5.93
3176,8.129389,21.581667,5.3
3177,8.095806,-33.569167,6.14
3178,8.078444,-50.590556,5.95
3179,8.089,-46.978889,6.19
3180,8.084444,-53.108056,5.53
3181,8.156417,42.430556,6.27
3182,8.213556,68.474167,5.32
3183,8.121667,-20.554722,5.38
3184,8.145111,13.640833,6.27
3185,8.125722,-24.304167,2.81
3186,8.078583,-62.836111,6.3
3187,8.111222,-45.266389,5.05
3188,8.143222,-2.983889,4.34
3189,8.149139,-11.339722,6.32
3190,8.145417,-20.363056,6.36
3191,8.174222,25.507222,5.73
3192,8.150444,-19.245,4.4
3193,8.189333,38.731389,6.58
3194,8.157917,-16.248889,5.68
3195,8.143778,-37.681389,6.37
3196,8.151861,-30.3225,6.65
3197,8.409139,82.430833,6.32
3198,8.183,14.629444,6.23
3199,8.152833,-35.455,6.2
3200,8.230611,56.452222,5.85
3201,8.187944,9.821111,6.07
3202,8.177722,-13.799167,5.54
3203,8.152667,-48.684444,5.7
3204,8.159972,-44.122778,5.21
3205,8.16325,-42.640556,6.26
3206,8.158139,-47.345833,4.27
3207,8.158889,-47.336667,1.78
3208,8.203528,17.647778,5.63
3209,8.203528,17.647778,6.02
3210,8.203694,17.647778,6.2
3211,8.187861,-12.926944,4.72
3212,8.1925,-7.7725,5.36
3213,8.162,-47.9375,5.23
3214,8.206139,14.003889,6.54
3215,8.219139,29.656667,5.64
3216,8.325611,75.756944,5.54
3217,8.140139,-63.801111,6.28
3218,8.159333,-56.085556,5.66
3219,8.183778,-37.292222,6.44
3220,8.150194,-61.3025,4.76
3221,8.264028,60.380556,6.45
3222,8.216611,16.514167,6.01
3223,8.132167,-68.617222,4.35
3224,8.22825,23.137778,6.56
3225,8.189306,-39.618611,4.45
3226,8.190528,-42.987222,4.75
3227,8.186417,-48.461944,5.82
3228,8.236417,17.675833,6.47
3229,8.222222,-15.788333,4.99
3230,8.212778,-29.910833,6.52
3231,8.239167,13.048333,6.38
3232,8.2,-46.644167,5.76
3233,8.214306,-37.924444,6.43
3234,8.208583,-46.264167,6.03
3235,8.297333,59.571111,5.64
3236,8.344528,72.407222,5.98
3237,8.224889,-35.899722,4.78
3238,8.228083,-33.569167,6.37
3239,8.236389,-32.140833,6.06
3240,8.232889,-36.3225,5.08
3241,8.233,-36.341111,6.11
3242,8.237,-35.490556,5.78
3243,8.234139,-40.348056,4.44
3244,8.226722,-46.991944,5.13
3245,8.321472,62.507222,5.71
3246,8.304389,54.143611,6.27
3247,8.226139,-50.196111,5.51
3248,8.276083,11.726389,7.13
3249,8.27525,9.185556,3.52
3250,8.239972,-45.834444,5.83
3251,8.264583,-30.925833,6.21
3252,8.292139,8.866111,6.29
3253,8.266361,-35.902778,6.16
3254,8.340583,57.743333,5.89
3255,8.281722,-21.320278,6.6
3256,8.256472,-50.449444,6.44
3257,8.28975,-16.285,6.16
3258,8.341417,53.574444,6.49
3259,8.306639,-12.631944,5.98
3260,8.254417,-62.915833,5.16
3261,8.299528,-30.003333,6.45
3262,8.334417,27.217778,5.14
3263,8.378917,60.631111,6.41
3264,8.339167,20.747778,5.83
3265,8.320861,-10.165833,6.32
3266,8.304833,-35.451667,5.58
3267,8.3035,-37.374167,6.7
3268,8.34225,24.022222,5.98
3269,8.330528,3.947778,6.05
3270,8.30925,-36.659444,4.45
3271,8.336972,-0.909444,6.18
3272,8.338083,-5.329167,6.13
3273,8.324833,-34.590278,6.43
3274,8.298833,-59.166944,6.42
3275,8.380583,43.188056,4.25
3276,8.340944,-22.924722,6.13
3277,8.396806,53.219722,5.51
3278,8.355611,-1.602222,6.5
3279,8.355889,-20.079167,5.58
3280,8.30525,-65.613333,5.07
3281,8.365167,-17.586389,5.75
3282,8.356389,-33.054444,4.83
3283,8.355833,-36.484444,5.2
3284,8.389389,18.332222,5.95
3285,8.375056,-6.179167,6.15
3286,8.356722,-39.620833,6.16
3287,8.411889,42.005,6.02
3288,8.381667,-7.543333,5.96
3289,8.379667,-13.054722,6.11
3290,8.398667,10.631944,6.08
3291,8.380528,-26.348056,5.9
3292,8.418028,35.011389,6.06
3293,8.353333,-57.973056,5.97
3294,8.375444,-48.490278,4.82
3295,8.410111,-4.716944,6.01
3296,8.388111,-38.285833,6.32
3297,8.409722,-3.751111,5.61
3298,8.352139,-64.106111,6.12
3299,8.430528,17.046111,6.14
3300,8.382,-52.123889,5.85
3301,8.330278,-71.515,5.37
3302,8.333528,-71.505278,5.65
3303,8.496167,67.2975,5.88
3304,8.441028,27.893611,5.57
3305,8.426528,2.102222,5.73
3306,8.431889,7.564444,5.13
3307,8.375222,-59.509722,1.86
3308,8.415306,-23.153611,5.68
3309,8.460222,45.653056,6.32
3310,8.446333,26.934444,6.32
3311,8.446389,26.935278,6.3
3312,8.444389,24.534167,7.02
3313,8.444472,24.535278,7.81
3314,8.427667,-3.906389,3.9
3315,8.417694,-24.046111,5.28
3316,8.421972,-21.045833,6.01
3317,8.427611,-17.439444,6.44
3318,8.308778,-76.919722,4.07
3319,8.445528,12.654444,5.5
3320,8.432111,-14.929722,5.98
3321,8.440889,-3.9875,5.59
3322,8.415889,-42.769444,5.98
3323,8.504417,60.718056,3.36
3324,8.444972,-12.534444,5.54
3325,8.454778,-6.409722,6.59
3326,8.431083,-42.153333,5.47
3327,8.438222,-39.059444,6.53
3328,8.438389,-39.060278,7.25
3329,8.476889,24.144722,6.1
3330,8.425278,-51.728056,5.17
3331,8.447444,-29.215278,6.73
3332,8.548167,69.32,6.31
3333,8.477028,14.210833,5.95
3334,8.367889,-73.4,5.29
3335,8.45925,-20.843889,6.56
3336,8.454556,-31.673056,6.33
3337,8.474778,-2.517222,6.39
3338,8.472139,-8.816111,6.43
3339,8.464861,-26.1325,6.62
3340,8.344028,-77.484444,4.35
3341,8.440333,-52.8075,6.05
3342,8.480806,-9.748333,6.0
3343,8.466472,-35.113889,5.75
3344,8.476639,-23.071667,6.51
3345,8.481472,-20.950278,6.67
3346,8.431,-64.600833,5.97
3347,8.428944,-66.136944,3.77
3348,8.522194,37.265833,6.18
3349,8.457611,-55.011667,6.53
3350,8.460139,-53.088611,5.09
3351,8.542639,53.114722,6.24
3352,8.613528,74.723611,6.31
3353,8.491,-27.3325,6.7
3354,8.576722,65.145,5.47
3355,8.525139,24.081111,5.75
3356,8.485444,-44.160556,5.79
3357,8.526583,18.094444,5.35
3358,8.484639,-47.929167,5.33
3359,8.491,-44.725,4.99
3360,8.548611,38.016389,5.9
3361,8.531833,9.814444,6.83
3362,8.507944,-32.159444,5.65
3363,8.496,-46.331944,5.99
3364,8.508222,-36.721111,6.69
3365,8.556056,36.436389,6.24
3366,8.545139,20.441111,5.33
3367,8.52525,-19.5775,5.42
3368,8.493417,-55.191111,6.36
3369,8.550028,24.084722,6.36
3370,8.454694,-70.093333,5.53
3371,8.510889,-44.737222,6.3
3372,8.544417,10.066111,6.46
3373,8.5235,-39.064167,6.31
3374,8.542583,-15.029444,6.38
3375,8.519667,-47.866667,6.39
3376,8.562528,13.257222,6.28
3377,8.578833,36.419444,5.78
3378,8.562083,4.756667,5.87
3379,8.661833,73.629722,6.15
3380,8.570361,8.451944,6.03
3381,8.551333,-24.606389,6.19
3382,8.524889,-54.394167,6.34
3383,8.567111,-2.151667,5.81
3384,8.547639,-31.500833,6.38
3385,8.549611,-34.633889,6.36
3386,8.534667,-53.212222,5.69
3387,8.588722,19.59,6.58
3388,8.555528,-38.371111,6.49
3389,8.560639,-38.848889,5.96
3390,8.558444,-46.971111,6.24
3391,8.65325,65.020833,5.64
3392,8.59025,2.743611,6.33
3393,8.4055,-80.914167,5.69
3394,8.602139,15.313611,6.32
3395,8.5975,6.62,5.99
3396,8.597583,6.6225,7.25
3397,8.575472,-32.598611,6.43
3398,8.591167,-7.982222,5.72
3399,8.574806,-37.611389,6.3
3400,8.6395,53.401389,5.66
3401,8.652833,59.939444,6.48
3402,8.591333,-26.843611,5.96
3403,8.670222,64.327778,4.6
3404,8.586833,-39.97,6.47
3405,8.65,52.925,6.42
3406,8.618278,9.655556,5.88
3407,8.578778,-49.944167,5.01
3408,8.654889,52.711667,5.91
3409,8.638611,32.801944,5.94
3410,8.627611,5.703611,4.16
3411,8.624194,-4.933611,6.19
3412,8.634778,9.574722,6.53
3413,8.597806,-50.97,5.8
3414,8.588778,-58.009167,4.86
3415,8.587611,-58.225,5.26
3416,8.638972,-6.6625,6.51
3417,8.545056,-73.356667,6.12
3418,8.645944,3.341389,4.44
3419,8.624917,-33.745833,6.48
3420,8.631167,-26.255,5.27
3421,8.622194,-40.1475,6.55
3422,8.683639,45.833889,5.37
3423,8.67175,31.941944,6.1
3424,8.656833,8.017222,6.45
3425,8.644528,-19.736944,6.33
3426,8.627417,-42.989167,4.14
3427,8.668444,20.007778,6.39
3428,8.672806,19.67,6.44
3429,8.674167,19.545,6.3
3430,8.652222,-22.661944,5.05
3431,8.667083,-12.475278,4.98
3432,8.621889,-62.853611,5.47
3433,8.661806,-29.561111,4.89
3434,8.656139,-36.606944,6.13
3435,8.645806,-53.090556,6.47
3436,8.716722,46.901111,6.22
3437,8.683778,-9.051944,6.63
3438,8.668389,-35.308333,3.97
3439,8.672028,-40.264167,5.2
3440,8.656611,-53.439722,5.48
3441,8.695361,-15.943333,4.88
3442,8.666,-53.055,5.19
3443,8.653667,-60.317222,6.36
3444,8.676472,-45.191389,5.71
3445,8.677111,-46.648889,3.84
3446,8.702722,-11.966111,6.45
3447,8.671556,-52.921944,3.62
3448,8.6715,-53.015278,5.61
3449,8.721417,21.468611,4.66
3450,8.720083,12.680833,5.64
3451,8.736139,36.918056,6.33
3452,8.686972,-47.316944,4.77
3453,8.684806,-48.9225,5.9
3454,8.720417,3.398611,4.3
3455,8.678778,-57.545278,6.34
3456,8.699139,-45.410833,5.23
3457,8.676944,-59.761111,4.33
3458,8.73325,4.334722,6.37
3459,8.727889,-7.233611,4.62
3460,8.651444,-70.386944,5.2
3461,8.74475,18.154167,3.94
3462,8.704444,-48.099167,5.51
3463,8.715833,-35.943333,6.42
3464,8.755944,30.697778,6.13
3465,8.745833,10.081667,5.66
3466,8.70525,-53.1,5.52
3467,8.707083,-53.113889,4.86
3468,8.726528,-33.186389,3.68
3469,8.750361,5.680556,6.13
3470,8.813722,66.708056,6.2
3471,8.705806,-55.774167,6.29
3472,8.755778,-2.600833,6.41
3473,8.748667,-21.167778,6.11
3474,8.777778,28.765278,6.57
3475,8.778278,28.76,4.02
3476,8.727861,-49.822778,5.16
3477,8.74,-42.649167,4.07
3478,8.767361,-2.048889,5.7
3479,8.74775,-37.147222,5.76
3480,8.768583,-11.006389,6.25
3481,8.782222,12.11,5.87
3482,8.779611,6.418889,3.38
3483,8.763694,-25.3875,6.1
3484,8.772917,-13.547778,4.32
3485,8.745056,-54.708333,1.96
3486,8.7875,-1.897222,5.29
3487,8.767139,-46.041667,3.91
3488,8.773278,-41.125556,6.21
3489,8.751472,-58.725,6.21
3490,8.780333,-34.622778,6.37
3491,8.73175,-68.211667,6.32
3492,8.807222,5.837778,4.36
3493,8.801361,-6.558611,6.09
3494,8.775167,-45.912778,5.46
3495,8.741667,-65.825556,6.05
3496,8.788583,-46.155556,5.75
3497,8.794583,-41.737222,6.36
3498,8.778472,-56.769722,4.49
3499,8.842278,33.285278,6.25
3500,8.822694,-3.443056,5.31
3501,8.802444,-42.463889,6.43
3502,8.68875,-78.963333,5.47
3503,8.800056,-52.850556,6.3
3504,8.845861,18.832222,6.16
3505,8.889611,61.962222,5.73
3506,8.884972,59.056111,6.25
3507,8.829139,-21.048611,6.47
3508,8.865778,43.726667,5.15
3509,8.869889,45.3125,5.99
3510,8.850417,15.350556,6.38
3511,8.869444,42.0025,5.99
3512,8.830972,-32.780556,5.21
3513,8.833944,-29.463056,5.87
3514,8.827556,-40.320556,5.48
3516,8.839333,-28.618056,6.17
3517,8.831222,-39.141667,6.39
3518,8.842194,-27.71,4.01
3519,8.876278,32.474167,5.66
3520,8.829917,-45.308056,4.93
3521,8.874611,28.259167,6.23
3522,8.876611,28.330833,5.95
3523,8.859583,-7.177222,5.54
3524,8.720111,-79.069722,6.05
3525,8.839167,-42.09,6.0
3526,8.873389,5.34,6.33
3527,8.842639,-46.529167,5.1
3528,8.898806,35.538333,6.14
3529,8.875194,-13.233611,6.13
3530,8.85775,-42.504444,6.55
3531,8.94375,64.603889,5.58
3532,8.904083,30.579444,5.39
3533,8.873917,-32.509167,6.5
3534,8.877389,-36.545556,6.42
3535,8.88,-38.724167,5.82
3536,8.860167,-57.633611,5.59
3537,8.843,-66.793056,5.35
3538,8.904972,-5.434444,6.0
3539,8.877389,-48.359167,5.91
3540,8.927694,27.9275,5.22
3541,8.923028,17.231389,6.64
3542,8.878,-52.129167,6.39
3543,8.765333,-79.504444,5.79
3544,8.830639,-72.550833,6.11
3545,8.947222,45.631944,5.74
3546,8.941806,40.201667,5.89
3547,8.923222,5.945556,3.11
3548,8.897417,-40.4475,6.47
3549,8.884389,-56.649444,6.03
3550,8.932111,11.626111,5.41
3551,8.897417,-47.520833,5.33
3552,8.924861,-7.970278,6.91
3553,8.924889,-7.971111,6.67
3554,8.920111,-18.241389,5.75
3555,8.949056,32.910278,5.45
3556,8.925417,-27.681944,4.89
3557,8.943583,4.236667,6.14
3558,8.952278,17.143889,6.17
3559,8.932194,-23.818333,6.39
3560,8.896861,-60.354167,5.78
3561,8.954139,15.322778,5.2
3562,8.922028,-45.041667,6.26
3563,8.966306,30.233611,6.29
3564,8.942806,-16.709444,5.96
3565,8.959778,15.581389,5.67
3566,8.974306,35.8025,6.51
3567,8.961667,9.387778,6.19
3568,8.915,-58.24,6.38
3569,8.986778,48.041667,3.14
3570,8.919972,-54.965556,5.71
3571,8.917444,-60.644722,3.84
3572,8.974778,11.857778,4.25
3573,8.968944,1.541667,6.59
3574,8.938722,-52.723611,4.69
3575,8.992389,32.418611,5.2
3576,9.042417,67.629722,4.76
3577,8.986333,18.134722,6.38
3578,8.978861,-16.132778,5.86
3579,9.010667,41.782778,3.97
3580,9.008556,37.604444,6.44
3581,9.255889,84.181111,6.33
3582,8.949556,-59.229444,4.92
3583,8.9655,-48.573333,5.87
3584,8.994417,-19.208056,6.18
3585,8.987694,-28.806111,6.25
3586,9.027944,39.713333,6.36
3587,9.023361,32.2525,5.82
3588,8.981194,-47.234722,5.18
3589,9.03025,27.902778,6.07
3590,9.025389,5.640833,6.07
3591,9.0015,-41.253889,4.45
3592,9.066778,54.283889,5.75
3593,9.006167,-43.173333,6.07
3594,9.060417,47.156667,3.6
3595,9.045639,24.452778,5.45
3596,9.032778,-0.482778,5.67
3597,9.019833,-26.663889,6.2
3598,8.990028,-59.083611,5.16
3599,9.045778,7.298056,5.85
3600,9.022444,-41.864444,5.55
3601,9.069417,27.898333,6.38
3602,9.035111,-39.4025,6.27
3603,9.090028,48.530278,5.95
3604,9.012694,-60.963889,5.79
3605,9.029056,-52.188333,5.23
3606,9.082,32.376944,6.46
3607,9.052444,-25.504444,6.74
3608,9.111972,59.344444,6.45
3609,9.139889,66.873333,5.14
3610,9.019028,-68.683889,5.88
3611,9.051444,-53.549722,6.4
3612,9.108833,38.452222,4.56
3613,9.099556,5.092222,4.97
3614,9.06925,-47.097778,3.75
3615,9.040778,-66.396111,4.0
3616,9.173111,67.134722,4.8
3617,9.124139,22.981111,6.4
3618,9.116639,1.462778,6.17
3619,9.147861,51.604722,4.48
3620,9.134472,32.540556,6.5
3621,9.133361,29.654167,5.43
3622,9.08,-57.8525,6.44
3623,9.129111,10.668056,5.24
3624,9.181972,63.513611,4.67
3625,9.147528,33.882222,5.93
3626,9.146472,26.629167,5.98
3627,9.155972,22.045556,5.14
3628,9.134139,-25.858333,4.58
3629,9.109444,-55.803333,6.11
3630,9.145056,-8.589444,5.6
3631,9.12075,-51.211944,6.73
3632,9.102111,-64.499722,6.37
3633,9.234222,71.655833,6.55
3634,9.133278,-43.4325,2.21
3635,9.162889,11.564444,6.48
3636,9.153194,-12.357778,5.77
3637,9.145417,-26.767778,6.15
3638,9.151194,-18.328611,5.73
3639,9.177417,30.963056,5.95
3640,9.172472,21.996389,6.01
3641,9.159861,-8.787778,5.46
3642,9.093972,-70.538889,4.71
3643,9.085778,-72.602778,4.48
3644,9.165667,-30.365278,5.59
3645,9.264611,72.946111,5.96
3646,9.173056,-23.176667,6.53
3647,9.162528,-49.424722,6.48
3648,9.239056,61.423333,5.13
3649,9.198778,5.468333,6.35
3650,9.204889,14.996111,6.51
3651,9.203583,3.867222,6.14
3652,9.230056,43.217778,5.32
3653,9.199639,-19.747778,5.73
3654,9.184556,-44.868056,5.0
3655,9.207222,-7.109722,6.11
3656,9.194722,-39.258889,6.0
3657,9.227028,21.283333,6.48
3658,9.192556,-46.583889,5.79
3659,9.182778,-58.966944,3.44
3660,9.263861,56.741389,5.27
3661,9.2085,-43.613611,5.57
3662,9.269806,54.021944,4.83
3663,9.187944,-62.317222,3.97
3664,9.253972,34.633611,5.97
3665,9.239417,2.314167,3.88
3666,9.332167,74.016389,6.5
3667,9.223861,-38.616389,6.31
3668,9.221833,-42.273611,6.29
3669,9.253833,14.941389,5.34
3670,9.22625,-47.338611,5.92
3672,9.235611,-44.145833,5.85
3673,9.215444,-59.414444,5.54
3674,9.240139,-43.2275,5.25
3675,9.256917,-15.024722,6.35
3676,9.292,46.817222,5.97
3677,9.249222,-37.6025,5.86
3678,8.94475,-85.663056,5.42
3679,9.238333,-55.569722,5.27
3680,9.254056,-45.555556,6.25
3681,9.27825,-6.353056,5.24
3682,9.260194,-38.57,4.94
3683,9.278139,-8.744722,5.47
3684,9.262528,-37.413333,4.62
3685,9.22,-69.717222,1.68
3686,9.307222,35.364167,5.75
3687,9.285417,-14.573611,5.84
3688,9.267833,-44.898611,6.04
3689,9.297611,11.501111,6.41
3690,9.314083,36.8025,3.82
3691,9.254861,-58.388611,6.02
3692,9.273083,-44.265833,5.12
3693,9.259722,-57.578056,6.32
3694,9.282556,-39.401389,5.33
3695,9.203417,-76.663056,6.14
3696,9.270056,-57.541389,4.34
3697,9.3455,51.266111,6.13
3698,9.362028,56.699167,5.47
3699,9.284833,-59.275278,2.25
3700,9.295083,-54.495278,6.33
3701,9.349806,38.188333,6.12
3702,9.326028,-11.314167,6.62
3703,9.301611,-51.051111,5.26
3704,9.325889,-15.834444,5.78
3705,9.350917,34.3925,3.13
3706,9.329556,-11.975,4.79
3707,9.357556,32.901944,6.16
3708,9.311722,-51.560556,5.87
3709,9.341389,-9.555833,4.8
3710,9.329972,-34.103333,6.39
3711,9.354278,15.371111,6.53
3712,9.288111,-68.689444,5.39
3713,9.297694,-67.050833,6.11
3714,9.34875,-15.617778,6.33
3715,9.345611,-31.760556,6.82
3716,9.341556,-37.581389,6.05
3717,9.325722,-55.186667,6.28
3718,9.358222,-25.965556,4.72
3719,9.464333,75.098333,6.29
3720,9.290389,-74.894444,5.29
3721,9.290944,-74.734722,5.86
3722,9.428944,63.940833,6.28
3723,9.392167,25.183056,6.41
3724,9.380806,-9.838889,6.53
3725,9.415472,51.573889,6.31
3726,9.364139,-42.195,5.58
3727,9.40625,36.586944,6.67
3728,9.349111,-62.404722,4.81
3729,9.376861,-39.774722,6.54
3730,9.373333,-46.0475,5.75
3731,9.410917,26.182222,4.46
3732,9.363889,-55.515,5.63
3733,9.38675,-28.833889,4.69
3734,9.368556,-55.010833,2.5
3735,9.395778,-37.757222,6.48
3736,9.425694,16.585556,6.29
3737,9.404528,-39.425833,6.06
3738,9.423333,-5.1175,5.59
3739,9.399861,-51.737222,6.08
3740,9.390944,-60.3025,6.3
3741,9.439528,-1.463889,6.01
3742,9.401583,-61.648889,5.99
3743,9.477778,45.601389,5.41
3744,9.454056,-9.223611,6.54
3745,9.445778,-28.7875,6.1
3746,9.44125,-40.501944,6.2
3747,9.496556,55.745556,6.45
3748,9.459778,-8.658611,1.98
3749,9.455111,-22.343889,4.69
3750,9.463,-6.071111,5.38
3751,9.618111,81.326389,4.29
3752,9.424194,-61.950278,5.77
3753,9.438361,-53.379167,5.11
3754,9.474306,9.056667,5.41
3755,9.474778,8.188333,5.71
3756,9.460667,-35.007778,6.65
3757,9.525472,63.061944,3.67
3758,9.483944,-1.256944,6.27
3759,9.485806,-2.768889,4.6
3760,9.490139,-2.205278,6.14
3761,9.445611,-64.929722,6.05
3762,9.492333,-4.247222,6.26
3763,9.486833,-20.748611,5.66
3764,9.512,33.655556,5.85
3765,9.487417,-35.951389,4.51
3766,9.487861,-38.403889,6.19
3767,9.497194,-23.345278,6.24
3768,9.581556,72.205556,5.72
3769,9.525667,35.103056,5.37
3770,9.498472,-26.589722,5.48
3771,9.574694,69.830278,4.56
3772,9.506278,-15.577222,5.85
3773,9.528667,22.968056,4.31
3774,9.601889,74.317778,6.46
3775,9.547611,51.677222,3.17
3776,9.479722,-62.273056,5.92
3777,9.451778,-71.602222,5.47
3778,9.552,49.438611,6.76
3779,9.532667,9.715833,5.07
3780,9.512611,-31.891389,7.0
3781,9.512806,-31.889444,6.18
3782,9.532417,11.299722,4.97
3783,9.475167,-66.701944,5.91
3784,9.501444,-51.517222,5.45
3785,9.527472,-10.552222,6.14
3786,9.511667,-40.466667,3.6
3787,9.533028,-1.185,4.57
3788,9.532167,-10.370556,6.13
3789,9.525611,-31.871944,5.93
3790,9.525806,-35.715,5.87
3791,9.558417,36.486944,6.18
3792,9.555083,28.368056,6.53
3793,9.5065,-58.361667,5.88
3794,9.544833,1.864167,6.11
3795,9.402528,-80.786944,5.36
3796,9.539,-19.400278,5.74
3797,9.572111,46.902222,6.52
3798,9.538472,-28.628056,6.46
3799,9.580417,52.051389,4.5
3800,9.570389,36.3975,4.55
3801,9.550583,-8.505278,6.12
3802,9.548833,-13.516944,5.94
3803,9.520361,-57.034444,3.13
3804,9.566417,23.453889,6.25
3805,9.555583,-7.19,6.24
3806,9.632278,73.080556,6.42
3807,9.538694,-40.649444,5.35
3808,9.553472,-21.115833,5.01
3809,9.584389,39.621389,4.81
3810,9.557278,-22.863889,5.91
3811,9.589556,39.963333,6.76
3812,9.552167,-39.128889,6.43
3813,9.525806,-66.719444,6.27
3814,9.57575,-5.915,5.56
3815,9.594333,35.810278,5.41
3816,9.537389,-62.788889,6.1
3817,9.562361,-49.005,5.12
3818,9.598028,14.379722,6.36
3819,9.569111,-51.255278,5.01
3820,9.611917,31.161667,5.56
3821,9.52675,-73.080833,5.47
3822,9.592694,-19.583611,6.31
3823,9.586611,-35.823889,6.49
3824,9.65775,67.272222,5.94
3825,9.574083,-59.229444,4.08
3826,9.617389,16.437778,5.69
3827,9.620194,6.835833,5.0
3828,9.609361,-24.702778,6.53
3829,9.639361,40.239722,5.25
3830,9.616722,-25.296667,5.7
3831,9.607028,-48.751389,6.17
3832,9.630972,-9.424444,6.4
3833,9.619417,-32.178611,5.63
3834,9.640917,4.649167,4.68
3835,9.624528,-36.095833,5.98
3836,9.613778,-49.355278,4.35
3837,9.612861,-52.944167,6.19
3838,9.704111,69.2375,5.69
3839,9.715889,72.2525,5.17
3840,9.620083,-53.668611,5.45
3841,9.601417,-64.950556,6.56
3842,9.63375,-43.191111,5.5
3843,9.758556,78.134722,6.23
3844,9.644639,-39.614167,6.7
3845,9.664278,-1.142778,3.91
3846,9.663167,-10.570278,6.31
3847,9.788333,79.136667,6.17
3848,9.67225,-10.769167,6.37
3849,9.671778,-14.332222,5.06
3850,9.693111,31.278056,5.89
3851,9.700083,39.757778,5.62
3852,9.685833,9.892222,3.52
3853,9.694028,25.912778,6.24
3854,9.711972,48.431111,6.39
3855,9.718611,54.363611,6.47
3856,9.655833,-61.328056,4.52
3857,9.711861,35.093333,6.14
3858,9.688056,-23.591667,4.77
3859,9.743528,64.983889,6.17
3860,9.564778,-80.941389,5.11
3861,9.725917,29.974444,5.64
3862,9.704,-23.915556,4.94
3863,9.678472,-57.983611,5.32
3864,9.683944,-57.259722,5.8
3865,9.765389,63.653333,6.34
3866,9.728861,14.021667,5.35
3867,9.7115,-35.501667,6.41
3868,9.696611,-55.214167,6.0
3869,9.741667,18.863611,6.5
3870,9.775472,57.128056,5.2
3871,9.736694,-27.769444,4.79
3872,9.724306,-51.228333,6.15
3873,9.764194,23.774167,2.98
3874,9.737722,-39.571111,6.82
3875,9.728389,-53.891667,5.56
3876,9.769444,6.708611,5.79
3877,9.773139,11.81,5.63
3878,9.756056,-30.202778,6.45
3879,9.773222,1.785556,5.65
3880,9.790528,11.568333,6.45
3881,9.809833,46.021111,5.09
3882,9.792639,11.428889,6.02
3883,9.76125,-57.185556,6.46
3884,9.754111,-62.507778,3.69
3885,9.839917,65.593333,6.31
3886,9.775111,-44.755,5.55
3887,9.765389,-58.794167,6.22
3888,9.849833,59.038611,3.8
3889,9.830583,21.179444,6.09
3890,9.785028,-65.071944,3.01
3891,9.785194,-65.0725,6.26
3892,9.824472,-37.186389,5.97
3893,9.841694,4.343611,6.24
3894,9.868444,54.064444,4.59
3895,9.811111,-56.411944,6.06
3896,9.850556,13.066111,6.46
3897,9.830917,-36.268611,6.37
3898,9.832528,-45.732778,5.08
3899,9.853889,-4.243333,6.01
3900,9.864722,24.395278,5.32
3901,9.856,-6.181667,6.42
3902,9.772389,-76.776111,5.45
3903,9.857972,-14.846667,4.12
3904,9.845,-46.934444,5.73
3905,9.879389,26.006944,3.88
3906,9.870056,2.454167,6.02
3907,9.87,0.075556,6.35
3908,9.866556,-16.534722,6.08
3909,9.875111,-8.105,5.05
3910,9.8555,-46.193889,5.62
3911,9.917611,61.116111,6.27
3912,9.861333,-46.547778,4.58
3913,9.853361,-59.425833,5.79
3914,9.848806,-62.745278,5.57
3915,9.89525,5.958333,5.95
3916,9.882778,-27.332222,6.3
3917,9.928611,49.82,5.27
3918,9.973,72.879444,5.83
3919,9.903417,-25.9325,4.88
3920,9.883333,-55.373333,6.48
3921,9.908806,-22.488333,6.24
3922,9.953778,57.418333,5.93
3923,9.9145,-19.009444,4.94
3924,9.897278,-51.146944,5.93
3925,9.904889,-45.283889,5.71
3926,9.940556,8.933056,5.85
3927,9.91425,-50.243889,5.72
3928,9.961417,41.055556,5.14
3929,9.965806,45.414444,6.3
3930,9.934833,-40.824722,6.41
3931,9.94625,-26.550278,6.28
3932,9.943194,-33.418611,5.84
3933,9.948333,-27.475,6.32
3934,10.142861,83.918333,6.37
3935,9.939417,-51.336111,6.37
3936,9.973917,27.758889,6.3
3937,9.970389,12.444722,5.26
3938,9.968778,8.314167,6.04
3939,9.997694,56.811944,5.48
3940,9.947722,-54.567778,3.54
3941,9.953028,-52.638889,6.12
3942,9.993389,29.645278,5.73
3943,9.961806,-48.414444,6.05
3944,9.936028,-71.389444,6.35
3945,9.995306,3.384722,6.7
3946,9.985028,-23.950278,6.21
3947,9.981194,-35.891111,5.23
3948,9.954222,-64.489444,6.58
3949,9.949917,-69.101944,6.2
3950,10.003556,8.044167,4.7
3951,10.016861,31.923611,5.36
3952,10.046917,21.949167,5.66
3953,10.009556,-56.946667,6.52
3954,10.07675,53.891667,5.74
3955,10.027917,-53.364444,6.2
3956,10.047028,-30.5775,6.54
3957,10.032778,-57.349722,6.2
3958,10.08625,52.370833,6.14
3959,10.061389,-9.573889,6.12
3960,10.033333,-60.420833,5.94
3961,10.069,3.201111,6.45
3962,10.0615,-25.316667,6.7
3963,10.067472,-18.101667,5.86
3964,10.055694,-46.636111,6.12
3965,10.0725,-24.285556,5.7
3966,10.049972,-60.178611,6.19
3967,10.047056,-62.156389,6.42
3968,10.073167,-39.975833,6.43
3969,10.094694,15.7575,6.37
3970,10.085417,-13.064722,4.6
3971,10.059528,-61.883889,6.14
3972,10.087556,-36.383889,6.27
3973,10.113167,5.611389,6.21
3974,10.123833,35.244722,4.48
3975,10.122222,16.762778,3.52
3976,10.103139,-47.37,5.08
3977,10.119306,-17.141667,5.6
3978,10.101972,-52.188056,6.52
3979,10.13775,31.604167,6.24
3980,10.13175,9.9975,4.37
3981,10.132306,-0.371667,4.49
3982,10.139528,11.967222,1.35
3983,10.012139,-82.214722,5.52
3984,10.133806,-37.333611,6.36
3985,10.146028,-10.884722,6.53
3986,10.143194,-15.611667,6.27
3987,10.183028,40.661389,6.32
3988,10.165694,-12.095833,6.24
3989,10.16875,-8.408333,5.91
3990,10.148972,-51.811111,4.86
3991,10.168306,-12.816111,5.31
3992,10.158833,-35.856667,6.13
3993,10.186889,37.401944,5.85
3994,10.176472,-12.354167,3.61
3995,10.145167,-65.815278,5.28
3996,10.182167,-8.418333,5.65
3997,10.068778,-81.565833,6.6
3998,10.193944,13.355,6.44
3999,10.156083,-61.549167,5.6
4000,10.188278,-7.316667,6.25
4001,10.177194,-41.715,5.98
4002,10.158472,-68.683333,5.81
4003,10.200806,-28.606389,6.28
4004,10.213417,4.614722,5.77
4005,10.2105,-19.153611,6.44
4006,10.2305,27.135833,6.04
4007,10.193111,-58.828056,6.4
4008,10.252139,59.985556,6.25
4009,10.19625,-58.060556,5.72
4010,10.206389,-52.163333,6.16
4011,10.222056,-27.028889,6.25
4012,10.241583,21.167778,6.02
4013,10.223556,-33.031944,6.38
4014,10.25175,31.468056,6.46
4015,10.229417,-40.345833,5.9
4016,10.300306,73.073333,6.4
4017,10.223,-51.233333,5.28
4018,10.217028,-59.918056,6.1
4019,10.232389,-40.310556,6.35
4020,10.224444,-51.756111,5.78
4021,10.297389,71.060556,6.66
4022,10.222556,-61.658889,6.41
4023,10.245611,-42.121944,3.85
4024,10.270667,29.310556,5.35
4025,10.225167,-66.373056,5.16
4026,10.300556,65.108333,5.82
4027,10.274472,28.6825,6.49
4028,10.271139,17.740278,6.55
4029,10.255806,-36.518056,6.19
4030,10.275639,23.503056,5.97
4031,10.278167,23.417222,3.44
4032,10.278306,25.371389,5.84
4033,10.284944,42.914444,3.45
4034,10.269194,-11.203333,6.08
4035,10.277972,13.728333,5.41
4036,10.25875,-43.1125,5.6
4037,10.228944,-70.038056,3.32
4038,10.254611,-54.974167,6.16
4039,10.287389,23.106111,5.82
4040,10.279333,-20.670556,6.57
4041,10.302861,27.415278,6.52
4042,10.293833,-8.068889,5.24
4043,10.267528,-59.903333,6.22
4044,10.316389,46.760833,6.43
4045,10.277833,-51.205,6.3
4046,10.324111,48.396944,6.0
4047,10.350944,68.7475,5.96
4048,10.316861,24.711667,6.4
4049,10.302111,-28.991944,5.34
4050,10.284722,-61.332222,3.4
4051,10.337444,53.779167,6.45
4052,10.342,54.216944,6.0
4053,10.3105,-36.804722,6.3
4054,10.328917,19.470833,4.79
4055,10.321333,-12.528056,6.0
4056,10.307833,-41.668333,5.96
4057,10.332861,19.841667,2.61
4058,10.332944,19.840556,3.8
4059,10.325611,-5.105833,6.37
4060,10.333167,-9.058889,6.32
4061,10.310444,-56.11,5.81
4062,10.494861,84.252222,5.5
4063,10.326889,-55.029444,4.57
4064,10.350556,2.289722,6.66
4065,10.318,-64.676389,5.67
4066,10.337972,-47.699167,5.65
4067,10.369583,41.229444,5.76
4068,10.352167,-17.985,6.51
4069,10.372139,41.499444,3.05
4070,10.363972,14.975556,6.12
4071,10.357972,-23.710833,6.5
4072,10.402194,65.566389,4.97
4073,10.36,-22.528333,6.51
4074,10.348556,-56.043056,4.5
4075,10.385083,33.908056,5.9
4076,10.37025,-19.866944,6.13
4077,10.383444,6.5425,6.07
4078,10.394944,29.615833,6.39
4079,10.387389,5.694167,6.54
4080,10.372111,-41.65,4.83
4081,10.402389,33.718611,5.5
4082,10.390694,-4.074167,5.97
4083,10.386972,-30.162222,6.27
4084,10.517944,82.558611,5.26
4085,10.403639,2.368056,6.32
4086,10.391472,-38.01,5.33
4087,10.394556,-41.953333,6.27
4088,10.420889,8.784722,5.61
4089,10.382806,-66.901667,4.99
4090,10.431917,33.796111,4.74
4091,10.397472,-57.953889,6.35
4092,10.428972,-7.059722,5.57
4093,10.421444,-42.468056,6.18
4094,10.434833,-16.836389,3.81
4095,10.4165,-58.576389,5.95
4096,10.457778,41.600833,6.02
4097,10.450139,19.364444,6.15
4098,10.467722,48.784722,6.44
4099,10.435972,-42.738889,6.13
4100,10.464722,36.707222,4.21
4101,10.460833,9.7625,6.04
4102,10.406583,-74.031667,4.0
4103,10.476806,45.212222,6.35
4104,10.452528,-31.067778,4.25
4105,10.412306,-73.971667,6.19
4106,10.498417,65.626111,6.32
4107,10.446944,-54.8775,5.58
4108,10.507389,64.2575,6.12
4109,10.478889,-3.7425,6.05
4110,10.456778,-57.638889,4.66
4111,10.467194,-49.405556,6.1
4112,10.510444,55.980556,4.84
4113,10.501778,38.925278,5.77
4114,10.464639,-58.739444,3.82
4115,10.457028,-65.704722,6.01
4116,10.491306,-2.739167,5.21
4117,10.491389,-29.663611,5.58
4118,10.493167,-30.607222,5.56
4119,10.504861,-0.636944,5.09
4120,10.481278,-64.172222,5.29
4121,10.600472,80.494444,6.52
4122,10.516306,-7.6375,6.2
4123,10.516611,-13.588333,5.58
4124,10.530944,32.379444,5.9
4125,10.514278,-26.483889,6.51
4126,10.584861,75.713056,4.84
4127,10.536611,14.137222,5.46
4128,10.510889,-61.356111,6.43
4129,10.502417,-66.985,6.19
4130,10.530167,-28.2375,6.05
4131,10.562111,53.4975,6.45
4132,10.553861,40.425556,4.75
4133,10.546861,9.306667,3.85
4134,10.522722,-53.715556,4.89
4135,10.532639,-45.066667,5.74
4136,10.532389,-45.069444,6.09
4137,10.558583,34.988611,5.58
4138,10.505583,-71.993056,4.74
4139,10.542667,-44.618889,5.91
4140,10.533722,-61.685278,3.32
4141,10.586028,57.082778,5.16
4142,10.517222,-73.221667,4.93
4143,10.549139,-47.003333,5.02
4144,10.546556,-58.666944,6.0
4145,10.566917,-23.745278,5.08
4146,10.58,6.953611,5.08
4147,10.557028,-58.190278,6.14
4148,10.583944,8.650278,5.67
4149,10.582694,-23.176111,6.1
4150,10.605944,36.326944,6.28
4151,10.57025,-60.987778,6.23
4152,10.594139,-18.569167,6.49
4153,10.586917,-39.562778,5.38
4154,10.58625,-43.664722,6.08
4155,10.604833,-10.583333,6.57
4156,10.604639,-16.344444,6.03
4157,10.601278,-26.675,6.29
4158,10.609,-12.230278,5.7
4159,10.593139,-57.557778,4.45
4160,10.619889,-11.748611,6.52
4161,10.530833,-81.921111,7.07
4162,10.620472,-27.4125,4.89
4163,10.625889,-13.384444,4.82
4164,10.605639,-59.564722,5.08
4165,10.651583,53.668333,5.52
4166,10.645333,31.976111,4.71
4167,10.621694,-48.225833,3.84
4168,10.652111,37.91,5.85
4169,10.624111,-58.733333,5.45
4170,10.590222,-76.309167,6.3
4171,10.643056,-16.876667,4.91
4172,10.647333,-12.443611,6.04
4173,10.634028,-57.256389,5.91
4174,10.591139,-78.607778,4.11
4175,10.647306,-42.753611,6.11
4176,10.69675,68.443333,5.75
4177,10.645861,-59.183056,4.66
4178,10.699056,65.716389,5.12
4179,10.649833,-58.816944,5.92
4180,10.655111,-55.603333,4.28
4181,10.717806,69.076111,5.0
4182,10.690056,-1.741667,6.26
4183,10.681,-35.741667,6.37
4184,10.703139,31.696944,6.02
4185,10.669806,-65.100556,5.52
4186,10.654611,-74.493611,6.07
4187,10.728694,57.199167,5.8
4188,10.688222,-59.676944,6.42
4189,10.717167,26.325556,5.51
4190,10.708694,-13.975,6.24
4191,10.725806,46.203889,5.18
4192,10.723611,23.188333,5.08
4193,10.722472,4.747778,5.79
4194,10.712,-32.715833,5.64
4195,10.751111,67.411389,6.0
4196,10.703889,-64.466389,4.82
4197,10.737361,19.758611,6.27
4198,10.711278,-59.215833,5.38
4199,10.715944,-64.394444,2.76
4200,10.725583,-60.566667,4.57
4201,10.752611,2.488056,6.28
4202,10.772917,57.365833,6.34
4203,10.764417,30.682222,5.24
4204,10.730889,-64.248889,5.77
4205,10.73525,-63.961111,4.82
4206,10.697583,-79.783333,5.97
4207,10.76825,6.373056,6.37
4208,10.773472,18.891389,5.49
4209,10.773694,14.194722,5.48
4210,10.751,-59.684167,6.21
4211,10.738722,-70.86,6.26
4212,10.74225,-70.855,6.46
4213,10.740694,-72.443889,6.27
4214,10.781111,-17.296667,5.42
4215,10.813889,65.132222,6.39
4216,10.7795,-49.42,2.69
4217,10.771333,-60.603333,6.25
4218,10.793889,-15.261944,6.67
4219,10.77125,-64.515,5.34
4220,10.774917,-64.263333,5.23
4221,10.782639,-56.757222,5.23
4222,10.780889,-64.383333,4.85
4223,10.815889,29.415833,6.15
4224,10.811278,-1.958889,5.93
4225,10.803944,-31.688333,5.88
4226,10.794083,-57.467778,6.36
4227,10.820944,10.545278,5.34
4228,10.8015,-59.919167,6.0
4229,10.821472,-4.024167,6.61
4230,10.831583,27.973889,6.04
4231,10.754361,-80.469722,5.47
4232,10.827083,-16.193611,3.11
4233,10.82875,-9.852778,5.86
4234,10.763,-80.540278,4.45
4235,10.853083,56.582222,5.67
4236,10.856583,59.32,5.58
4237,10.838361,-8.897778,5.79
4238,10.8325,-34.058056,5.61
4239,10.823361,-59.323611,5.91
4240,10.8515,-3.0925,5.95
4241,10.875222,52.565278,6.65
4242,10.875528,52.503611,6.44
4243,10.891861,69.853889,5.93
4244,10.870472,1.025278,6.38
4245,10.876694,-0.201389,6.31
4246,10.892917,54.585,5.1
4247,10.888528,34.215,3.83
4248,10.899639,43.19,4.71
4249,10.89025,-2.255278,6.12
4250,10.87525,-57.240556,5.25
4251,10.891528,-20.138889,5.24
4252,10.892472,-15.445556,6.38
4253,10.895472,-2.129167,5.45
4254,10.911722,25.490833,6.2
4255,10.904944,-13.758056,5.66
4256,10.916167,34.034722,5.72
4257,10.891556,-58.853333,3.78
4258,10.929,33.506944,5.03
4259,10.926889,24.749722,4.5
4260,10.927028,24.748889,6.3
4261,10.919889,-20.665,6.44
4262,10.895,-70.720278,5.99
4263,10.916944,-42.251111,6.11
4264,10.937361,42.008333,6.03
4265,10.928444,0.736944,5.91
4266,10.908222,-61.826667,5.93
4267,10.93375,6.185278,5.81
4268,10.874306,-79.559444,6.33
4269,10.938028,22.351667,6.14
4270,10.942889,25.5,6.35
4271,10.921444,-60.516944,5.92
4272,10.999111,77.77,6.2
4273,10.945306,-37.137778,4.6
4274,10.952194,-50.765,5.91
4275,10.988306,51.882222,6.17
4276,10.963444,-59.731944,6.11
4277,10.991111,40.430278,5.05
4278,10.992444,36.093056,6.0
4279,10.954361,-75.099722,6.13
4280,11.004083,45.526111,5.47
4281,10.99475,11.705833,6.55
4282,10.987194,-33.737222,5.71
4283,11.007111,51.501944,6.43
4284,10.991917,-16.353889,5.89
4285,11.005722,42.911389,6.02
4286,11.018278,63.421111,6.39
4287,10.99625,-18.298889,4.08
4288,11.014,39.212222,5.08
4289,11.003222,-14.083333,5.88
4290,10.987222,-61.320278,6.16
4291,11.009333,3.6175,4.84
4292,10.999833,-43.807222,5.81
4293,11.002583,-42.225833,4.39
4294,11.012444,6.101389,4.99
4295,11.030694,56.3825,2.37
4296,11.002389,-51.817778,6.15
4297,11.015889,-15.792778,6.34
4298,11.011333,-31.839444,6.07
4299,11.030472,-2.484722,4.74
4300,11.038833,20.179722,4.42
4301,11.062139,61.750833,1.79
4302,11.040111,-26.831389,6.23
4303,11.054056,-0.7525,6.14
4304,10.986917,-81.556111,6.71
4305,11.054139,-11.303611,5.5
4306,11.060167,-0.000833,5.95
4307,11.054472,-31.960833,6.46
4308,11.060139,-13.434444,6.34
4309,11.075333,38.241389,6.0
4310,11.083611,7.336111,4.63
4311,11.075333,-47.679167,5.67
4312,10.987167,-84.593889,6.19
4313,11.081722,-35.804722,5.43
4314,11.088861,-27.293611,4.94
4315,11.092778,-11.088889,6.09
4316,11.0845,-49.3925,6.13
4317,11.099333,-27.287778,5.71
4318,11.101611,-51.2125,6.3
4319,11.115056,1.955556,5.52
4320,11.11075,-28.727778,6.77
4321,11.107611,-50.956667,6.32
4322,11.127694,23.323611,6.46
4323,11.108139,-58.675278,6.02
4324,11.119,-32.587222,6.59
4325,11.109,-62.424167,4.61
4326,11.106722,-64.839722,6.41
4327,11.121278,-42.638611,5.15
4328,11.131778,-30.174722,6.54
4329,11.113861,-70.878056,5.57
4330,11.161083,67.210278,6.06
4331,11.137722,-29.972778,6.49
4332,11.146972,24.658333,5.68
4333,11.155306,36.309444,5.74
4334,11.145528,-28.080556,5.44
4335,11.161056,44.498611,3.01
4336,11.160694,43.2075,5.89
4337,11.143167,-58.975,3.91
4338,11.142778,-61.947222,5.13
4339,11.164833,-32.3675,5.81
4340,11.203056,68.271944,6.4
4341,11.195472,14.400278,6.3
4342,11.181861,-58.455278,6.88
4343,11.194306,-22.825833,4.48
4344,11.212361,54.894167,6.63
4345,11.208944,35.813611,6.41
4346,11.204111,-32.433889,6.38
4347,11.208444,-18.5,6.13
4348,11.209611,-21.749167,6.4
4349,11.191528,-71.436389,6.35
4350,11.209194,-49.101111,5.36
4351,11.227833,41.088611,6.33
4352,11.21,-60.3175,4.6
4353,11.215806,-49.736389,6.11
4354,11.22075,-44.372222,5.8
4355,11.212556,-64.169722,5.23
4356,11.229333,-0.069722,5.42
4357,11.235139,20.523611,2.56
4358,11.233833,8.060556,5.79
4359,11.237333,15.429444,3.34
4360,11.227583,-53.231667,5.76
4361,11.225222,-59.619444,5.74
4362,11.253389,23.095556,4.63
4363,11.267778,52.773056,6.5
4364,11.248333,-43.734167,6.21
4365,11.264417,13.3075,5.32
4366,11.266056,12.844722,6.67
4367,11.278306,49.476389,5.88
4368,11.277694,-3.651667,4.47
4369,11.282833,-7.134722,6.14
4370,11.274361,-45.88,6.31
4371,11.288167,2.010556,5.18
4372,11.286611,-38.014444,6.27
4373,11.294222,-34.737222,6.45
4374,11.303028,31.529167,4.87
4375,11.303056,31.529167,4.41
4376,11.295278,-36.534444,6.68
4377,11.307972,33.094167,3.48
4378,11.305833,11.984722,6.66
4379,11.288611,-67.823611,6.06
4380,11.318861,38.185556,4.78
4381,11.315278,1.650556,5.91
4382,11.322361,-14.778611,3.56
4383,11.348278,67.100556,6.21
4384,11.32125,-64.5825,5.99
4385,11.309528,-79.668611,6.35
4386,11.352278,6.029444,4.05
4387,11.32675,-75.1425,6.27
4388,11.363694,57.075,6.43
4389,11.334417,-71.994444,6.41
4390,11.350111,-54.491111,3.89
4391,11.380917,64.330556,6.02
4392,11.380444,43.482778,4.99
4393,11.373083,-44.645833,6.12
4394,11.388333,0.131667,6.05
4395,11.389417,-18.78,5.09
4396,11.386861,-36.164722,5.0
4397,11.365861,-77.608333,6.43
4398,11.385583,-56.779444,5.79
4399,11.39875,10.529167,3.94
4400,11.400639,1.407778,5.39
4401,11.389389,-64.955,5.11
4402,11.410167,-10.859444,4.83
4403,11.406139,-42.669167,6.12
4404,11.416361,11.430278,5.8
4405,11.414694,-17.683889,4.08
4406,11.403083,-72.256667,5.59
4407,11.432528,55.850556,5.75
4408,11.426778,16.456389,5.57
4409,11.424833,-36.063056,5.22
4410,11.430556,3.86,6.37
4411,11.425861,-37.747778,5.89
4412,11.440417,33.450556,6.32
4413,11.428667,-63.972778,5.17
4414,11.445917,3.013056,6.5
4415,11.443139,-61.115278,5.3
4416,11.452639,-12.356667,5.94
4417,11.446472,-53.16,5.81
4418,11.465611,2.856111,4.95
4419,11.464917,-1.7,6.25
4420,11.46625,-35.328611,6.45
4421,11.484611,61.778333,5.83
4422,11.4845,39.336944,5.31
4423,11.476417,-42.674167,5.08
4424,11.495417,56.7375,6.28
4425,11.471722,-72.474444,6.09
4426,11.494972,15.413333,5.74
4427,11.503583,54.361667,6.41
4428,11.494056,-24.463333,5.76
4429,11.530667,81.127222,6.15
4430,11.506944,46.6575,6.35
4431,11.508639,43.173333,5.94
4432,11.50525,-3.003611,4.77
4433,11.508056,18.409722,5.52
4434,11.523389,69.331111,3.84
4435,11.514694,47.929167,6.42
4436,11.5195,48.789167,6.56
4437,11.529139,14.364444,6.2
4438,11.520833,-61.278333,6.38
4439,11.539111,61.0825,5.48
4440,11.529889,-20.776667,6.24
4441,11.529472,-59.442222,5.13
4442,11.530222,-59.515833,5.15
4443,11.537806,-29.263333,5.81
4444,11.537861,-29.261111,5.64
4445,11.539806,-26.746667,6.16
4446,11.546528,-7.8275,5.95
4447,11.546694,-40.436389,5.64
4448,11.538861,-66.962222,5.9
4449,11.548361,-31.087222,5.04
4450,11.550028,-31.857778,3.54
4451,11.554056,-16.280556,6.05
4452,11.565639,36.815556,6.4
4453,11.560361,-40.586944,5.39
4454,11.569444,11.023611,6.55
4455,11.572778,3.06,5.77
4456,11.578472,16.796944,5.95
4457,11.584694,54.785278,5.63
4458,11.574861,-32.831389,5.98
4459,11.584389,20.441389,6.45
4460,11.579361,-54.264167,4.62
4461,11.600778,69.322778,5.2
4462,11.582444,-49.136667,5.5
4463,11.587,-47.3725,5.71
4464,11.595389,10.911111,6.56
4465,11.604972,27.781111,5.8
4466,11.598778,-47.641667,5.25
4467,11.596333,-63.019722,3.13
4468,11.611361,-9.802222,4.7
4469,11.609722,-33.57,5.74
4470,11.611333,-37.237778,6.31
4471,11.615806,-0.823889,4.3
4472,11.606194,-61.052222,5.83
4473,11.617,-32.988056,6.29
4474,11.631389,50.618333,6.14
4475,11.616833,-61.283333,5.15
4476,11.626083,-47.747222,5.44
4477,11.639056,43.625556,5.59
4478,11.636056,8.884167,6.17
4479,11.621,-75.896667,5.65
4480,11.642639,46.834167,6.1
4481,11.647,64.346944,6.46
4482,11.642278,33.625556,6.27
4483,11.641,8.134167,5.36
4484,11.640028,-2.436111,6.22
4485,11.630111,-67.620278,5.96
4486,11.645806,45.108611,6.44
4487,11.635361,-61.826389,5.15
4488,11.644472,-13.201944,5.48
4489,11.650111,-24.721111,6.42
4490,11.664194,-14.468611,6.21
4491,11.664,-16.620278,6.19
4492,11.658167,-65.397778,5.17
4493,11.674278,57.970556,6.37
4494,11.670222,-34.744722,4.7
4495,11.67975,21.352778,5.26
4496,11.684167,34.201667,5.33
4497,11.6785,-53.968611,5.96
4498,11.685667,-29.196389,6.44
4499,11.681556,-62.09,4.94
4500,11.695444,55.1725,6.27
4501,11.692861,31.746111,5.73
4502,11.688833,-43.095833,5.55
4503,11.695556,-32.499722,5.22
4504,11.707889,66.745,5.3
4505,11.701444,22.210833,6.59
4506,11.700972,-20.293889,6.22
4507,11.683667,-83.1,6.33
4508,11.724222,-37.190278,5.98
4509,11.715389,-79.306389,6.39
4510,11.731972,-6.677222,6.07
4511,11.725333,-62.489444,5.03
4512,11.737,25.218333,6.02
4513,11.731361,-62.878333,6.1
4514,11.746056,-18.350833,4.73
4515,11.75475,8.258333,4.85
4516,11.7535,-49.069722,6.26
4517,11.764333,6.529444,4.03
4518,11.7675,47.779444,3.71
4519,11.762194,-45.69,5.29
4520,11.760111,-66.728611,3.64
4521,11.782111,55.628333,5.27
4522,11.775222,-61.178333,4.11
4523,11.775306,-40.500556,4.91
4524,11.785278,-35.906944,6.17
4525,11.787694,-30.286944,6.48
4526,11.788639,-57.696389,5.41
4527,11.79975,20.218889,4.53
4528,11.798583,8.245833,5.32
4529,11.806528,-10.313333,6.26
4530,11.803972,-66.814722,4.72
4531,11.81075,14.284167,5.88
4532,11.812528,-26.749722,5.11
4533,11.817,-0.318611,6.15
4534,11.817667,14.571944,2.14
4535,11.820806,16.242778,6.04
4536,11.82825,34.931667,5.7
4537,11.828083,-63.788333,4.32
4538,11.832389,-70.225833,4.97
4539,11.83875,-15.863889,6.13
4540,11.844917,1.764722,3.61
4541,11.840889,-62.649444,5.7
4542,11.843639,-27.277778,6.48
4543,11.848694,12.278889,6.35
4544,11.850611,-5.333333,5.64
4545,11.852611,33.375,6.27
4546,11.852417,-45.173611,4.46
4547,11.856083,-12.187778,6.35
4548,11.861556,-30.835,5.85
4549,11.864222,-65.206111,4.9
4550,11.883,37.718611,6.45
4551,11.869472,-56.987778,5.57
4552,11.881833,-33.908056,4.28
4553,11.890778,-35.066667,6.17
4554,11.897167,53.694722,2.44
4555,11.897306,0.551944,6.3
4556,11.903194,-57.41,6.06
4557,11.907167,-37.748889,6.46
4558,11.911806,-25.713889,5.3
4559,11.917528,8.443889,5.58
4560,11.91825,46.476944,6.54
4561,11.919778,46.469722,7.03
4562,11.920583,36.756389,6.49
4563,11.916611,-63.278889,5.91
4564,11.927917,15.646667,5.53
4565,11.927806,-28.476944,5.93
4566,11.932889,56.598611,5.84
4567,11.933583,-17.150833,5.18
4568,11.931861,-39.689167,6.13
4569,11.948111,61.549167,6.22
4570,11.945528,-47.0725,6.26
4571,11.951028,-33.315278,6.21
4572,11.954056,40.343611,6.62
4573,11.961139,-62.448889,5.57
4574,11.968667,32.273889,6.42
4575,11.972389,61.464722,6.76
4576,11.970889,-56.317222,5.44
4577,11.972306,-40.947222,6.79
4578,11.979917,-64.339167,5.61
4579,11.981778,-25.908889,6.43
4580,11.984278,0.530556,6.17
4581,11.988222,33.1675,5.96
4582,11.986361,-51.696667,6.05
4583,11.993694,-78.221944,4.91
4584,11.999222,34.035,6.5
4585,11.999139,3.655278,5.37
4586,12.005167,80.853056,6.17
4587,12.012361,-10.446111,5.55
4588,12.011806,-21.837222,6.28
4589,12.014556,6.614167,4.66
4590,12.014222,-19.658889,5.26
4591,12.017167,-1.768056,6.31
4592,12.024722,-57.503611,6.16
4593,12.027639,36.041944,5.59
4594,12.035222,43.045556,5.21
4595,12.038917,-85.631667,6.05
4596,12.041278,-71.488889,6.42
4597,12.043806,-69.192222,5.89
4598,12.047667,-7.683611,6.22
4599,12.050417,-63.312778,4.33
4600,12.061,-42.434167,5.15
4601,12.062306,-74.213889,6.44
4602,12.071278,21.459167,5.87
4603,12.072,-63.165556,4.72
4604,12.077417,-68.329167,5.35
4605,12.079583,-76.519167,5.04
4606,12.074472,85.587222,6.27
4607,12.082528,-60.969167,5.96
4608,12.086806,8.733056,4.12
4609,12.087528,76.905833,5.8
4610,12.094361,62.933056,6.13
4611,12.098111,-65.547222,6.33
4612,12.099083,-35.693889,6.23
4613,12.099944,-3.131667,6.37
4614,12.1055,-68.650833,6.23
4615,12.106417,-65.709167,6.06
4616,12.114694,-64.613611,4.15
4617,12.1305,-75.366944,5.18
4618,12.134778,-50.661389,4.47
4619,12.134667,-50.763333,6.37
4620,12.137417,-48.692778,5.34
4621,12.139306,-50.7225,2.6
4622,12.140167,-60.847222,6.22
4623,12.140222,-24.728889,4.02
4624,12.148278,-44.326111,5.75
4625,12.148472,-41.231389,5.48
4626,12.161472,1.897778,5.95
4627,12.163139,74.661389,6.35
4628,12.167361,-34.705,6.17
4629,12.167611,5.806944,5.72
4630,12.16875,-22.619722,3.0
4631,12.176056,-37.870278,6.06
4632,12.175444,16.809167,6.39
4633,12.179472,27.281389,6.01
4634,12.184694,-61.2775,6.08
4635,12.184417,-23.6025,5.46
4636,12.184139,-45.422778,6.61
4637,12.192056,-51.359444,6.23
4638,12.194194,-52.368611,3.96
4639,12.183333,81.71,6.0
4640,12.197556,25.870278,5.66
4641,12.195806,57.054444,6.43
4642,12.200333,28.536111,6.49
4643,12.202583,20.541944,5.57
4644,12.206111,-62.950833,5.92
4645,12.213,-70.151944,6.17
4646,12.203306,77.616389,5.14
4647,12.220278,-34.125556,6.5
4648,12.223694,-38.929167,5.76
4649,12.232139,-78.573611,6.35
4650,12.223861,10.262222,5.85
4651,12.226861,-33.792778,6.33
4652,12.234056,-45.723889,5.31
4653,12.238,-64.408611,6.22
4654,12.245389,53.434722,6.16
4655,12.249889,-20.844167,5.83
4656,12.252417,-58.748889,2.8
4657,12.252944,-10.3125,6.11
4658,12.258472,-41.913056,6.26
4659,12.252361,70.2,5.71
4660,12.257111,57.0325,3.31
4661,12.263056,-23.353611,6.54
4662,12.263444,-17.541944,2.59
4663,12.266722,14.898889,5.1
4664,12.273194,-72.614722,6.22
4665,12.2615,72.550833,6.29
4666,12.268778,40.660278,5.66
4667,12.272361,23.945278,4.95
4668,12.275028,33.061389,5.0
4669,12.285,-65.692778,6.06
4670,12.28425,-16.693611,6.05
4671,12.292806,-67.960833,4.11
4672,12.291528,53.191111,5.81
4673,12.291806,28.937222,5.7
4674,12.30575,-79.312222,4.26
4675,12.296472,-36.093889,6.15
4676,12.295639,15.144167,6.34
4677,12.302528,-3.954444,6.99
4678,12.302667,-3.948611,6.54
4679,12.30725,-64.003056,4.04
4680,12.308778,30.249167,6.23
4681,12.311194,-0.787222,5.9
4682,12.316583,-55.143056,5.0
4683,12.280944,86.436111,6.33
4684,12.31725,26.007778,6.48
4685,12.321972,23.034722,6.27
4686,12.255639,87.7,6.28
4687,12.313861,75.160556,5.38
4688,12.324889,28.156944,6.33
4689,12.331778,-0.666944,3.89
4690,12.330194,48.984167,5.29
4691,12.336306,-22.175556,5.97
4692,12.341111,-65.842778,6.21
4693,12.338806,26.619444,5.54
4694,12.33825,26.001944,6.15
4695,12.339167,3.3125,4.96
4696,12.342694,-22.215833,5.21
4697,12.345278,17.792778,4.74
4698,12.344806,27.054722,7.13
4699,12.348806,-13.565556,5.14
4700,12.356,-60.401111,3.59
4701,12.347444,57.863889,5.55
4702,12.365972,-56.374722,5.92
4703,12.368694,-67.521944,5.15
4704,12.369972,-68.3075,5.74
4705,12.369667,24.773889,6.19
4706,12.380361,-57.676111,5.39
4707,12.375083,25.846111,4.81
4708,12.375556,5.305556,6.4
4709,12.427083,-86.150556,6.33
4710,12.387167,-67.631667,6.36
4711,12.389333,-24.840556,5.68
4712,12.393167,-35.412778,5.32
4713,12.393583,-39.303056,6.4
4714,12.395806,-38.911111,5.79
4715,12.396389,42.542778,6.06
4716,12.400417,51.562222,4.8
4717,12.405139,26.098611,5.18
4718,12.412417,-41.384167,6.25
4719,12.407417,25.582778,6.42
4720,12.421472,-65.770556,6.3
4721,12.419028,-42.514444,6.11
4722,12.419917,-11.610278,5.95
4723,12.421778,-27.749167,6.09
4724,12.422722,-35.186389,5.73
4725,12.420861,23.926111,6.03
4726,12.417556,56.7775,5.81
4727,12.418444,63.802778,6.32
4728,12.430806,39.018611,5.02
4729,12.441917,-63.1225,4.86
4730,12.443306,-63.099167,1.33
4731,12.443472,-63.099444,1.73
4732,12.442111,-51.450833,4.82
4733,12.440028,27.268333,4.95
4734,12.446722,-48.913333,6.26
4735,12.447694,-32.83,5.55
4736,12.456833,-63.789167,6.0
4737,12.448972,28.268333,4.36
4738,12.449806,26.825556,5.0
4739,12.457972,-58.991944,5.5
4740,12.440056,71.929722,6.24
4741,12.461694,8.610278,6.37
4742,12.463722,-16.631944,6.35
4743,12.467333,-50.230556,3.91
4744,12.471917,-64.341389,6.04
4745,12.45975,55.712778,5.7
4746,12.464333,-4.615278,6.22
4747,12.47375,-61.795278,6.22
4748,12.472917,-39.041389,5.44
4749,12.475944,-56.407778,6.15
4750,12.47725,26.226667,6.54
4751,12.479056,25.899167,6.65
4752,12.481861,25.912778,5.29
4753,12.490806,24.108889,5.48
4754,12.498306,-56.524722,5.8
4755,12.499417,-41.736111,6.02
4756,12.495333,20.896111,5.69
4757,12.49775,-16.515556,2.95
4758,12.501333,-13.393056,6.35
4759,12.504861,-23.696667,5.63
4760,12.49925,58.405833,5.35
4761,12.500806,51.535556,6.21
4762,12.501194,58.7675,6.08
4763,12.519417,-57.113333,1.63
4764,12.521306,-57.081111,6.42
4765,12.501861,69.201111,4.95
4766,12.516833,24.567222,5.46
4767,12.513917,53.076667,6.21
4768,12.527861,-59.423889,5.48
4769,12.536111,-73.001667,5.88
4770,12.522611,7.604167,6.05
4771,12.532167,-63.506111,5.95
4772,12.527417,-5.0525,6.19
4773,12.541111,-72.133056,3.87
4774,12.534583,-32.533611,6.46
4775,12.5345,-16.196111,4.31
4776,12.543333,-13.859167,5.74
4777,12.550806,10.295556,6.26
4778,12.556222,-19.791944,6.26
4779,12.559528,-12.830278,5.58
4780,12.5595,24.283056,6.29
4781,12.563,-9.451944,5.48
4782,12.566444,-49.909444,6.38
4783,12.560806,33.2475,5.42
4784,12.563167,33.384722,6.24
4785,12.562361,41.3575,4.26
4786,12.573111,-23.396667,2.65
4787,12.558056,69.788333,3.87
4788,12.578417,-44.673333,5.77
4789,12.580861,22.629167,4.81
4790,12.591389,-61.841944,6.22
4791,12.585083,18.377222,6.56
4792,12.5855,18.376944,5.02
4793,12.585583,21.881389,5.85
4794,12.595972,-41.021944,5.13
4795,12.578889,70.021944,4.94
4796,12.600333,-39.87,5.8
4797,12.599611,-20.527222,6.2
4798,12.619722,-69.135556,2.69
4799,12.613167,-5.831944,5.87
4800,12.606472,59.486944,5.5
4801,12.616194,17.089444,5.68
4802,12.628389,-48.541111,3.86
4803,12.628389,-27.138889,5.45
4804,12.654028,-75.369444,6.49
4805,12.634556,3.2825,6.33
4806,12.647917,-67.193056,6.25
4807,12.639556,1.854722,5.71
4808,12.641667,6.988333,7.08
4809,12.645722,-18.250278,6.0
4810,12.650972,-30.422222,5.89
4811,12.646194,40.874444,6.37
4812,12.650583,22.659444,6.38
4813,12.654111,-7.995556,4.66
4814,12.665444,-66.511667,6.26
4815,12.652028,21.0625,5.46
4816,12.654694,35.951944,6.45
4817,12.664583,-39.9875,4.64
4818,12.689722,-46.145556,5.84
4819,12.691944,-48.959722,2.17
4820,12.701417,-69.4075,6.33
4821,12.687778,-13.013611,6.08
4822,12.687833,-13.015,5.98
4823,12.699056,-59.685833,4.93
4824,12.692889,10.426389,6.19
4825,12.694333,-1.449444,3.65
4826,12.694333,-1.449444,3.68
4827,12.697,-19.758611,6.03
4828,12.698083,10.235556,4.88
4829,12.699194,6.806667,5.59
4830,12.713972,-63.058611,5.31
4831,12.709833,-48.813056,4.66
4832,12.713778,-55.947222,6.08
4833,12.69275,62.713056,6.07
4834,12.719194,-56.176111,6.0
4835,12.7245,-58.903056,6.4
4836,12.723972,-40.177778,6.44
4837,12.72725,-1.576944,5.93
4838,12.732972,-36.349167,6.39
4839,12.733472,-28.323889,5.48
4840,12.717833,61.155556,6.38
4841,12.750472,-68.831111,6.16
4842,12.760528,-60.981111,4.69
4843,12.740861,44.103056,6.33
4844,12.771361,-68.108056,3.05
4845,12.749861,39.278889,5.95
4846,12.752167,45.440278,4.99
4847,12.760306,7.673333,5.22
4848,12.772972,-56.488889,4.65
4849,12.772917,9.54,5.67
4850,12.779444,-33.315556,5.86
4851,12.777417,16.5775,5.12
4852,12.740556,80.621111,6.4
4853,12.795333,-59.688611,1.25
4854,12.783972,5.950833,6.34
4855,12.787111,11.958056,6.07
4856,12.792611,-6.301944,6.26
4857,12.79825,-24.851667,6.44
4858,12.797611,3.572778,6.41
4859,12.788583,62.780833,5.89
4860,12.807333,-27.5975,5.66
4861,12.803972,13.553056,6.56
4862,12.829139,-71.986389,5.55
4863,12.792889,66.790278,5.43
4864,12.813056,24.840278,6.31
4865,12.815056,14.1225,5.7
4866,12.811611,48.466944,6.27
4867,12.810944,60.32,5.85
4868,12.836667,-60.400833,6.75
4869,12.8215,27.552222,5.78
4870,12.916278,-85.123333,5.46
4871,12.838778,-48.459722,6.24
4872,12.849417,-52.7875,5.73
4873,12.838167,22.863333,6.43
4874,12.844778,-33.999444,4.91
4875,12.836306,37.516944,5.89
4876,12.854944,-60.329722,5.72
4877,12.856361,-10.338333,6.41
4878,12.86025,3.056667,6.02
4879,12.865778,-39.680833,5.98
4880,12.868139,-48.094167,6.33
4881,12.866083,-26.738056,6.15
4882,12.8735,-53.829444,6.24
4883,12.861639,27.540556,4.94
4884,12.870083,17.073889,6.32
4885,12.884417,-54.9525,5.93
4886,12.874333,16.1225,6.3
4887,12.889389,-60.328611,5.76
4888,12.88525,-48.943333,4.33
4889,12.890611,-40.178889,4.27
4890,12.896972,-60.376944,5.9
4891,12.886444,-3.553056,6.11
4892,12.8185,83.418056,5.85
4893,12.820444,83.412778,5.28
4894,12.888278,21.245,4.9
4895,12.906111,-58.430556,6.58
4896,12.893917,-4.223889,6.44
4897,12.910889,-59.146667,4.62
4898,12.909889,-57.177778,4.03
4899,12.910222,-57.168333,5.17
4900,12.897139,12.418611,6.25
4901,12.905194,-11.648611,6.0
4902,12.905889,-9.538889,4.79
4903,12.91625,-44.151944,5.89
4904,12.903639,33.534444,6.26
4905,12.900472,55.959722,1.77
4906,12.922056,-42.915833,5.47
4907,12.942083,-72.185278,5.93
4908,12.9325,-56.836111,5.32
4909,12.915694,47.196667,5.84
4910,12.926722,3.3975,3.38
4911,12.931472,-15.326944,6.17
4912,12.941694,-26.460278,6.62
4913,12.951222,-51.198611,5.16
4914,12.933444,38.314722,5.6
4915,12.933806,38.318333,2.9
4916,12.924583,65.438611,5.24
4917,12.938222,54.099444,5.82
4918,12.959222,-22.753889,6.31
4919,12.952139,46.176944,6.12
4920,12.982056,17.409444,4.78
4921,12.994306,-3.811944,5.79
4922,13.009056,-33.505278,6.02
4923,13.037833,-71.548889,3.62
4924,13.004583,30.785,4.9
4925,13.009972,-3.368611,5.99
4926,13.010778,18.373056,6.2
4927,12.979806,75.4725,6.01
4928,12.998639,66.597222,5.32
4929,13.019333,17.123056,5.96
4930,13.051444,-71.476111,6.03
4931,13.012167,56.366389,4.93
4932,13.036278,10.959167,2.83
4933,13.059222,-49.527222,4.85
4934,13.029667,63.610278,6.0
4935,13.062806,-20.583056,5.58
4936,13.044556,59.716111,6.53
4937,13.065111,-3.663333,6.59
4938,13.080028,-41.196667,6.26
4939,13.091889,-52.115,6.43
4940,13.104639,-48.463611,4.71
4941,13.10975,-41.588611,5.59
4942,13.115167,-49.906111,4.27
4943,13.095694,35.798889,5.25
4944,13.123389,-59.860556,5.99
4945,13.097861,45.268611,5.63
4946,13.105889,21.153333,5.99
4947,13.115083,-35.861944,6.54
4948,13.102833,29.029444,6.54
4949,13.106278,22.616111,5.6
4950,13.080472,73.025278,6.31
4951,13.127306,-53.459722,5.71
4952,13.135278,-65.306389,5.51
4953,13.106306,62.041944,6.14
4954,13.119639,27.624722,4.8
4955,13.131611,-10.740278,5.19
4956,13.131556,27.555833,6.19
4957,13.142361,-8.984444,5.55
4958,13.150917,-23.118056,4.95
4959,13.154,-9.538333,6.32
4960,13.153444,10.022222,5.78
4961,13.162583,-10.329444,5.94
4962,13.163278,16.848611,5.91
4963,13.165833,-5.538889,4.38
4964,13.16075,37.423056,6.02
4965,13.182889,-52.566944,6.06
4966,13.197667,-69.941944,5.91
4967,13.161667,38.533889,6.28
4968,13.166472,17.529444,5.22
4969,13.166472,17.529444,5.22
4970,13.185778,-42.233056,5.79
4971,13.167556,38.498889,5.91
4972,13.198083,-63.302778,6.33
4973,13.189778,-43.368889,5.25
4974,13.163944,62.229167,6.54
4975,13.204833,-59.920833,4.6
4976,13.238111,-78.447222,5.85
4977,13.213583,-66.226944,5.9
4978,13.194222,-26.551667,6.5
4979,13.200889,-37.803056,4.85
4980,13.215556,-59.816667,6.16
4981,13.200972,-16.198611,5.04
4982,13.214139,-42.699722,6.22
4983,13.197889,27.878056,4.26
4984,13.202333,24.258056,6.33
4985,13.223194,-50.7,5.89
4986,13.209139,11.556111,5.77
4987,13.209972,18.751667,6.53
4988,13.236694,-58.683889,5.89
4989,13.237444,-59.103333,4.92
4990,13.224111,-18.826667,6.28
4991,13.232639,-43.138889,6.16
4992,13.220111,18.726944,6.11
4993,13.254139,-67.894444,4.8
4994,13.257139,-69.679722,6.37
4995,13.236361,-19.930833,5.33
4996,13.245306,-48.956667,5.89
4997,13.228611,40.152778,4.92
4998,13.242028,11.331667,5.67
4999,13.252694,-36.371111,6.19
5000,13.279111,-65.138333,6.07
5001,13.266333,-19.943056,5.22
5002,13.286944,-66.783611,4.87
5003,13.225556,72.798889,6.59
5004,13.258889,40.855278,5.79
5005,13.27375,-1.390556,6.68
5006,13.281417,-31.506111,5.1
5007,13.270639,19.051667,6.45
5008,13.287194,-43.979444,5.84
5009,13.207056,80.471389,6.25
5010,13.275639,19.785278,6.45
5011,13.279583,9.424167,5.22
5012,13.321917,-72.035556,6.04
5013,13.287667,13.675556,5.33
5014,13.291639,-0.676667,6.37
5015,13.293417,5.469722,4.8
5016,13.309611,-51.286111,6.19
5017,13.292361,40.5725,4.73
5018,13.274611,68.408056,6.2
5019,13.30675,-18.311389,4.74
5020,13.315361,-23.171667,3.0
5021,13.314194,3.687778,6.62
5022,13.307722,34.098056,5.82
5023,13.304028,49.681944,5.15
5024,13.343028,-59.773333,6.18
5025,13.317833,35.128056,6.02
5026,13.343833,-52.748056,5.48
5027,13.34675,-55.800556,6.02
5028,13.343278,-36.712222,2.75
5029,13.349361,-46.880556,5.77
5030,13.381278,-72.146667,6.05
5031,13.344889,2.941667,6.26
5032,13.338611,40.150556,5.6
5033,13.358306,-19.488889,6.21
5034,13.376583,-60.972222,6.18
5035,13.377194,-60.988333,4.53
5036,13.371167,-52.183056,5.83
5037,13.361556,2.087222,5.69
5038,13.381306,-47.943056,6.16
5039,13.384056,-48.562778,6.38
5040,13.369361,5.154722,5.87
5041,13.400139,-64.535833,4.53
5042,13.418639,-74.887778,5.05
5043,13.38575,-33.19,6.22
5044,13.383639,-17.735278,5.37
5045,13.367722,43.903056,6.35
5046,13.397861,-49.823056,6.48
5047,13.388583,-4.924444,5.89
5048,13.420528,-64.485278,5.31
5049,13.430583,-70.6275,5.67
5050,13.409222,-5.163889,5.75
5051,13.455083,-74.691944,6.63
5052,13.398333,37.033889,6.07
5053,13.408472,12.431944,6.44
5054,13.39875,54.925278,2.27
5055,13.399,54.921667,3.95
5056,13.419889,-11.161389,0.98
5057,13.418528,23.854444,5.78
5058,13.4355,-39.755278,5.09
5059,13.4365,-1.1925,5.97
5060,13.448917,-41.498056,5.69
5061,13.45175,-49.143889,6.31
5062,13.420417,54.988056,4.01
5063,13.455778,-49.380833,6.28
5064,13.445333,-12.707778,5.25
5065,13.454083,-40.163056,6.4
5066,13.479556,-69.628056,6.2
5067,13.437944,46.028056,5.88
5068,13.457556,-15.973611,4.76
5069,13.485444,-64.675833,6.11
5070,13.433306,63.261111,6.5
5071,13.490333,-51.165278,5.06
5072,13.473833,13.778889,4.98
5073,13.435583,72.391389,5.79
5074,13.451278,64.735556,6.66
5075,13.452972,64.719444,7.04
5076,13.466528,52.745833,6.34
5077,13.473944,40.729722,6.47
5078,13.487472,-1.364444,6.43
5079,13.469917,50.587222,6.8
5080,13.495222,-23.281389,4.97
5081,13.486944,10.818333,5.65
5082,13.554111,-77.568333,6.48
5083,13.479361,50.718333,6.43
5084,13.682083,-85.786111,5.58
5085,13.474194,59.945833,5.4
5086,13.500028,7.178889,6.17
5087,13.499333,6.013333,6.51
5088,13.507139,-6.470278,6.09
5089,13.517417,-39.4075,3.88
5090,13.525917,-28.112778,6.47
5091,13.449083,78.643889,5.77
5092,13.534806,-38.399167,6.16
5093,13.559917,-65.6325,6.37
5094,13.534111,-18.728889,6.01
5095,13.53275,-6.255833,4.69
5096,13.521056,42.106111,6.08
5097,13.543306,-28.692778,5.69
5098,13.542917,-29.565278,6.45
5099,13.547694,-15.363056,5.55
5100,13.549472,-10.165,5.21
5101,13.550194,-7.195,6.68
5102,13.546694,24.346389,6.11
5103,13.574694,-48.272222,6.33
5104,13.578778,-33.310833,6.44
5105,13.568861,3.658889,4.94
5106,13.577917,-13.214444,5.91
5107,13.578222,-0.595833,3.37
5108,13.572722,38.789167,6.37
5109,13.568694,55.348611,5.6
5110,13.579944,37.1825,4.98
5111,13.592028,-5.396111,5.73
5112,13.57425,49.016111,4.7
5113,13.620056,-61.691944,5.63
5114,13.592583,10.204722,6.49
5115,13.653306,-75.683889,6.34
5116,13.58725,44.196944,6.84
5117,13.614028,-34.467778,6.5
5118,13.618333,-44.143333,5.98
5119,13.646028,-70.445,6.1
5120,13.613444,-26.495,5.78
5121,13.62325,-46.428333,5.9
5122,13.635444,-58.415,6.42
5123,13.616417,24.613333,5.74
5124,13.646972,-57.623056,6.01
5125,13.666833,-70.788333,6.59
5126,13.611056,49.486667,6.49
5127,13.624333,36.295,4.82
5128,13.645,-29.560833,5.83
5129,13.635528,14.301667,6.52
5130,13.669694,-64.576944,5.79
5131,13.578556,76.546667,6.57
5132,13.664778,-53.466389,2.3
5133,13.628611,50.714722,6.48
5134,13.666583,-49.950278,6.0
5135,13.661333,-39.748056,6.27
5136,13.6635,-40.051944,5.6
5137,13.650639,18.265278,6.48
5138,13.659611,10.746111,5.57
5139,13.619722,71.242222,5.5
5140,13.700306,-58.787222,5.38
5141,13.69575,-54.56,5.01
5142,13.658444,52.921389,5.46
5143,13.671,31.011944,6.21
5144,13.677917,19.955556,5.75
5145,13.677528,28.065278,6.23
5146,13.691917,-23.449722,6.59
5147,13.696028,-33.596944,6.05
5148,13.673111,50.519444,6.32
5149,13.683972,22.495833,5.62
5150,13.693556,-8.703056,5.01
5151,13.715583,-56.768056,6.0
5152,13.715167,-50.790556,6.41
5153,13.672583,57.2075,6.29
5154,13.678972,54.681667,4.66
5155,13.715278,-41.401111,5.98
5156,13.703528,8.388333,6.16
5157,13.727778,-42.0675,5.98
5158,13.73775,-51.013056,6.47
5159,13.717694,3.538056,5.36
5160,13.708,41.674167,6.3
5161,13.712056,34.988889,5.98
5162,13.691639,64.8225,5.85
5163,13.73175,-5.498889,6.51
5164,13.729222,22.700278,6.13
5165,13.741611,-16.179167,5.6
5166,13.746028,-25.500833,6.21
5167,13.76025,-26.116111,5.81
5168,13.761444,-33.043889,4.23
5169,13.731861,52.064444,6.02
5170,13.75975,-15.7675,6.19
5171,13.786306,-62.59,6.51
5172,13.777583,-51.432778,4.65
5173,13.765639,-12.426667,5.51
5174,13.782333,-36.251944,5.15
5175,13.791,-50.249444,5.91
5176,13.794,-50.321111,5.45
5177,13.753667,55.879444,6.5
5178,13.787083,-9.709167,6.05
5179,13.770417,41.088611,5.87
5180,13.771944,38.503889,5.94
5181,13.790389,-17.86,5.43
5182,13.778694,25.702222,5.95
5183,13.782528,6.350556,6.33
5184,13.710917,78.064444,5.91
5185,13.787694,17.456667,4.5
5186,13.783278,38.542778,5.5
5187,13.776583,54.432778,5.7
5188,13.927417,-82.666111,5.95
5189,13.815306,-35.703889,6.53
5190,13.825083,-41.687778,3.41
5191,13.792333,49.313333,1.86
5192,13.824083,-34.450833,4.19
5193,13.826944,-42.473889,3.04
5194,13.863167,-69.401389,5.75
5195,13.81075,31.190278,5.62
5196,13.831194,-18.134167,4.97
5197,13.835139,-29.081389,6.18
5198,13.838722,-39.901111,6.44
5199,13.815889,39.542778,7.4
5200,13.824611,15.797778,4.07
5201,13.828556,21.264167,4.91
5202,13.842917,-19.897222,6.53
5203,13.706417,82.7525,5.98
5204,13.829167,36.632778,6.38
5205,13.840194,5.497222,6.01
5206,13.863111,-46.899167,5.77
5207,13.868,-52.811667,5.25
5208,13.860167,-36.433333,6.35
5209,13.855667,-24.390833,6.45
5210,13.863778,-32.994444,4.56
5211,13.863917,-32.994722,6.06
5212,13.866917,-31.619444,6.12
5213,13.829306,61.489167,5.96
5214,13.85125,34.7725,6.65
5215,13.852556,34.664444,5.87
5216,13.841028,58.539444,6.46
5217,13.895306,-53.373611,5.89
5218,13.913583,-67.6525,5.71
5219,13.863194,34.444167,4.74
5220,13.871778,12.165278,6.04
5221,13.886806,-31.927778,4.73
5222,13.892444,-35.664167,5.54
5223,13.899139,-47.128056,6.1
5224,13.897833,-35.314444,6.19
5225,13.886917,17.932778,5.7
5226,13.857194,64.723333,4.65
5227,13.849778,68.315278,6.4
5228,13.904611,-28.569722,6.04
5229,13.886194,28.648056,5.9
5230,13.920056,-52.161111,5.71
5231,13.925667,-47.288333,2.55
5232,13.911694,-1.503056,5.15
5233,13.916167,-8.058889,6.19
5234,13.938833,-54.131944,6.14
5235,13.911417,18.397778,2.68
5236,13.9425,-54.704444,6.0
5237,13.929028,-31.285,6.51
5238,13.8975,53.728611,5.7
5239,13.93875,-46.5925,5.83
5240,14.009111,-78.59,6.09
5241,13.960806,-63.686667,4.71
5242,13.975333,-65.800556,6.2
5243,13.930556,14.056389,6.16
5244,13.941083,1.050556,5.91
5245,13.93625,32.0325,6.32
5246,13.957694,-23.022778,6.14
5247,13.942833,27.491944,5.01
5248,13.971194,-42.100833,3.83
5249,13.978,-44.803611,3.87
5250,13.975306,-24.972222,5.15
5251,13.988139,-50.37,5.91
5252,14.004806,-61.481389,6.49
5253,14.0145,-66.268611,5.97
5254,13.97775,14.649444,6.0
5255,13.977472,21.696111,5.76
5256,13.958917,61.492778,6.37
5257,14.000028,-25.010278,5.77
5258,13.997028,-3.549722,6.4
5259,14.021944,-40.222222,6.13
5260,14.028722,-45.603611,4.34
5261,14.088833,-76.796667,5.5
5262,14.022333,8.894722,5.99
5263,14.019583,27.386667,6.23
5264,14.027444,1.544444,4.26
5265,14.039667,-27.43,5.48
5266,14.057278,-56.213611,5.92
5267,14.063722,-60.373056,0.61
5268,14.050472,-31.683889,6.18
5269,14.057639,-41.423333,6.11
5270,14.042167,9.686389,6.2
5271,14.036722,45.753611,6.27
5272,14.06475,-22.421667,6.3
5273,14.058972,10.786667,6.3
5274,14.060222,7.546389,6.26
5275,14.0655,4.900833,6.24
5276,14.070722,-5.381389,6.39
5277,14.074167,-14.971667,6.28
5278,14.09625,-54.669444,6.17
5279,14.140861,-74.850278,6.02
5280,14.049917,50.971944,6.15
5281,14.106972,-59.715556,6.42
5282,14.030722,68.678611,6.34
5283,14.077083,2.2975,6.28
5284,14.087222,-16.335833,6.56
5285,14.100778,-41.179722,4.36
5286,14.103028,-43.091944,6.2
5287,14.106194,-26.6825,3.27
5288,14.111389,-36.37,2.06
5289,14.137306,-63.208056,6.4
5290,14.111889,-9.313333,5.46
5291,14.073139,64.375833,3.65
5292,14.148972,-59.276667,6.34
5293,14.17525,-70.305556,6.05
5294,14.14775,-43.471111,6.17
5295,14.183861,-69.719722,6.06
5296,14.159722,-51.504722,6.0
5297,14.165222,-53.439167,4.75
5298,14.150167,-10.334444,6.47
5299,14.132167,43.854444,5.27
5300,14.138139,49.458056,5.25
5301,14.180694,-16.301944,4.91
5302,14.146111,59.337778,6.46
5303,14.303833,-81.007778,4.91
5304,14.173306,25.091667,4.83
5305,14.115667,74.593611,6.45
5306,14.281917,-77.663889,6.47
5307,14.192,1.362222,6.43
5308,14.221222,-53.665833,5.56
5309,14.206806,-24.364167,6.34
5310,14.187528,32.295556,6.11
5311,14.22775,-54.625833,6.11
5312,14.212778,-27.261111,5.08
5313,14.204389,2.409444,5.01
5314,14.220333,-26.612222,6.24
5315,14.214944,-10.273611,4.19
5316,14.249167,-57.085833,5.07
5317,14.228,-0.845556,5.91
5318,14.245167,-41.8375,5.61
5319,14.255889,-53.509722,6.39
5320,14.277389,-66.587778,5.75
5321,14.147472,77.5475,4.82
5322,14.23925,-5.9475,6.36
5323,14.234778,12.959444,5.54
5324,14.250361,-29.281944,6.08
5325,14.260778,-45.000833,6.31
5326,14.276167,-59.913889,6.39
5327,14.406472,-82.848611,6.42
5328,14.224361,51.787778,6.69
5329,14.224722,51.790278,4.54
5330,14.247444,10.100556,5.29
5331,14.248056,3.336111,6.45
5332,14.256694,-18.200833,5.43
5333,14.244722,21.873333,6.39
5334,14.201111,69.4325,5.24
5335,14.239861,41.518889,6.24
5336,14.372972,-80.108889,5.06
5337,14.27175,-33.241389,6.55
5338,14.266917,-6.000556,4.08
5339,14.448583,-83.667778,4.32
5340,14.261028,19.1825,-0.04
5341,14.272639,-6.621944,6.44
5342,14.275028,-3.196389,6.15
5343,14.267833,18.911944,5.98
5344,14.284389,-18.585278,6.22
5345,14.254694,52.535833,6.58
5346,14.275778,20.121389,6.25
5347,14.273389,39.744722,6.38
5348,14.306611,-33.220556,6.54
5349,14.330972,-61.273056,5.23
5350,14.269417,51.367222,4.75
5351,14.273056,46.088333,4.18
5352,14.291222,15.263333,5.8
5353,14.300167,-7.5425,6.47
5354,14.323389,-46.057778,3.55
5355,14.310639,-18.716111,5.9
5356,14.316889,-25.815556,5.87
5357,14.323306,-37.003611,5.94
5358,14.33875,-56.386667,4.33
5359,14.3185,-13.371111,4.52
5360,14.289194,51.307222,6.2
5361,14.299944,35.509444,4.81
5362,14.336028,-43.058889,5.56
5363,14.297,48.001667,6.32
5364,14.345139,-45.187222,4.77
5365,14.321194,13.004167,5.41
5366,14.325694,-2.265556,5.14
5367,14.342611,-37.885278,4.05
5368,14.328028,0.384167,6.19
5369,14.315472,38.7675,6.86
5370,14.329222,16.306944,4.86
5371,14.376944,-58.459444,4.92
5372,14.3155,54.864167,6.53
5373,14.329917,38.793889,6.33
5374,14.33575,30.429167,6.44
5375,14.377417,-48.320278,6.09
5376,14.372139,-34.786944,5.56
5377,14.388972,-50.772222,6.02
5378,14.383944,-39.512222,4.42
5379,14.418417,-68.195278,5.61
5380,14.396778,-53.176667,6.0
5381,14.384944,-27.753889,4.77
5382,14.427639,-66.173333,6.36
5383,14.390444,-11.714167,6.21
5384,14.387583,1.241667,6.27
5385,14.389611,8.445,6.86
5386,14.389639,8.446667,5.12
5387,14.385222,25.338056,6.22
5388,14.40025,8.243611,5.95
5389,14.493556,-76.729167,6.07
5390,14.4135,-24.806389,5.32
5391,14.451972,-65.821667,5.85
5392,14.403139,5.82,5.1
5393,14.411361,-11.669722,6.49
5394,14.405083,8.085,6.19
5395,14.435611,-45.221389,4.56
5396,14.436333,-45.379444,4.35
5397,14.424944,-19.969722,6.61
5398,14.437056,-42.319167,6.32
5399,14.429917,-26.8525,6.48
5400,14.447194,-39.873889,6.35
5401,14.453389,-46.134444,5.83
5402,14.424778,38.393056,6.27
5403,14.47875,-59.197778,6.45
5404,14.419944,51.850833,4.05
5405,14.440944,19.226944,5.39
5406,14.456778,-6.120278,6.17
5407,14.469556,-29.491667,4.97
5408,14.52125,-67.717222,5.83
5409,14.470028,-2.228056,4.81
5410,14.47825,-6.900556,5.42
5411,14.457583,41.025,6.63
5412,14.502389,-45.321667,5.5
5413,14.505806,-49.519167,5.37
5414,14.475417,28.289167,7.62
5415,14.475917,28.290833,7.12
5416,14.471222,36.196944,6.1
5417,14.515694,-40.845,6.39
5418,14.497361,0.828889,5.94
5419,14.519667,-38.869722,5.97
5420,14.477167,49.844722,5.59
5421,14.542472,-56.887778,6.93
5422,14.497139,31.791111,6.06
5423,14.493556,41.795833,6.35
5424,14.512611,4.772222,6.02
5425,14.543583,-50.456944,4.42
5426,14.559,-54.998333,5.87
5427,14.558306,-52.68,5.87
5428,14.552667,-30.714167,6.09
5429,14.5305,30.371389,3.58
5430,14.45875,75.696111,4.25
5431,14.568889,-42.099722,6.6
5432,14.588111,-60.015833,6.4
5433,14.538944,26.677222,6.01
5434,14.542361,22.26,5.92
5435,14.534639,38.308333,3.03
5436,14.512806,63.185556,6.09
5437,14.528556,60.225556,6.27
5438,14.58075,-20.439167,6.5
5439,14.592083,-41.517222,5.87
5440,14.591778,-42.157778,2.31
5441,14.555639,36.959444,6.43
5442,14.541917,55.397778,5.76
5443,14.629528,-67.932222,6.04
5444,14.605278,-46.245278,5.55
5445,14.569917,32.534444,6.33
5446,14.606722,-39.597222,6.13
5447,14.578,29.745,4.46
5448,14.577361,36.625833,6.03
5449,14.612278,-40.211667,5.74
5450,14.62225,-46.133889,5.41
5451,14.571083,57.065278,6.48
5452,14.577667,49.368333,5.74
5453,14.631444,-49.425833,4.05
5454,14.601917,23.250278,6.38
5455,14.616611,-12.305278,6.2
5456,14.638778,-38.794167,6.02
5457,14.653056,-46.584167,6.07
5458,14.656861,-49.055556,6.39
5459,14.659972,-60.835278,-0.01
5460,14.660028,-60.835556,1.33
5461,14.675778,-56.440833,6.3
5462,14.637222,18.298333,5.91
5463,14.708444,-64.975278,3.19
5464,14.636806,43.641944,5.7
5465,14.698806,-58.616111,6.22
5466,14.683722,-36.135,5.67
5467,14.637556,54.023333,5.85
5468,14.647278,44.404444,5.39
5469,14.698833,-47.388333,2.3
5470,14.797667,-79.044722,3.83
5471,14.699333,-37.793611,4.0
5472,14.67275,21.975556,6.1
5473,14.678444,13.534167,5.91
5474,14.697528,-30.933333,6.37
5475,14.678778,16.418333,4.94
5476,14.678861,16.417778,5.88
5477,14.685806,13.728333,4.83
5478,14.685806,13.728333,4.43
5479,14.560639,79.660278,6.26
5480,14.694111,8.161667,4.86
5481,14.695417,11.660556,5.56
5482,14.754806,-62.875833,5.36
5483,14.698389,21.123611,6.38
5484,14.720444,-24.9975,5.73
5485,14.727611,-35.173611,4.05
5486,14.74875,-58.477778,6.11
5487,14.717667,-5.658333,3.88
5488,14.753028,-55.601944,6.1
5489,14.749778,-35.191944,4.92
5490,14.723722,26.527778,4.81
5491,15.471972,-88.133056,6.48
5492,14.700889,61.261944,6.25
5493,14.729,40.459167,5.73
5494,14.77475,-47.441111,5.74
5495,14.783694,-52.383611,5.21
5496,14.75325,-1.417778,6.07
5497,14.766694,-25.443056,4.94
5498,14.78675,-52.205556,6.07
5499,14.768556,-23.153056,5.81
5500,14.812333,-66.593889,5.91
5501,14.758389,0.717222,5.69
5502,14.754028,16.964444,4.6
5503,14.766056,-15.459722,6.33
5504,14.769694,-21.176111,6.4
5505,14.749778,27.075,5.12
5506,14.749778,27.074167,2.7
5507,14.75575,18.884722,6.13
5508,14.78475,-38.290833,5.94
5509,14.79225,-43.5575,6.3
5510,14.753806,32.788333,6.28
5511,14.770806,1.892778,3.72
5512,14.768333,15.131944,5.63
5513,14.787139,-21.324722,6.06
5514,14.789583,-25.624444,5.63
5515,14.818583,-56.667778,6.23
5516,14.795778,-26.0875,5.24
5517,14.799306,-26.646389,5.77
5518,14.798583,-12.839722,6.35
5519,14.810583,-36.634722,6.04
5520,14.887139,-73.19,5.6
5521,14.821861,-24.251667,5.68
5522,14.815028,-0.847778,6.14
5523,14.821972,-14.148889,5.31
5524,14.806472,24.366667,6.14
5525,15.030778,-83.227778,5.65
5526,14.838139,-27.960278,4.41
5527,14.876389,-63.81,5.87
5528,14.860667,-43.575556,4.32
5529,14.818528,37.811111,6.16
5530,14.844778,-15.997222,5.15
5531,14.847972,-16.041667,2.75
5532,14.832889,28.615833,5.8
5533,14.821861,46.116111,5.74
5534,14.837722,23.911944,5.85
5535,14.850278,-2.299167,4.94
5536,14.850028,-0.257222,6.18
5537,14.825639,51.374722,6.51
5538,14.828139,48.720556,5.69
5539,14.911778,-65.991389,6.09
5540,14.964694,-76.662778,5.34
5541,14.841556,37.271944,5.48
5542,14.875861,-30.576944,6.29
5543,14.880861,-37.803333,5.03
5544,14.856472,19.101111,4.55
5545,15.079639,-83.038333,5.65
5546,14.926278,-60.114167,5.2
5547,15.003278,-77.160278,5.93
5548,14.905583,-24.642222,5.3
5549,14.910556,-33.300556,5.82
5550,14.889806,15.704444,6.4
5551,14.945556,-62.780833,5.11
5552,14.857333,59.293889,5.46
5553,14.889917,19.152778,6.01
5554,14.906361,-11.898333,5.8
5555,14.998889,-75.0325,6.2
5556,14.938139,-52.809722,5.38
5557,15.185639,-84.7875,5.91
5558,14.929083,-33.855833,5.32
5559,14.942222,-47.879167,5.64
5560,14.950389,-51.446944,6.64
5561,14.943278,-39.416111,6.36
5562,14.941917,-32.636667,6.06
5563,14.845083,74.155556,2.08
5564,14.946139,-11.409722,5.46
5565,14.953778,-29.157778,6.29
5566,14.969111,-48.863056,6.35
5567,14.937,14.446389,5.77
5568,14.957778,-21.415556,5.74
5569,14.932972,32.300278,6.12
5570,14.953056,-4.346389,4.49
5571,14.975528,-43.133889,2.68
5572,14.976889,-39.906667,6.15
5573,14.95925,-0.1675,5.53
5574,14.951,21.555278,6.49
5575,14.95325,16.388333,5.71
5576,14.986028,-42.104167,3.13
5577,14.977556,-27.657222,5.65
5578,14.970389,-11.155,6.6
5579,14.987194,-37.881389,6.47
5580,14.990861,-43.16,6.1
5581,14.939722,49.628611,5.63
5582,14.981556,-11.144167,5.87
5583,14.981333,-4.989167,6.09
5584,14.98975,4.567778,5.93
5585,15.020278,-38.058333,5.89
5586,15.016222,-8.518889,4.92
5587,15.032806,-34.358889,6.22
5588,14.993583,39.265278,5.64
5589,14.959722,65.9325,4.6
5590,15.022167,-2.755,5.52
5591,15.035111,-28.060556,5.85
5592,15.014556,22.045556,6.38
5593,15.080056,-64.031667,5.17
5594,15.03025,-0.140556,5.71
5595,15.049806,-32.643333,5.44
5596,14.839,82.511944,5.64
5597,15.01075,47.277778,6.37
5598,15.119083,-71.905278,6.52
5599,15.045806,-3.031389,6.61
5600,15.035139,25.008056,4.81
5601,15.048333,2.091389,4.4
5602,15.032444,40.390556,3.5
5603,15.067833,-25.281944,3.29
5604,15.078583,-40.861389,6.41
5605,15.085333,-47.051111,4.72
5606,15.085333,-47.051111,4.82
5607,15.088639,-41.067222,5.15
5608,15.024194,60.204444,5.93
5609,15.051694,35.205833,5.51
5610,15.068444,5.4925,6.5
5611,15.132444,-65.275556,6.17
5612,15.051833,44.644444,6.65
5613,15.060139,34.566111,6.59
5614,15.096583,-25.789722,6.67
5615,15.103861,-36.264167,6.27
5616,15.074083,26.9475,4.54
5617,15.123861,-49.088333,5.77
5618,15.063167,47.654444,4.76
5619,15.10925,-30.918889,5.96
5620,15.107528,-22.031944,6.17
5621,15.158306,-67.084167,5.76
5622,15.110444,-16.256944,5.2
5623,15.157083,-63.642778,6.28
5624,15.136694,-40.583889,5.79
5625,15.144194,-42.867778,5.85
5626,15.147389,-45.279722,4.05
5627,15.0905,48.151111,5.57
5628,15.209389,-72.770278,6.01
5629,15.066056,65.919722,6.13
5630,15.10975,36.455556,6.35
5631,15.127861,5.498056,6.16
5632,15.179056,-61.4225,6.3
5633,15.122333,18.441667,6.02
5634,15.121694,24.869167,4.93
5635,15.104639,54.556389,5.25
5636,15.16875,-38.7925,5.98
5637,15.187778,-55.346111,5.54
5638,15.139944,26.301111,5.67
5639,15.148167,13.235,6.1
5640,15.143194,25.108611,5.81
5641,15.171833,-26.332778,5.76
5642,15.193028,-45.2775,6.44
5643,15.192194,-45.279444,7.39
5644,15.238639,-70.079444,5.81
5645,15.216944,-61.743889,6.32
5646,15.198917,-48.737778,3.87
5647,15.199333,-48.743611,5.69
5648,15.13875,50.055,6.39
5649,15.20475,-52.099167,3.41
5650,15.208694,-48.218611,6.33
5651,15.21375,-44.500556,4.82
5652,15.203694,-19.791667,4.54
5653,15.218722,-36.091389,6.1
5654,15.201194,18.975833,5.89
5655,15.221528,-24.008333,6.47
5656,15.222,-19.6475,6.08
5657,15.224639,-25.309167,6.45
5658,15.231472,-26.193611,5.84
5659,15.212083,19.285833,6.68
5660,15.243694,-31.519167,4.91
5661,15.276778,-60.903889,5.73
5662,15.242694,-17.768611,6.17
5663,15.264944,-48.074167,5.95
5664,15.282417,-60.9575,5.09
5665,15.225528,22.983333,6.3
5666,15.294139,-63.610556,4.86
5667,15.267778,-41.491111,5.16
5668,15.269583,-43.484722,6.04
5669,15.247417,-5.502778,6.28
5670,15.291889,-58.801111,4.07
5671,15.315167,-68.679444,2.89
5672,15.178917,67.781389,6.17
5673,15.226556,38.264722,6.2
5674,15.235028,31.788056,5.99
5675,15.253167,4.939444,5.33
5676,15.241444,29.164167,5.26
5677,15.236194,42.171389,6.13
5678,15.273056,-22.399444,5.5
5679,15.263639,0.372222,5.63
5680,15.313583,-60.496389,5.46
5681,15.258389,33.314722,3.47
5682,15.302611,-41.060833,6.28
5683,15.308889,-47.875,4.27
5684,15.344639,-67.481389,6.28
5685,15.283444,-9.383056,2.61
5686,15.297194,-30.148889,4.34
5687,15.315667,-40.788333,5.59
5688,15.311472,-31.209444,6.18
5689,15.325444,-37.096667,6.2
5690,15.307278,-0.461389,5.89
5691,15.243972,67.346667,5.13
5692,15.306806,20.572778,5.7
5693,15.24775,68.945278,6.51
5694,15.321889,1.765278,5.06
5695,15.356194,-40.6475,3.22
5696,15.359806,-40.749722,6.2
5697,15.358361,-38.219167,6.48
5698,15.368972,-47.927778,5.0
5699,15.363389,-48.317778,5.65
5700,15.386222,-60.656944,5.67
5701,15.34825,-18.158611,6.17
5702,15.325056,32.515278,6.32
5703,15.350389,-15.548333,6.3
5704,15.389639,-59.320833,4.51
5705,15.363444,-36.261389,3.56
5706,15.346417,-2.413333,6.35
5707,15.352111,-5.824722,5.54
5708,15.378028,-44.689444,3.37
5709,15.335694,29.616111,5.51
5710,15.350556,0.715278,5.35
5711,15.351917,24.957778,6.39
5712,15.385944,-36.858611,4.54
5713,15.437417,-68.309167,5.89
5714,15.284972,71.823889,5.02
5715,15.334778,51.958611,5.66
5716,15.344889,44.434167,6.19
5717,15.373111,12.5675,6.28
5718,15.3635,32.933889,5.37
5719,15.412472,-39.710278,5.37
5720,15.397833,-12.369444,5.72
5721,15.395472,-1.0225,6.12
5722,15.4185,-38.169444,7.03
5723,15.403306,-10.322222,4.94
5724,15.422278,-38.733611,4.6
5725,15.459194,-64.531389,5.71
5726,15.377056,39.581389,5.5
5727,15.38675,30.287778,5.58
5728,15.38675,30.287778,6.08
5729,15.721333,-84.465278,5.57
5730,15.525222,-73.389444,5.49
5731,15.377028,62.047222,5.98
5732,15.401417,45.271111,6.01
5733,15.408167,37.377222,4.31
5734,15.408583,37.347778,6.5
5735,15.345472,71.833889,3.05
5736,15.455056,-36.767778,5.45
5737,15.377333,63.341389,5.79
5738,15.474222,-51.5975,6.1
5739,15.429833,15.428056,5.17
5740,15.431472,19.480833,6.27
5741,15.438167,34.335833,5.46
5742,15.490083,-46.732778,5.24
5743,15.470944,-16.716389,5.64
5744,15.4155,58.966111,3.29
5745,15.460806,25.101667,6.02
5746,15.477278,1.842222,5.17
5747,15.463806,29.105833,3.68
5748,15.442361,54.02,6.45
5749,15.510083,-20.728333,6.22
5750,15.511222,-16.609444,5.82
5751,15.534556,-38.623056,6.25
5752,15.479028,47.201389,6.15
5753,15.530639,-32.881111,6.46
5754,15.461333,62.275556,6.5
5755,15.464278,60.670278,5.9
5756,15.528722,-20.164722,6.22
5757,15.655083,-77.918056,6.18
5758,15.515389,8.579167,6.57
5759,15.482444,55.195,6.43
5760,15.506306,31.286111,6.46
5761,15.50775,36.804167,6.37
5762,15.543528,-19.670556,5.52
5763,15.5155,40.833056,5.02
5764,15.548667,-16.852778,5.5
5765,15.552528,-24.489444,7.0
5766,15.604833,-65.613333,6.51
5767,15.567111,-40.066111,5.82
5768,15.489222,62.099722,6.38
5769,15.522889,36.616389,6.38
5770,15.536028,16.056111,6.22
5771,15.612,-66.316944,4.11
5772,15.549417,-1.186389,5.51
5773,15.572472,-39.349444,6.36
5774,15.529722,40.899444,5.02
5775,15.577028,-28.046944,5.15
5776,15.585694,-41.166944,2.78
5777,15.569639,-10.064444,4.62
5778,15.548833,31.359167,4.14
5779,15.572444,-5.695,6.51
5780,15.574056,-9.183333,5.17
5781,15.598111,-44.958611,4.54
5782,15.672556,-73.446667,5.65
5783,15.564667,17.137778,6.45
5784,15.603361,-44.396944,5.43
5785,15.515472,64.208611,5.79
5786,15.6985,-76.081944,5.95
5787,15.592111,-14.789444,3.91
5788,15.580028,10.5375,3.8
5789,15.580028,10.539167,3.8
5790,15.603167,-33.092778,6.24
5791,15.584611,1.668889,6.56
5792,15.669861,-70.227778,6.44
5793,15.578139,26.714722,2.23
5794,15.617083,-28.135,3.58
5795,15.592556,17.655556,6.12
5796,15.598167,11.265556,6.07
5797,15.634222,-42.5675,4.33
5798,15.647083,-52.372778,5.44
5799,15.609361,-0.561667,6.51
5800,15.5875,39.01,5.11
5801,15.624583,-26.28,6.19
5802,15.608222,10.01,5.26
5803,15.665694,-59.908333,5.95
5804,15.608139,16.118889,5.93
5805,15.642417,-39.160833,6.57
5806,15.630028,-23.141667,5.78
5807,15.645083,-39.128056,6.04
5808,15.597028,38.373889,6.42
5809,15.637694,-28.206667,6.32
5810,15.637861,-21.016111,5.84
5811,15.587861,53.921944,5.97
5812,15.644278,-29.777778,3.66
5813,15.614833,29.991111,6.52
5814,15.648472,-19.301944,5.38
5815,15.644444,-8.794444,6.5
5816,15.644472,-8.791111,6.48
5817,15.601139,52.069722,6.74
5818,15.599194,54.630556,5.74
5819,15.655917,-23.150278,6.34
5820,15.662778,-34.411944,4.67
5821,15.682861,-47.735556,6.23
5822,15.670944,-31.213611,6.34
5823,15.630444,40.353333,5.24
5824,15.671361,-23.818056,4.96
5825,15.686472,-44.661111,4.64
5826,15.523583,77.349444,4.96
5827,15.646917,34.675,6.11
5828,15.625556,54.508889,5.87
5829,15.486389,80.448611,6.58
5830,15.637833,46.797778,5.75
5831,15.669556,12.053056,6.25
5832,15.710333,-49.489444,6.04
5833,15.656167,36.636667,6.0
5834,15.656306,36.635833,5.07
5835,15.642861,50.423333,5.84
5836,15.731972,-60.287222,6.48
5837,15.710639,-37.425,5.24
5838,15.699111,-19.678889,4.74
5839,15.711389,-34.710556,4.75
5840,15.683111,16.024722,6.01
5841,15.652639,57.924444,6.45
5842,15.692528,19.670278,4.52
5843,15.6965,12.8475,5.33
5844,15.627528,69.283333,5.62
5845,15.698528,18.463889,5.81
5846,15.739611,-41.819444,5.94
5847,15.723583,-15.043333,6.31
5848,15.734556,-15.672778,5.41
5849,15.712389,26.295556,3.84
5850,15.719611,13.667778,6.48
5851,15.798222,-65.4425,6.18
5852,15.79825,-65.4425,6.39
5853,15.733833,2.515,5.88
5854,15.737806,6.425556,2.65
5855,15.733139,32.515833,5.56
5856,15.770222,-28.061667,6.51
5857,15.714083,52.360833,5.51
5858,15.745028,17.264167,6.14
5859,15.756528,5.446944,5.58
5860,15.778944,-34.6825,5.61
5861,15.761028,0.891389,6.33
5862,15.790389,-40.194167,6.42
5863,15.768222,-1.804444,5.4
5864,15.791389,-37.916389,6.01
5865,15.813972,-52.438056,6.07
5866,15.779278,-6.120278,6.24
5867,15.769806,15.421944,3.67
5868,15.774056,7.353056,4.43
5869,15.83525,-53.209444,5.77
5870,15.788139,14.115278,5.71
5871,15.832639,-48.911944,5.84
5872,15.837861,-45.401667,6.12
5873,15.851889,-55.055833,5.73
5874,15.803694,13.788611,6.0
5875,15.815778,-3.818611,5.53
5876,15.882417,-65.1525,6.54
5877,15.800556,31.735833,6.44
5878,15.776333,55.474722,5.92
5879,15.812333,18.141667,4.09
5880,15.809556,28.156667,5.85
5881,15.827,-3.430278,3.53
5882,15.85875,-47.060556,6.01
5883,15.849306,-33.627222,3.95
5884,15.889667,-62.606944,6.19
5885,15.849639,-25.751389,4.64
5886,15.777778,62.599444,5.19
5887,15.793889,55.376667,5.86
5888,15.838194,2.196389,5.23
5889,15.826583,26.068333,4.63
5890,15.880972,-50.615278,6.6
5891,15.924889,-68.603056,5.09
5892,15.846944,4.477778,3.71
5893,15.870222,-29.886667,6.4
5894,15.844917,15.133611,5.2
5895,15.854333,-3.090556,5.11
5896,15.860667,-14.133611,6.19
5897,15.919028,-63.430556,2.85
5898,15.914611,-60.743333,6.15
5899,15.854417,20.977778,4.76
5900,15.925639,-60.177778,5.77
5901,15.853861,35.6575,4.82
5902,15.888917,-20.167222,5.03
5903,15.734306,77.794444,4.32
5904,15.893528,-25.327222,4.59
5905,15.935,-60.482778,5.76
5906,15.898278,-24.533056,5.39
5907,15.898833,-23.978056,5.42
5908,15.897083,-16.729444,4.15
5909,15.882278,17.403611,6.36
5910,15.908333,-27.338611,6.14
5911,15.886694,13.196667,6.1
5912,15.910972,-25.243611,5.87
5913,15.893028,16.075,6.09
5914,15.877917,42.451667,4.62
5915,15.91675,-19.383056,5.94
5916,15.925111,-31.083611,6.21
5917,15.925028,-26.265833,5.62
5918,15.935139,-39.864167,6.03
5919,15.911194,8.580278,6.29
5920,15.982806,-65.037778,5.75
5921,15.951056,-48.162222,6.31
5922,15.871278,55.826667,5.81
5923,15.937194,-31.785833,6.29
5924,15.909611,20.310833,5.44
5925,15.948194,-33.966389,5.12
5926,15.948389,-33.964167,5.62
5927,15.937333,-14.399444,6.37
5928,15.948083,-29.214167,3.88
5929,15.955917,-36.185,5.8
5930,15.942611,-14.829167,6.13
5931,15.927722,18.620556,6.26
5932,15.910528,43.138611,5.37
5933,15.940889,15.661667,3.85
5934,15.961222,-20.983056,5.85
5935,15.975194,-37.503056,6.31
5936,15.929889,37.946944,5.45
5937,15.998333,-54.021111,6.1
5938,15.925167,42.566111,5.75
5939,16.019639,-63.776667,6.41
5940,15.954056,14.414444,5.54
5941,15.969833,-14.279444,4.88
5942,15.976333,-24.831389,5.43
5943,15.99175,-41.744444,4.99
5944,15.980861,-26.114167,2.89
5945,15.999444,-40.652778,6.49
5946,16.018444,-54.577778,6.13
5947,15.959806,26.877778,4.15
5948,16.002028,-38.396944,3.41
5949,15.930472,58.911667,6.31
5950,15.958306,39.695278,6.31
5951,16.047889,-62.541667,6.25
5952,16.014917,-40.435278,6.21
5953,16.005556,-22.621667,2.32
5954,16.005444,-16.533333,5.47
5955,16.098833,-72.400833,5.7
5956,16.022083,-31.889444,6.33
5957,15.982694,36.643889,5.62
5958,15.991722,25.920278,2.0
5959,16.013222,-8.411389,5.55
5960,15.963167,54.749722,4.95
5961,16.058861,-57.775278,4.63
5962,16.053583,-49.229722,4.65
5963,16.014194,4.4275,5.83
5964,15.984556,49.881111,6.05
5965,16.044278,-29.135833,6.03
5966,16.020639,17.818333,5.12
5967,16.056722,-38.6025,4.89
5968,16.017417,33.303611,5.41
5969,16.055722,-25.865278,5.0
5970,16.059528,-32.000556,6.01
5971,16.024056,29.851111,4.99
5972,16.03825,22.804444,4.83
5973,16.065194,-24.726389,6.21
5974,16.071611,-33.214444,6.1
5975,16.076861,-37.863056,5.9
5976,16.062694,4.986667,6.08
5977,16.072806,-11.373056,5.07
5978,16.072806,-11.373056,4.77
5979,16.123333,-56.191389,6.16
5980,16.108167,-45.173333,4.72
5981,16.034861,52.915833,5.93
5982,16.046639,46.036667,4.76
5983,16.055389,36.631667,5.83
5984,16.090611,-19.805556,2.62
5985,16.090694,-19.801944,4.92
5986,16.031472,58.565278,4.01
5987,16.109861,-36.802222,4.23
5988,16.10175,-23.606389,5.92
5989,16.095694,-6.291667,6.53
5990,16.099944,-6.139444,6.41
5991,16.121222,-36.755556,5.73
5992,16.093833,8.096111,6.29
5993,16.113444,-20.669167,3.96
5994,16.155167,-57.934444,5.57
5995,16.052583,59.410833,6.19
5996,16.117611,-14.070833,6.32
5997,16.123417,-20.868611,4.32
5998,16.131083,-24.461944,6.33
5999,16.142833,-39.105278,7.05
6000,16.142889,-39.093056,6.65
6001,16.135444,-26.326667,5.38
6002,16.126778,-12.745556,5.78
6003,16.145472,-23.685556,5.88
6004,16.127083,9.891667,5.63
6005,16.122833,21.8225,6.14
6006,16.158806,-32.649722,6.19
6007,16.164611,-33.545833,5.54
6008,16.134583,17.046944,5.0
6009,16.134694,17.054444,6.25
6010,16.141111,8.534167,5.73
6011,16.149694,3.454444,5.91
6012,16.165333,-18.340833,6.47
6013,16.146278,17.205833,6.14
6014,16.153111,6.378889,5.97
6015,16.18825,-41.119722,5.86
6016,16.164028,-3.466944,5.37
6017,16.183889,-29.416389,5.13
6018,16.149528,36.490833,4.76
6019,16.222944,-55.540833,5.81
6020,16.339111,-78.695833,4.68
6021,16.340778,-78.667222,5.27
6022,16.221333,-53.671667,5.83
6023,16.146167,44.935,4.26
6024,16.224639,-54.630556,4.94
6025,16.105472,67.810278,5.44
6026,16.199611,-19.449722,6.3
6027,16.199917,-19.460556,4.01
6028,16.205056,-27.926389,4.59
6029,16.204417,-28.4175,5.67
6030,16.257306,-63.685556,3.85
6031,16.2,-10.064167,4.94
6032,16.191583,9.7125,6.53
6033,16.202028,-8.5475,5.43
6034,16.058694,76.793611,5.56
6035,16.191306,16.665556,6.08
6036,16.150806,57.937778,6.33
6037,16.284861,-67.941389,5.75
6038,16.157222,55.828889,6.49
6039,16.193889,23.494722,5.7
6040,16.263806,-57.912222,5.63
6041,16.215694,-4.220833,6.25
6042,16.229361,-24.421944,6.41
6043,16.194361,33.3425,6.29
6044,16.239528,-33.011389,5.92
6045,16.25425,-47.372222,5.14
6046,16.196667,36.425,5.63
6047,16.220944,5.021111,5.48
6048,16.230806,-11.8375,5.22
6049,16.256667,-42.899722,6.14
6050,16.196556,42.374444,5.87
6051,16.241333,-21.1075,6.41
6052,16.212583,26.670833,6.5
6053,16.244194,-18.535278,6.32
6054,16.248222,-25.476944,6.05
6055,16.278639,-53.811111,5.44
6056,16.239083,-3.694444,2.74
6057,16.237083,5.901944,6.31
6058,16.283583,-50.068333,4.99
6059,16.289139,-53.086667,6.33
6060,16.260361,-8.369444,5.5
6061,16.264306,-14.849167,6.09
6062,16.314417,-57.899722,6.49
6063,16.244667,33.858611,5.64
6064,16.244667,33.858333,6.66
6065,16.257972,18.808333,5.69
6066,16.283,-21.303889,6.61
6067,16.282028,-3.953333,6.18
6068,16.263167,27.422222,6.14
6069,16.206972,67.144167,6.21
6070,16.304972,-28.613889,4.78
6071,16.321583,-42.673889,5.45
6072,16.330667,-50.155556,4.02
6073,16.340333,-55.14,5.77
6074,16.279111,29.150278,5.78
6075,16.305361,-4.6925,3.24
6076,16.318806,-20.217778,6.29
6077,16.32575,-30.906667,5.49
6078,16.316778,-14.8725,5.94
6079,16.180417,75.8775,5.48
6080,16.342389,-39.430833,6.12
6081,16.343944,-24.169444,4.55
6082,16.208944,75.210556,6.39
6083,16.374444,-49.572222,5.33
6084,16.353139,-25.592778,2.89
6085,16.374694,-43.912222,5.88
6086,16.287583,59.755,5.4
6087,16.334528,21.1325,6.05
6088,16.242639,73.395,5.98
6089,16.422778,-63.124722,6.15
6090,16.319778,49.038056,5.91
6091,16.331972,39.708611,5.46
6092,16.329,46.313333,3.89
6093,16.367889,1.029167,4.82
6094,16.400361,-39.193056,5.4
6095,16.365333,19.153056,3.75
6096,16.377472,-2.079722,6.23
6097,16.399083,-33.199444,6.47
6098,16.474472,-70.084444,4.91
6099,16.415056,-45.349167,6.33
6100,16.408806,-37.565833,5.42
6101,16.302611,68.554444,6.41
6102,16.5575,-78.897222,3.89
6103,16.368278,30.891944,4.85
6104,16.401722,-20.0375,4.5
6105,16.411,-29.703333,6.63
6106,16.411028,-29.704722,5.84
6107,16.372611,33.799167,5.2
6108,16.374778,33.703611,5.39
6109,16.465917,-64.058056,5.27
6110,16.382361,32.333056,6.4
6111,16.403,6.948056,5.85
6112,16.426444,-23.447222,5.02
6113,16.426417,-23.446111,5.92
6114,16.470889,-58.599722,5.69
6115,16.453083,-47.555,4.47
6116,16.29175,75.755278,4.95
6117,16.423611,14.033333,4.57
6118,16.450389,-18.456389,4.42
6119,16.429917,18.8925,6.7
6120,16.495833,-57.755833,6.06
6121,16.436528,11.4075,6.11
6122,16.47075,-37.179444,5.79
6123,16.423389,37.393889,5.54
6124,16.44725,2.3475,6.07
6125,16.513722,-61.633611,5.2
6126,16.363528,69.109444,5.25
6127,16.407028,55.205,5.74
6128,16.462083,-7.598056,5.23
6129,16.463361,-8.371667,4.63
6130,16.396389,61.696667,5.67
6131,16.495083,-46.243333,5.35
6132,16.399861,61.514167,2.74
6133,17.266472,-87.566389,6.57
6134,16.490111,-26.431944,0.96
6135,16.572028,-70.988056,5.5
6136,16.476111,0.665,5.39
6137,16.48025,-8.128889,6.48
6138,16.764889,-83.238889,6.57
6139,17.01625,-86.364444,6.04
6140,16.496361,-14.550833,5.68
6141,16.503444,-25.115,4.79
6142,16.52825,-41.816944,5.33
6143,16.523028,-34.704444,4.23
6144,16.508306,-7.515,6.5
6145,16.523,-26.537778,6.1
6146,16.477361,41.881667,5.04
6147,16.518972,-16.612778,4.28
6148,16.503667,21.489722,2.77
6149,16.515222,1.983889,3.82
6150,16.478722,51.407778,6.29
6151,16.595778,-65.495278,5.52
6152,16.509333,20.479167,5.25
6153,16.535611,-21.466389,4.45
6154,16.520389,22.195278,5.76
6155,16.568056,-44.045278,4.94
6156,16.501667,48.960833,6.45
6157,16.517444,35.225,6.25
6158,16.54325,5.521111,5.63
6159,16.543417,11.488056,4.84
6160,16.585528,-45.244722,6.46
6161,16.466389,68.768056,5.0
6162,16.529806,45.598333,5.65
6163,16.717944,-77.5175,4.24
6164,16.60625,-42.858889,5.47
6165,16.598056,-28.216111,2.82
6166,16.60625,-35.255556,4.16
6167,16.647972,-60.990278,6.18
6168,16.568389,42.436944,4.2
6169,16.590639,17.057222,6.41
6170,16.540472,60.823333,5.94
6171,16.605972,-2.324722,5.75
6172,16.689806,-68.296111,5.91
6173,16.428639,78.963889,5.56
6174,16.640611,-43.398611,5.83
6175,16.619306,-10.567222,2.56
6176,16.611944,15.498056,6.3
6177,16.680694,-60.446111,6.18
6178,16.651444,-37.2175,5.91
6179,16.633778,-6.538056,6.09
6180,16.524472,72.611944,6.3
6181,16.63,13.686944,6.31
6182,16.722806,-67.4325,6.03
6183,16.603111,46.613333,5.79
6184,16.603194,52.900278,5.53
6185,16.603806,52.924444,5.08
6186,16.603917,52.924167,6.53
6187,16.688972,-48.763056,5.65
6188,16.6945,-49.651667,5.65
6189,16.660861,-9.554444,6.35
6190,16.67625,-20.408611,6.26
6191,16.510778,77.446667,6.34
6192,16.695972,-33.146389,5.87
6193,16.693389,-24.468056,6.09
6194,16.676417,4.207222,6.93
6195,16.677417,4.219722,5.77
6196,16.692889,-17.742222,4.96
6197,16.717611,-46.070556,6.23
6198,16.615278,63.072778,6.16
6199,16.633444,56.015556,5.29
6200,16.645806,48.928333,4.9
6201,16.686528,-1.000556,6.24
6202,16.69825,-19.924444,5.57
6203,16.680944,12.395,6.08
6204,16.777778,-67.109722,5.13
6205,16.695139,1.181111,5.74
6206,16.729306,-41.118889,6.2
6207,16.744389,-53.1525,5.96
6208,16.6835,24.858611,6.06
6209,16.731639,-41.113056,6.12
6210,16.729889,-38.156667,6.05
6211,16.727417,-32.106111,6.46
6212,16.688111,31.603056,2.81
6213,16.693528,26.916944,5.92
6214,16.745167,-40.839722,5.71
6215,16.772556,-58.503611,5.74
6216,16.738139,-27.456111,6.58
6217,16.811083,-69.027778,1.92
6218,16.750056,-28.509722,6.02
6219,16.78875,-58.341389,5.58
6220,16.714944,38.922222,3.53
6221,16.779944,-39.377222,5.48
6222,16.731028,34.038889,5.99
6223,16.681972,64.589167,4.83
6224,16.75825,1.020278,6.03
6225,16.780917,-25.528611,6.71
6226,16.716222,55.690278,6.16
6227,16.75625,15.745278,5.56
6228,16.763861,8.5825,5.15
6229,16.82975,-59.041389,3.76
6230,16.75325,43.217222,6.05
6231,16.8715,-67.681944,6.32
6232,16.786056,2.064444,6.1
6233,16.864972,-65.375556,6.13
6234,16.796222,5.246667,5.24
6235,16.8075,-14.909444,6.03
6236,16.843306,-50.045556,6.47
6237,16.754944,56.781944,4.85
6238,16.631361,78.918333,6.32
6239,16.802472,13.590556,6.35
6240,16.824389,-15.6675,6.1
6241,16.836056,-34.293333,2.29
6242,16.788833,42.238889,5.87
6243,16.830556,-10.783056,4.65
6244,16.849944,-37.514444,6.11
6245,16.859361,-41.230556,5.22
6246,16.826278,13.261389,5.91
6247,16.8645,-38.0475,3.08
6248,16.839528,-2.653889,6.32
6249,16.871972,-41.854444,6.49
6250,16.838722,7.247778,5.49
6251,16.900139,-57.909444,5.94
6252,16.87225,-38.0175,3.57
6253,16.923528,-63.269722,6.02
6254,16.820611,45.983333,4.82
6255,16.856917,1.216111,5.51
6256,16.827917,43.430556,6.13
6257,16.895139,-43.050833,5.96
6258,16.844167,29.806667,5.72
6259,16.845306,32.553611,6.13
6260,16.9005,-41.806389,5.45
6261,16.899667,-41.994722,6.32
6262,16.899917,-42.362222,4.73
6263,16.903278,-41.850278,6.45
6264,16.843361,41.896667,6.29
6265,16.905444,-41.82,6.59
6266,16.907472,-42.478889,5.88
6267,16.718333,77.514167,5.98
6268,16.868028,14.974167,6.52
6269,16.890333,-20.415556,5.88
6270,16.862583,24.656389,5.04
6271,16.909722,-42.361389,3.62
6272,16.916222,-41.151111,5.77
6273,16.91,-30.587222,6.35
6274,16.935806,-50.675,6.33
6275,16.941306,-52.283889,5.94
6276,16.992722,-69.268333,5.79
6277,16.902944,-1.612222,6.25
6278,16.911194,-11.7925,6.57
6279,16.882806,31.701667,5.32
6280,16.909917,-6.153889,5.25
6281,16.900139,10.165278,4.38
6282,16.932722,-33.507222,6.37
6283,16.943333,-40.823611,6.15
6284,16.933833,-16.806111,6.37
6285,16.977,-55.990278,3.13
6286,16.888222,47.416944,6.0
6287,16.915333,20.958611,5.41
6288,16.953083,-33.259444,5.48
6289,16.971667,-50.641111,5.55
6290,16.921111,13.619722,6.34
6291,16.946667,-23.15,5.58
6292,16.91725,25.730556,6.08
6293,16.922833,18.433333,5.35
6294,16.951111,-19.54,6.27
6295,16.993083,-53.160556,4.06
6296,16.95725,-10.963333,6.19
6297,17.001722,-54.596944,5.65
6298,16.981222,-37.621111,6.09
6299,16.961139,9.375,3.2
6300,17.007528,-48.647778,6.0
6301,16.958889,13.884167,6.37
6302,16.978222,-14.869722,6.59
6303,17.008972,-45.451667,6.65
6304,17.029833,-58.958333,6.11
6305,16.958611,25.352778,6.28
6306,16.935111,50.038889,6.56
6307,16.96175,24.381389,6.32
6308,16.999333,-25.091944,5.86
6310,17.002639,-24.989167,5.75
6311,17.01025,-35.934167,5.97
6312,17.029472,-51.130833,6.45
6313,16.963944,42.5125,6.34
6314,17.052444,-53.236944,5.29
6315,16.933806,65.134722,4.89
6316,17.031306,-32.143611,5.03
6317,17.008167,6.583611,6.59
6318,17.017667,-4.2225,4.82
6319,16.940333,65.039167,6.41
6320,17.073528,-57.712222,5.73
6321,17.030889,-18.885556,6.26
6322,16.766139,82.037222,4.23
6323,17.061583,-47.16,6.06
6324,17.004833,30.926389,3.92
6325,17.016139,22.632222,5.65
6326,17.025833,14.949444,6.31
6327,17.064111,-38.152222,5.91
6328,17.019333,27.196389,6.55
6329,17.033083,8.450556,6.33
6330,16.989306,56.688611,6.03
6331,17.084806,-45.501667,6.28
6332,17.026778,33.568333,5.25
6333,17.038528,25.505556,5.75
6334,17.080389,-34.122778,4.87
6335,16.938,73.127778,6.3
6336,17.038111,31.884722,6.36
6337,17.052167,14.091944,4.98
6338,17.096833,-44.105,6.19
6339,17.052889,14.511111,6.52
6340,17.07925,-20.494722,6.3
6341,17.060917,13.605278,5.93
6342,17.066111,13.5675,6.08
6343,17.064639,19.690556,6.35
6344,17.105639,-37.2275,5.98
6345,16.984056,69.186389,6.4
6346,17.058389,35.414167,6.69
6347,17.107889,-35.451111,6.13
6348,17.021306,60.649167,6.13
6349,17.088028,0.7025,6.01
6350,17.103278,-21.564722,6.3
6351,17.064861,34.790278,6.04
6352,17.078139,19.599167,6.17
6353,17.092306,-0.891944,5.64
6354,17.114778,-26.513056,6.29
6355,17.089639,12.740833,4.91
6356,17.168417,-61.675556,6.39
6357,17.2055,-70.721111,6.22
6358,17.102694,9.733333,6.37
6359,17.103639,10.454167,6.37
6360,17.037583,64.600556,6.1
6361,17.114694,-1.656389,6.38
6362,17.084722,43.812222,6.43
6363,17.0805,48.804167,6.09
6364,17.105028,22.084167,5.56
6365,17.137472,-17.609167,5.99
6366,17.146528,-30.403611,5.97
6367,17.137111,-1.079444,6.06
6368,17.221528,-67.196667,5.89
6369,17.088833,54.470278,5.83
6370,17.088806,54.470278,5.8
6371,17.178417,-44.5575,5.08
6372,17.148472,-3.882778,6.36
6373,17.276556,-74.533056,6.25
6374,17.194139,-48.874167,5.84
6375,17.163333,-10.523333,5.56
6376,17.129639,40.516111,6.34
6377,17.133889,35.935278,5.39
6378,17.172972,-15.724722,2.43
6379,17.027833,75.297222,6.21
6380,17.202556,-43.239167,3.33
6381,17.2045,-39.506944,5.67
6382,17.204583,-38.822222,6.3
6383,17.138083,50.842222,6.46
6384,17.237,-56.888333,6.09
6385,17.179389,12.467222,6.57
6386,17.203778,-25.254722,6.54
6387,17.206944,-27.761944,6.14
6388,17.15925,40.777222,5.08
6389,17.216306,-32.438611,6.01
6390,17.195889,7.894722,6.33
6391,17.184222,24.237778,6.19
6392,17.241028,-39.766944,6.6
6393,17.207722,10.585278,5.33
6394,17.215111,0.351944,6.65
6395,17.175167,52.408889,6.29
6396,17.146444,65.714722,3.17
6397,17.255361,-33.548333,5.53
6398,17.259972,-38.593889,5.96
6399,17.1945,49.746667,6.04
6400,17.336889,-70.045556,6.53
6401,17.255833,-26.602778,5.11
6402,17.255778,-26.601389,5.07
6403,17.264306,-30.210556,6.21
6404,17.255639,-14.583889,5.99
6405,17.272639,-35.749444,6.12
6406,17.244139,14.390278,3.48
6407,17.244222,14.39,5.39
6408,17.320111,-59.694444,5.91
6409,17.284361,-32.662778,5.55
6410,17.250528,24.839167,3.14
6411,17.368306,-70.123333,5.41
6412,17.270611,2.186111,6.17
6413,17.278556,-6.245,6.09
6414,17.275472,1.210556,5.88
6415,17.276861,-0.445278,4.73
6416,17.317556,-46.633889,5.48
6417,17.3665,-67.770556,4.78
6418,17.250778,36.809167,3.16
6419,17.261556,23.742778,5.96
6420,17.313333,-44.129722,5.76
6421,17.209056,62.874444,5.56
6422,17.305667,-32.553333,6.36
6423,17.325083,-50.063333,6.27
6424,17.300194,-24.286944,5.2
6425,17.300139,-24.284167,6.8
6426,17.315889,-34.989722,5.91
6427,17.323472,-44.223056,6.65
6428,17.305333,-16.311944,6.43
6429,17.52425,-80.859167,5.88
6430,17.293306,23.090833,6.45
6431,17.28875,33.1,4.82
6432,17.301389,17.318056,6.0
6433,17.310278,10.864444,5.03
6434,17.314667,6.085278,6.51
6435,17.331472,-17.756389,6.02
6436,17.294528,37.291667,4.65
6437,17.280167,49.691111,7.48
6438,17.381944,-58.010278,5.88
6439,17.333194,-5.917222,6.32
6440,17.400306,-62.864167,5.7
6441,17.342833,-19.332778,6.52
6442,17.38525,-56.525278,5.8
6443,17.313472,28.823056,5.65
6444,17.306472,38.811389,5.94
6445,17.350056,-21.112778,4.39
6446,17.347139,-12.846944,4.33
6447,17.405194,-60.673611,5.77
6448,17.274833,60.670556,6.32
6449,17.347972,-10.696111,6.46
6450,17.377611,-37.805,6.41
6451,17.387806,-47.468333,5.25
6452,17.338583,18.057222,5.0
6453,17.366833,-24.999444,3.27
6454,17.377222,-35.91,6.47
6455,17.336056,25.5375,5.38
6456,17.381917,-37.220556,5.93
6457,17.348389,24.499444,5.12
6458,17.344333,32.467778,5.39
6459,17.389333,-28.143056,5.35
6460,17.403611,-44.1625,5.12
6461,17.421667,-55.53,2.85
6462,17.423222,-56.3775,3.34
6463,17.359278,16.730833,6.35
6464,17.339194,46.240833,5.59
6465,17.380917,-2.388333,6.29
6466,17.358667,28.758056,6.35
6467,17.342667,48.188333,6.43
6468,17.433333,-50.633611,5.23
6469,17.362111,39.974444,5.51
6470,17.417417,-34.696389,6.16
6471,17.468806,-63.036389,6.24
6472,17.411667,-21.441667,5.85
6473,17.410306,-18.445833,6.21
6474,17.418389,-24.243611,6.19
6475,17.448972,-51.949167,6.19
6476,17.399333,8.852778,5.77
6477,17.447639,-45.843611,5.29
6478,17.453444,-50.630278,5.92
6479,17.362611,53.420556,5.67
6480,17.401833,22.960278,5.74
6481,17.40875,16.301111,5.71
6482,17.409389,15.606111,6.35
6483,17.466,-52.297222,5.75
6484,17.394639,37.146667,5.47
6485,17.394722,37.145833,4.52
6486,17.4395,-24.175278,4.17
6487,17.477417,-55.169722,5.94
6488,17.400611,38.582778,6.49
6489,17.43275,-1.651667,6.44
6490,17.448667,-25.943333,6.44
6491,17.407528,36.951944,6.28
6492,17.455917,-29.866944,4.29
6493,17.443861,-5.086667,4.54
6494,17.460417,-29.724444,6.0
6495,17.431778,16.9175,5.98
6496,17.450583,-12.5125,6.21
6497,17.438611,7.595556,6.06
6498,17.441917,4.140278,4.34
6499,17.433583,26.878889,6.41
6500,17.518306,-60.683889,3.62
6501,17.48225,-36.778333,6.02
6502,17.446972,20.080833,5.54
6503,17.490472,-38.516667,6.39
6504,17.467306,-8.208333,6.37
6505,17.523056,-56.920556,5.95
6506,17.446167,34.695833,5.94
6507,17.480472,0.330556,5.44
6508,17.512722,-37.295833,2.69
6509,17.445611,48.26,5.85
6510,17.530694,-49.876111,2.95
6511,17.428139,60.048333,5.65
6512,17.4965,-5.919722,6.37
6513,17.530306,-46.036389,6.03
6514,17.434694,58.651944,6.51
6516,17.506611,-1.0625,5.31
6517,17.529833,-33.702778,6.44
6518,17.416722,67.306389,6.43
6519,17.523611,-23.962778,4.81
6520,17.529,-26.269722,6.05
6521,17.506222,11.925,6.39
6522,17.540139,-34.279722,6.17
6523,17.552056,-41.173611,5.84
6524,17.522583,2.724444,5.59
6525,17.593028,-59.846111,6.28
6526,17.512306,26.110556,4.41
6527,17.560139,-37.103889,1.63
6528,17.515389,31.158333,5.61
6529,17.326944,80.136389,5.72
6530,17.588889,-53.352778,6.1
6531,17.511194,38.882222,6.43
6532,17.5375,11.930278,6.42
6533,17.530444,28.4075,5.62
6534,17.558306,-5.744722,5.62
6535,17.578472,-32.581667,5.7
6536,17.507222,52.301389,2.79
6537,17.594333,-46.505556,4.59
6538,17.533639,34.270833,6.56
6539,17.595278,-37.44,6.48
6540,17.512167,57.876389,6.4
6541,17.556333,19.256667,5.64
6542,17.560944,16.3175,5.69
6543,17.561889,14.841667,6.48
6544,17.579556,-11.241944,5.55
6545,17.588472,-22.043889,6.57
6546,17.609111,-38.635278,4.29
6547,17.624222,-50.06,5.93
6548,17.576861,9.586667,5.81
6549,17.634889,-54.500278,5.25
6550,17.552028,41.243611,5.74
6551,17.574222,16.503889,6.4
6552,18.026139,-85.214722,6.45
6553,17.622,-42.997778,1.87
6554,17.536278,55.184167,4.88
6555,17.537778,55.173056,4.87
6556,17.58225,12.56,2.08
6557,17.624111,-38.065556,6.26
6558,17.635694,-42.880556,6.1
6559,17.599889,20.996111,6.1
6560,17.558806,57.558889,6.17
6561,17.626444,-15.398611,3.54
6562,17.626722,-15.571111,5.94
6563,17.595111,37.301667,6.1
6564,17.602194,28.184722,6.38
6565,17.738806,-72.220833,6.49
6566,17.53275,68.135,5.05
6567,17.63075,-8.118889,4.62
6568,17.635972,-10.926389,5.75
6569,17.673222,-49.415556,4.77
6570,17.610194,30.785278,6.02
6571,17.625306,24.31,5.77
6572,17.687861,-46.921944,5.79
6573,17.583194,61.875,5.23
6574,17.610444,48.585556,5.37
6575,17.652361,2.028056,6.26
6576,17.701083,-50.510556,6.24
6577,17.649389,13.329167,6.12
6578,17.669944,-2.1525,6.19
6579,17.647139,32.739444,6.37
6580,17.708139,-39.03,2.41
6581,17.69025,-12.875278,4.26
6582,17.762222,-64.723889,3.62
6583,17.714167,-36.945833,5.54
6584,17.665972,31.2025,6.03
6585,17.73575,-51.834167,5.15
6586,17.748833,-57.545278,6.01
6587,17.718583,-33.051111,6.4
6588,17.65775,46.006389,3.8
6589,17.686389,15.178056,6.34
6590,17.692306,6.312778,5.95
6591,17.678111,31.2875,6.28
6592,17.684861,24.513333,6.36
6593,17.721611,-27.884167,6.36
6594,17.699639,15.951944,5.52
6595,17.723833,-21.683333,4.87
6596,17.615861,68.758056,4.8
6597,17.745,-42.728889,5.87
6598,17.611028,69.570833,6.42
6599,17.677111,43.470833,6.59
6600,17.730167,-13.508611,6.39
6601,17.729722,-7.079444,6.3
6602,17.707889,24.564167,5.52
6603,17.724556,4.567222,2.77
6604,17.722778,14.295,6.24
6605,17.676722,57.310278,6.77
6606,17.619111,72.455833,5.86
6607,17.689389,51.818056,5.99
6608,17.722667,24.327778,5.71
6609,17.742778,2.579444,6.17
6610,17.743167,2.578889,6.56
6611,17.738139,14.410278,6.19
6612,17.718222,44.084444,6.34
6613,17.785361,-38.111667,6.43
6614,17.810583,-55.401667,6.11
6615,17.793083,-40.126944,3.03
6616,17.792667,-27.830833,4.54
6617,17.796,-22.478056,6.18
6618,17.733139,53.801667,5.75
6619,17.761194,31.504722,6.23
6620,17.793556,-14.725833,5.94
6621,17.807722,-26.975,6.35
6622,17.841167,-53.612222,5.92
6623,17.774306,27.720556,3.42
6624,17.859861,-60.164444,5.78
6625,17.764917,38.881389,6.52
6626,17.76625,39.3225,6.68
6627,17.785556,17.697222,5.72
6628,17.819583,-31.703333,4.83
6629,17.798222,2.707222,3.75
6630,17.830972,-37.043333,3.21
6631,17.836444,-40.090556,4.81
6632,17.853056,-53.130556,6.09
6633,17.805611,3.804167,6.22
6634,17.888444,-65.489167,6.49
6635,17.961611,-76.1775,6.07
6636,17.698972,72.148889,4.58
6637,17.699444,72.156944,5.79
6638,17.806889,20.565556,5.69
6639,17.821917,1.961111,6.47
6640,17.862361,-45.600556,6.11
6641,17.785583,47.612222,6.43
6642,17.813306,19.255278,6.12
6643,17.859111,-40.7725,5.96
6644,17.813667,25.622778,5.12
6645,17.853472,-30.557222,6.66
6646,18.09075,-81.486389,6.35
6647,17.870444,-34.799167,5.9
6648,17.872139,-34.416667,5.84
6649,17.881306,-41.996667,6.2
6650,17.845417,11.946667,6.17
6651,17.880333,-34.114167,6.06
6652,17.882194,-35.018611,6.45
6653,17.88275,-35.624167,6.03
6654,17.839694,29.322222,5.5
6655,17.846778,22.316389,5.98
6656,17.817861,50.781111,5.02
6657,17.888778,-34.730556,6.17
6658,17.889806,-34.895278,5.6
6659,17.866528,-1.236667,6.35
6660,17.895972,-34.785833,6.38
6661,17.877444,-6.143611,6.21
6662,17.898583,-34.7525,5.96
6663,17.899472,-34.831667,6.42
6664,17.83425,48.394167,6.68
6665,17.86625,15.325833,6.46
6666,17.884333,-10.899722,6.18
6667,17.8765,1.305,5.95
6668,17.907556,-34.466389,5.96
6669,17.853889,40.0725,6.46
6670,17.887278,6.101389,5.77
6671,17.918861,-36.475833,6.06
6672,17.915,-24.887222,6.2
6673,17.867972,39.982222,6.04
6674,17.866944,46.643333,6.38
6675,17.9465,-44.342222,4.86
6676,17.903944,11.130556,6.38
6677,17.888361,40.008056,5.16
6678,17.948833,-40.305556,6.43
6679,17.931944,-18.802222,6.52
6680,17.944972,-28.065278,5.8
6681,17.938611,-15.8125,5.89
6682,17.96325,-41.716111,4.88
6683,17.966056,-39.136944,6.29
6684,17.938444,0.670278,5.82
6685,17.923667,26.05,5.46
6686,17.946583,-4.081944,5.47
6687,17.930778,22.464167,5.58
6688,17.892139,56.872778,3.75
6689,17.951194,0.066389,5.97
6690,17.948889,6.487778,6.29
6691,17.982111,-36.858333,5.74
6692,17.977528,-28.759167,6.01
6693,17.984778,-30.253056,5.16
6694,17.984861,-30.253333,7.04
6695,17.937556,37.250556,3.86
6696,17.957472,11.044167,6.36
6697,17.953972,23.995833,6.3
6698,17.983778,-9.773611,3.34
6699,17.92325,55.971389,6.1
6700,17.996556,-23.816111,4.76
6701,17.824167,76.962778,5.04
6702,17.946778,45.350833,6.02
6703,17.96275,29.247778,3.7
6704,18.000028,-20.339167,6.21
6705,17.943444,51.488889,2.23
6706,17.993528,-4.821389,5.87
6707,17.975056,30.189444,4.41
6708,18.030083,-36.377778,6.3
6709,18.004306,0.629444,6.37
6710,18.008056,-3.690278,4.62
6711,17.978417,36.287778,6.0
6712,18.004389,4.368611,4.64
6713,18.000944,16.750833,4.67
6714,18.01075,2.931667,3.97
6715,18.023083,-17.156944,6.28
6716,18.031778,-22.780556,5.77
6717,17.83625,78.306667,6.24
6718,17.981194,45.476111,6.48
6719,18.014694,6.268333,6.34
6720,18.007694,19.505833,6.5
6721,18.913028,-87.605833,5.28
6722,18.015889,15.093333,6.26
6723,18.029222,1.305278,4.45
6724,18.047528,-24.282222,5.34
6725,17.919778,72.005,5.45
6726,18.010111,33.213889,5.99
6727,18.050472,-22.718333,6.74
6728,17.998944,45.501389,5.67
6729,18.024972,21.595278,5.18
6730,18.025111,21.595556,4.96
6731,18.187694,-75.891389,5.86
6732,18.046194,-5.358611,6.76
6733,18.051389,-8.180278,5.94
6734,18.051361,-8.180556,5.24
6735,17.907389,75.170833,6.36
6736,18.064556,-24.360556,5.97
6737,18.026639,33.311389,6.15
6738,18.03975,20.833611,5.28
6739,18.080667,-35.901389,6.0
6740,18.130083,-64.55,6.41
6741,18.041694,22.923056,6.21
6742,18.083694,-29.58,4.69
6743,18.110528,-50.091667,3.66
6744,18.054083,19.613056,6.5
6745,18.143,-63.668333,4.35
6746,18.096806,-30.424167,2.99
6747,18.077028,1.919167,6.14
6748,18.106583,-36.019722,5.95
6749,18.113833,-43.424722,5.77
6750,18.113833,-43.424722,5.77
6751,18.209583,-73.671667,5.85
6752,18.090917,2.499444,4.03
6753,18.0525,48.464444,6.21
6754,18.077833,23.9425,6.34
6755,18.102056,-8.323889,5.85
6756,18.104222,-4.751389,5.77
6757,18.102056,-0.446667,6.34
6758,18.095361,12.003889,7.04
6759,18.141694,-45.767222,6.15
6760,18.166,-59.04,6.38
6761,18.173917,-62.002222,5.49
6762,18.119833,-21.443889,6.28
6763,18.091722,21.646944,6.15
6764,18.078667,40.084167,6.52
6765,18.100528,22.218889,5.06
6766,18.134722,-28.457222,4.57
6767,18.083556,41.946667,6.34
6768,18.097111,32.230556,5.71
6769,18.130111,-17.154167,5.52
6770,18.121778,8.733889,4.64
6771,18.1225,9.563889,3.73
6772,18.156222,-36.6725,6.58
6773,18.148361,-25.4725,6.61
6774,18.240028,-70.751389,6.73
6775,18.117083,30.561944,5.04
6776,18.130111,13.071111,6.63
6777,18.166639,-32.719722,6.43
6778,18.184583,-47.513056,6.07
6779,18.125722,28.7625,3.83
6780,18.16825,-30.728611,5.53
6781,18.130417,26.101389,5.86
6782,18.130417,26.0975,5.9
6783,18.187167,-45.954444,4.53
6784,18.142694,14.284722,6.37
6785,18.162056,-13.934444,6.39
6786,18.184889,-41.359167,5.86
6787,18.145972,20.814444,4.36
6788,18.182,-33.799722,6.16
6789,17.536917,86.586389,4.36
6790,18.114861,50.822778,6.29
6791,18.124667,43.461667,5.0
6792,18.118417,49.710556,6.32
6793,18.133944,36.401389,5.48
6794,18.148028,20.045278,5.1
6795,18.159389,3.993333,5.73
6796,18.237833,-63.689444,6.47
6797,18.165,3.119722,5.69
6798,18.187444,-19.842222,6.36
6799,18.152833,30.469444,6.38
6800,18.177861,3.324167,5.51
6801,18.195389,-23.701111,4.98
6802,18.1995,-28.901389,6.51
6803,18.169083,16.476667,6.09
6804,18.220167,-41.336111,5.47
6805,18.261361,-63.055556,5.6
6806,18.160417,38.4575,6.4
6807,18.166389,36.466389,5.58
6808,18.30025,-68.229167,6.33
6809,18.000944,80.000833,6.04
6810,18.002556,80.004167,5.68
6811,17.513333,86.968056,5.79
6812,18.229389,-21.058889,3.86
6813,18.219444,-4.011667,6.59
6814,18.195861,33.446944,5.88
6815,18.198389,31.405278,4.97
6816,18.23775,-21.713056,5.44
6817,18.175444,54.286667,5.95
6818,18.264639,-44.206667,5.46
6819,18.285417,-56.023333,5.33
6820,18.22125,21.880278,6.12
6821,18.283583,-51.068333,6.06
6822,18.253583,-20.728333,5.38
6823,18.253583,-20.388056,5.95
6824,18.211833,41.146944,6.36
6825,18.258556,-18.661389,6.07
6826,18.218,38.773611,6.04
6827,18.185306,60.409444,6.49
6828,18.327833,-63.886944,6.18
6829,18.393361,-75.044167,5.47
6830,18.266111,-3.6175,6.36
6831,18.245556,29.207222,6.56
6832,18.293778,-36.761667,3.11
6833,18.293361,-34.107222,6.16
6834,18.268222,2.377778,6.01
6835,18.29,-28.6525,6.19
6836,18.289917,-28.289167,6.4
6837,18.48875,-80.232778,5.95
6838,18.286556,-17.373889,5.75
6839,18.311111,-42.288333,6.3
6840,18.281417,-3.007222,6.0
6841,18.29125,-18.463333,6.54
6842,18.300889,-27.0425,4.65
6843,18.290056,-9.758611,6.31
6844,18.284667,1.005833,6.63
6845,18.260778,42.159444,5.59
6846,18.311583,-25.604722,6.51
6847,18.259056,45.209444,6.29
6848,18.312028,-18.619444,6.84
6849,18.24475,56.588333,6.37
6850,18.231611,64.397222,5.03
6851,18.300806,13.776944,6.3
6852,18.302139,18.131389,5.99
6853,18.285222,40.936667,6.11
6854,18.302139,23.296667,6.63
6855,18.387111,-61.493889,4.36
6856,18.348694,-37.4875,6.45
6857,18.319306,7.259722,5.39
6858,18.335778,-15.831667,5.39
6859,18.349917,-29.828056,2.7
6860,18.319639,24.446111,5.27
6861,18.358722,-24.915,6.25
6862,18.371833,-38.656944,5.1
6863,18.356417,-18.86,5.75
6864,18.366722,-28.43,6.16
6865,18.254722,68.755833,5.95
6866,18.347806,3.377222,4.86
6867,18.331139,29.666111,5.99
6868,18.338306,21.961389,4.95
6869,18.355167,-2.898889,3.26
6870,18.381417,-36.669444,5.34
6871,18.425417,-63.021389,6.14
6872,18.331028,36.064444,4.33
6873,18.357917,5.435833,6.13
6874,18.391361,-36.238333,5.55
6875,18.405056,-44.110278,5.25
6876,18.349194,29.858889,5.63
6877,18.350278,28.87,5.12
6878,18.383944,-10.218611,6.33
6879,18.402861,-34.384722,1.85
6880,18.33225,51.347778,6.3
6881,18.386722,-12.014722,5.73
6882,18.369083,23.285278,5.41
6883,18.376472,12.028889,5.89
6884,18.394306,-8.934167,4.68
6885,18.380278,17.826667,5.25
6886,18.351972,49.725556,6.4
6887,18.384139,16.688056,6.22
6888,18.417083,-30.756667,5.6
6889,18.422694,-35.991667,6.15
6890,18.400972,-3.583333,6.38
6891,18.359083,49.121667,5.05
6892,18.411694,-7.075278,6.31
6893,18.431833,-33.945278,6.3
6894,18.448306,-48.116944,5.46
6895,18.394972,21.769722,3.84
6896,18.4225,-20.541667,4.81
6897,18.449556,-45.968333,3.51
6898,18.415833,-1.579444,6.15
6899,18.548694,-73.965556,5.89
6900,18.419111,5.084722,6.74
6901,18.399278,38.739167,6.36
6902,18.427444,8.031944,5.65
6903,18.403833,39.507222,5.12
6904,18.41625,27.395278,6.27
6905,18.480528,-49.070833,4.13
6906,18.432056,14.966667,6.37
6907,18.46375,-29.816389,5.92
6908,18.499083,-57.523056,5.76
6909,18.462167,-26.634722,6.31
6910,18.474194,-38.995556,5.64
6911,18.396611,53.300833,6.32
6912,18.703917,-81.807778,6.27
6913,18.466167,-25.421667,2.81
6914,18.468389,-26.757222,6.27
6915,18.486917,-43.845833,6.36
6916,18.522889,-62.278333,4.64
6917,18.433,29.828889,5.83
6918,18.453472,0.196111,5.21
6919,18.465694,-17.8,6.2
6920,18.345972,71.337778,4.22
6921,18.488,-38.851111,6.63
6922,18.498833,-47.220278,5.7
6923,18.398472,58.800556,4.98
6924,18.444694,26.449444,6.53
6925,18.463972,3.748611,6.07
6926,18.482611,-26.581667,6.5
6927,18.350944,72.732778,3.57
6928,18.466333,6.194167,5.73
6929,18.489444,-25.256389,6.59
6930,18.486639,-14.565833,4.7
6931,18.5175,-41.913611,6.04
6932,18.496333,-14.581667,5.96
6933,18.503306,-18.728889,5.66
6934,18.529278,-45.915,4.96
6935,18.494722,-1.985278,5.39
6936,18.518,-32.989167,5.34
6937,18.532278,-43.507778,5.72
6938,18.533889,-45.757222,5.07
6939,18.558194,-58.709167,6.44
6940,18.503972,-5.724167,6.28
6941,18.501417,4.065278,6.69
6942,18.539278,-39.703889,5.16
6943,18.49325,23.866111,5.9
6944,18.523972,-18.402778,5.14
6945,18.433083,65.563611,4.82
6946,18.523806,-10.795833,5.72
6947,18.531472,-19.125,6.68
6948,18.55025,-39.892222,6.22
6949,18.46175,59.549167,6.43
6950,18.511556,20.815278,6.5
6951,18.558389,-42.3125,4.64
6952,18.556472,-38.720278,6.32
6953,18.556417,-38.726111,5.65
6954,18.575333,-52.891944,6.22
6955,18.517889,16.928611,5.77
6956,18.539111,-14.644167,6.37
6957,18.5325,-1.003056,5.94
6958,18.535278,3.659722,6.43
6959,18.545361,-14.865556,5.5
6960,18.566056,-33.016667,5.28
6961,18.564861,-24.0325,5.49
6962,18.560833,-14.853611,5.76
6963,18.556361,-5.911389,6.36
6964,18.866083,-83.316389,7.16
6965,18.575778,-24.2225,6.51
6966,18.546167,23.616944,5.84
6967,18.556472,8.268333,6.42
6968,18.547194,30.554167,5.48
6969,18.58925,-20.840833,6.48
6970,18.584,-10.977222,5.14
6971,18.556417,30.8925,6.59
6972,18.599917,-29.699167,6.37
6973,18.586778,-8.244167,3.85
6974,18.5365,52.115556,6.56
6975,18.572111,20.466389,6.57
6976,18.579861,10.891667,6.4
6977,18.586833,18.203333,5.78
6978,18.542917,57.045556,4.77
6979,18.520778,65.436111,6.59
6980,18.591778,23.605556,5.61
6981,18.598111,16.975556,6.21
6982,18.71725,-71.428056,4.01
6983,18.56575,52.353611,5.36
6984,18.587083,34.457778,6.1
6985,18.607722,9.1225,5.39
6986,18.653972,-47.909722,5.86
6987,18.610861,6.671944,5.45
6988,18.631778,-21.397778,5.94
6989,18.634611,-14.004722,6.47
6990,18.641861,-23.505,5.81
6991,18.659722,-43.186111,5.37
6992,18.620167,11.421667,6.42
6993,18.626667,-0.309444,5.75
6994,18.797056,-77.867222,6.39
6995,18.619167,16.198333,6.29
6996,18.70625,-64.643056,6.37
6997,18.610333,33.468889,5.42
6998,18.648167,-21.051944,5.86
6999,18.639917,-3.193611,6.49
7000,18.638639,-1.113333,6.66
7001,18.615639,38.783611,0.03
7002,18.639167,8.833889,6.4
7003,18.612667,43.221944,6.2
7004,18.727,-64.551111,5.78
7005,18.691833,-48.095,6.49
7006,18.495806,77.546944,5.64
7007,18.666806,-7.790556,5.84
7008,18.66025,5.264167,6.38
7009,18.635139,39.668056,6.04
7010,18.664333,7.358333,6.28
7011,18.697667,-23.833333,6.23
7012,18.757472,-64.871389,4.79
7013,18.603694,65.488611,6.06
7014,18.695139,-14.564167,6.42
7015,18.753194,-61.095,6.04
7016,18.667222,30.849444,6.36
7017,18.659194,40.935,6.25
7018,18.625972,62.526667,5.74
7019,18.670056,38.367222,6.45
7020,18.704556,-9.0525,4.72
7021,18.729694,-38.323611,5.13
7022,18.756583,-56.881667,6.22
7023,18.715333,-19.283889,6.35
7024,18.710028,-7.073333,6.15
7025,18.402556,83.175278,6.17
7026,18.735472,-36.718611,6.32
7027,18.82875,-72.994722,6.06
7028,18.664667,52.196111,6.0
7029,18.738722,-35.641944,4.87
7030,18.694806,31.617778,6.41
7031,18.749222,-39.686389,5.43
7032,18.725361,-8.275278,4.9
7033,18.70225,34.746667,6.47
7034,18.730944,-6.818611,6.31
7035,18.747111,-25.011111,5.83
7036,18.8105,-65.077778,5.73
7037,18.783083,-50.094444,6.54
7038,18.755194,-21.001389,6.36
7039,18.760944,-26.990833,3.17
7040,18.747194,2.06,5.02
7041,18.721306,39.300278,6.45
7042,18.682306,62.749722,6.09
7043,18.726694,36.556667,6.01
7044,18.731,31.926667,5.7
7045,18.767,-19.606389,6.42
7046,18.772389,-22.392222,5.37
7047,18.7445,23.589722,6.31
7048,18.757889,5.499722,5.83
7049,18.710528,55.539444,5.04
7050,18.795722,-40.406111,5.24
7051,18.739,39.67,5.06
7052,18.738972,39.671111,6.02
7053,18.739694,39.613056,5.14
7054,18.739694,39.612778,5.37
7055,18.778694,-10.125,5.71
7056,18.746222,37.605,4.36
7057,18.746722,37.594444,5.73
7058,18.759917,21.985,6.51
7059,18.774583,-0.961667,5.9
7060,18.724722,53.871944,6.11
7061,18.761028,20.546389,4.19
7062,18.814028,-43.68,5.49
7063,18.78625,-4.747778,4.22
7064,18.767917,26.662222,4.83
7065,18.824278,-45.810278,5.81
7066,18.791389,-5.705,5.2
7067,18.778167,18.705833,6.17
7068,18.826389,-43.433889,5.61
7069,18.783694,18.181389,4.36
7070,18.821444,-34.748611,6.62
7071,18.748722,54.896667,6.23
7072,18.812583,-18.601389,6.47
7073,18.770278,41.441667,6.07
7074,18.870278,-62.1875,4.22
7075,18.738389,61.048056,5.99
7076,18.80075,4.241389,6.21
7077,18.826528,-19.142222,6.75
7078,18.827806,-20.324722,5.24
7079,18.804556,23.514167,6.15
7080,18.783056,46.315,6.52
7081,18.799306,31.756944,6.06
7082,18.7195,70.792778,6.44
7083,18.828056,-5.912778,5.99
7084,18.778639,52.988056,5.88
7085,18.826972,0.835833,6.25
7086,18.814833,19.328611,5.88
7087,18.877667,-52.1075,5.17
7088,18.847361,-22.162222,6.61
7089,18.838889,-7.9075,6.8
7090,18.794444,49.075,6.4
7091,18.820667,25.046389,6.59
7092,18.874194,-46.595278,5.54
7093,18.886694,-51.931111,6.31
7094,18.849583,-9.774167,5.83
7095,18.884028,-48.36,6.19
7096,18.804472,48.7675,6.12
7097,18.883222,-46.585833,6.19
7098,18.828889,31.629167,6.64
7099,18.846,10.976389,6.55
7100,18.829417,32.812778,5.91
7101,18.856139,-3.317778,6.1
7102,18.831361,32.550833,5.25
7103,18.874583,-26.650278,6.29
7104,18.876944,-29.379444,6.13
7105,18.87825,-30.734167,6.63
7106,18.834667,33.362778,3.45
7107,18.949167,-67.233611,4.44
7108,18.908972,-49.878611,6.6
7109,18.867194,13.965556,6.14
7110,18.883861,-9.576111,6.34
7111,18.948528,-62.801111,6.48
7112,18.859972,28.783611,6.18
7113,18.871222,21.425278,5.48
7114,18.900028,-21.359722,5.69
7115,18.860139,36.538611,6.09
7116,18.902833,-22.745,4.83
7117,18.762972,74.085556,5.27
7118,18.868639,41.383333,6.28
7119,18.911972,-15.603056,5.1
7120,18.918639,-22.671389,4.99
7121,18.921083,-26.296667,2.02
7122,18.938028,-42.710556,5.36
7123,18.859722,52.975,5.51
7124,18.772833,75.433889,5.35
7125,18.853361,59.388333,4.66
7126,18.925278,-16.376667,5.79
7127,18.976778,-60.200556,5.14
7128,18.9335,-23.173611,5.93
7129,18.944583,-37.343333,5.38
7130,19.000972,-66.653333,6.01
7131,18.895444,36.971667,5.58
7132,18.903667,27.909444,5.62
7133,18.912472,22.645,4.59
7134,18.974361,-52.938611,4.87
7135,18.924306,6.615278,5.57
7136,18.959639,-39.823333,6.31
7137,18.887111,50.708333,4.92
7138,18.903972,41.225556,7.3
7139,18.908389,36.898889,4.3
7140,18.914583,33.968611,6.02
7141,18.937,4.203611,4.62
7142,18.937389,4.201944,4.98
7143,18.939639,-1.8,6.22
7144,18.940444,2.471111,6.15
7145,18.955694,-20.656389,5.08
7146,18.9145,41.602778,5.44
7147,18.934417,17.995,6.63
7148,18.935056,18.105278,5.69
7149,18.951028,-5.846111,4.83
7150,18.962167,-21.106667,3.51
7151,18.972583,-31.036111,6.12
7152,18.978722,-37.1075,4.87
7153,18.896194,57.486944,6.22
7154,18.913083,48.859722,5.77
7155,18.972361,-24.876667,6.62
7156,18.986417,-39.534722,6.49
7157,18.92225,43.946111,4.04
7158,18.954611,2.535278,5.57
7159,18.9735,-22.529444,6.14
7160,18.760583,79.9425,6.39
7161,19.05825,-68.755278,5.88
7162,18.950444,32.901389,5.22
7163,18.973278,6.240278,6.21
7164,18.990778,-18.566944,6.37
7165,18.97075,17.360833,5.38
7166,18.989944,-12.840556,5.53
7167,18.979694,13.906667,5.89
7168,19.006889,-24.942222,6.36
7169,19.017556,-37.060833,6.69
7170,19.017861,-37.061944,6.4
7171,18.979194,19.794167,6.5
7172,18.984917,13.6225,5.23
7173,18.988194,10.140833,6.75
7174,18.967194,38.266111,5.89
7175,18.945833,57.815,5.66
7176,18.993722,15.068333,4.02
7177,19.03575,-41.91,6.23
7178,18.982389,32.689444,3.24
7179,18.979611,40.679167,6.22
7180,18.906639,71.297222,4.82
7181,18.995972,26.230556,5.27
7182,19.027167,-22.695556,6.24
7183,18.999472,22.814722,6.29
7184,18.957889,58.225278,6.46
7185,18.98675,39.217778,6.41
7186,19.025972,-15.2825,6.32
7187,18.940444,65.258056,5.63
7188,19.051917,-42.095278,4.75
7190,19.065944,-51.018611,5.93
7191,18.954833,62.396667,6.45
7192,19.00025,32.145556,4.93
7193,19.028,-5.738889,4.02
7194,19.043528,-29.880278,2.6
7195,19.041028,-24.846944,5.65
7196,18.983222,50.809444,6.3
7197,19.054917,-38.253333,5.74
7198,19.018194,19.309722,6.39
7199,18.892556,75.7875,6.22
7200,19.022944,20.833611,6.69
7201,19.005278,40.684167,6.65
7202,19.0215,26.291389,5.69
7203,19.051056,-19.245278,6.05
7204,19.015333,33.802222,6.01
7205,19.051944,-19.103333,6.37
7206,19.026361,25.025833,6.72
7207,19.030417,22.263889,6.4
7208,19.039333,8.374167,6.3
7209,19.048472,-3.698889,5.42
7210,19.003806,50.533611,5.38
7211,19.073639,-31.046944,5.5
7212,19.030083,33.621389,6.39
7213,19.105528,-52.340833,5.16
7214,19.058944,1.818889,5.83
7215,19.024,46.934722,5.01
7216,19.047944,19.661111,6.09
7217,19.078056,-21.741667,3.77
7218,19.012056,55.658333,5.48
7219,19.069639,3.330556,6.73
7220,19.073389,-5.685,6.9
7221,19.164639,-68.424722,5.33
7222,19.061806,21.267778,6.52
7223,19.115444,-48.299167,5.97
7224,18.981278,69.531111,6.52
7225,19.082667,-4.031389,5.42
7226,19.106972,-37.063333,4.93
7227,19.106972,-37.063333,4.99
7228,21.146167,-88.956389,5.47
7229,19.035278,52.261111,6.31
7230,19.094778,-15.660278,5.97
7231,19.0885,-1.512778,6.53
7232,19.114583,-37.810278,6.16
7233,19.147806,-55.720278,6.49
7234,19.115667,-27.670556,3.32
7235,19.090167,13.863333,2.99
7236,19.104139,-4.8825,3.44
7237,19.08275,31.744444,5.56
7238,19.082861,30.733333,6.06
7239,19.114528,-16.228889,6.03
7240,19.12525,-28.636944,6.04
7241,19.119028,-18.737778,6.29
7242,19.139139,-40.496667,4.59
7243,19.106167,8.23,6.09
7244,19.096417,29.921667,6.31
7245,19.119194,0.641667,6.56
7246,19.137389,-24.656944,6.3
7247,18.965889,77.050833,6.54
7248,19.116278,11.071389,5.09
7249,19.137972,-19.29,5.54
7250,19.110667,24.250833,5.77
7251,19.082,53.396667,5.38
7252,19.086083,49.923333,6.43
7253,19.110472,28.628611,5.55
7254,19.157861,-37.904444,4.11
7255,19.161028,-39.828056,6.46
7256,19.160111,-36.164722,6.56
7257,19.166056,-41.8925,5.88
7258,19.104722,41.413889,6.49
7259,19.167139,-39.340833,4.11
7260,19.132583,16.853333,6.07
7261,19.123778,32.501667,5.23
7262,19.121694,36.100278,5.28
7263,19.134333,21.698889,6.23
7264,19.162722,-21.023611,2.89
7265,19.163361,-19.803611,6.13
7266,19.149972,6.073333,5.22
7267,19.1445,16.851389,6.48
7268,19.183833,-39.005,6.36
7269,19.164333,-0.428056,6.34
7270,19.188583,-29.502222,6.3
7271,19.212806,-50.486389,6.13
7272,19.151222,34.600556,6.74
7273,19.202722,-37.582778,6.57
7274,19.274583,-69.190556,6.27
7275,19.1405,52.425556,5.81
7276,19.207778,-21.658056,6.41
7277,19.220472,-25.906667,5.8
7278,19.286667,-66.661389,5.53
7279,19.211306,-7.939444,5.34
7280,19.191917,26.735833,6.36
7281,19.244361,-45.193333,5.92
7282,19.220972,-12.2825,5.51
7283,19.196111,31.283333,5.98
7284,19.18975,40.429167,6.18
7285,19.209556,16.846389,6.73
7286,19.210194,21.554444,5.93
7287,19.228528,2.293611,5.15
7288,19.228917,5.515833,6.49
7289,19.272694,-45.466389,5.4
7290,19.162722,65.978611,6.25
7291,19.259222,-24.179167,6.25
7292,19.259,-25.256667,4.85
7293,19.201278,49.854167,6.75
7294,19.201389,49.856111,6.57
7295,19.194583,56.859167,5.12
7296,19.275778,-33.521667,6.25
7297,19.302611,-53.386667,6.38
7298,19.229306,39.146111,4.39
7299,19.250722,20.203333,6.0
7300,19.255583,15.083611,5.57
7301,19.254833,21.232222,5.64
7302,19.256889,30.526389,5.85
7303,19.275278,4.834722,5.59
7304,19.293917,-18.953056,4.96
7305,19.265833,27.455556,6.54
7306,19.270278,21.390278,4.77
7307,19.274111,14.544722,5.63
7308,19.2665,27.926944,6.16
7309,19.232,57.705,4.99
7310,19.20925,67.661667,3.07
7311,19.255361,50.070833,6.27
7312,19.152722,76.560556,5.13
7313,19.296722,2.031667,6.19
7314,19.272806,38.133611,4.36
7315,19.296944,11.595278,5.28
7316,19.327778,-35.421389,5.59
7317,19.316694,-15.536389,6.06
7318,19.295444,23.025556,5.43
7319,19.309028,1.085278,5.1
7320,19.4015,-68.371111,6.34
7321,19.314139,0.339167,6.41
7322,19.280944,46.999167,6.0
7323,19.340611,-31.817778,6.58
7324,19.300222,31.022222,6.68
7325,19.314639,9.618056,6.32
7326,19.313472,19.610556,6.58
7327,19.343917,-22.4025,5.58
7328,19.285056,53.368611,3.77
7329,19.380861,-54.423611,5.05
7330,19.358306,-34.983889,6.48
7331,19.327583,12.374722,5.53
7332,19.331389,11.535,6.02
7333,19.342472,-5.415833,5.01
7334,19.369333,-42.016111,6.34
7335,19.317722,33.388889,6.6
7336,19.34325,-0.892222,5.49
7337,19.377306,-44.458889,4.01
7338,19.317,37.445278,6.22
7339,19.360306,-19.234167,6.26
7340,19.361222,-17.847222,3.93
7341,19.310472,49.569722,6.31
7342,19.362111,-15.955,4.61
7343,19.387,-44.799722,4.29
7344,19.364139,-18.308333,5.87
7345,19.327472,37.330556,6.31
7346,19.342528,35.186111,6.31
7347,19.372417,-8.201111,6.31
7348,19.398111,-40.616111,3.97
7349,19.372639,-0.2525,5.83
7350,19.405944,-43.723056,6.17
7351,19.326806,54.376111,6.26
7352,19.259167,73.355556,4.45
7353,19.384611,-7.400278,6.32
7354,19.380111,9.913056,6.35
7355,19.408361,-27.865556,6.04
7356,19.337806,57.645278,5.91
7357,19.385611,14.921111,6.64
7358,19.380806,26.2625,5.18
7359,19.375944,33.518056,6.06
7360,19.417806,-29.309167,5.93
7361,19.329472,64.390833,6.52
7362,19.42125,-24.508611,5.03
7363,19.424917,-23.962222,5.43
7364,19.396361,20.264444,6.4
7365,19.357056,57.766944,6.43
7366,19.417111,-4.884167,6.52
7367,19.422667,-13.896944,5.69
7368,19.392778,33.222222,6.37
7369,19.406139,16.937778,6.25
7370,19.463361,-54.325278,5.69
7371,19.344472,65.714722,4.59
7372,19.402111,29.621389,4.97
7373,19.416167,11.944444,5.16
7374,19.406222,28.087778,6.53
7375,19.438667,-21.776667,5.59
7376,19.401694,36.451944,6.36
7377,19.424972,3.114722,3.36
7378,19.436417,-15.053056,5.72
7379,19.440167,-14.551111,6.7
7380,19.449028,-29.743333,5.67
7381,19.389944,50.271389,6.51
7382,19.399028,43.388056,5.84
7383,19.519694,-68.433889,5.96
7384,19.422889,20.271389,6.31
7385,19.424611,19.798611,5.16
7386,19.423833,24.912778,6.19
7387,19.441972,0.338611,4.66
7388,19.497944,-55.441389,6.13
7389,19.440028,13.023889,5.74
7390,19.437,20.097778,5.63
7391,19.441306,19.891389,5.81
7392,19.489972,-43.445833,5.71
7393,19.509583,-55.11,6.3
7394,17.282444,89.037778,6.38
7395,19.435861,36.317778,5.15
7396,19.459417,14.2825,6.32
7397,19.472444,2.930278,5.85
7398,19.497833,-26.985556,5.52
7399,19.504083,-32.092222,6.6
7400,19.483611,1.950278,5.8
7401,19.429639,58.027222,6.6
7402,19.489306,-7.043889,6.61
7403,19.460139,37.941111,6.34
7404,19.488333,0.246111,6.25
7405,19.478417,24.665,4.44
7406,19.4825,24.768611,5.81
7407,19.489472,14.595833,5.56
7408,19.457194,52.320556,5.75
7409,19.489139,20.279722,6.33
7410,19.515,-21.312222,6.13
7411,19.548278,-53.185833,5.75
7412,19.502917,2.904167,6.09
7413,19.440694,62.557222,6.38
7414,19.511056,-2.788889,5.03
7415,19.509194,3.444444,6.05
7416,19.556,-45.271944,5.61
7417,19.512028,27.959722,3.08
7418,19.512583,27.965278,5.11
7419,19.513028,36.228611,6.25
7420,19.495083,51.729722,3.79
7421,19.522722,26.617222,5.87
7422,19.569028,-40.034722,5.89
7423,19.361167,79.602778,6.05
7424,19.586944,-48.099167,4.9
7425,19.252167,83.462778,6.53
7426,19.529528,34.453056,4.74
7427,19.522028,50.306667,5.53
7428,19.520444,55.731944,6.37
7429,19.568167,7.378889,4.45
7430,19.585361,-10.560278,5.12
7431,19.600472,-24.719167,5.65
7432,19.591611,-7.460278,6.34
7433,19.592667,-12.252778,6.27
7434,19.640528,-57.983333,6.18
7435,19.664472,-66.685556,6.39
7436,19.560111,38.762222,6.61
7437,19.576361,19.773333,5.0
7438,19.590333,2.913333,6.38
7439,19.60725,-18.852778,6.11
7440,19.611778,-24.883611,4.6
7441,19.580806,29.463056,5.38
7442,19.561556,49.2625,5.96
7443,19.617583,-18.231111,5.64
7444,19.578111,42.412778,5.35
7445,19.602222,11.15,6.68
7446,19.614861,-7.0275,4.95
7447,19.612028,-1.286389,4.36
7448,19.552806,60.158611,6.29
7449,19.604389,14.391667,6.38
7450,19.516722,70.989444,6.07
7451,19.572167,51.236667,5.73
7452,19.602306,22.585833,6.32
7453,19.57775,48.164722,6.67
7454,19.626222,-14.301667,5.47
7455,19.69375,-65.854167,6.09
7456,19.614583,11.273333,5.98
7457,19.59675,36.944444,6.05
7458,19.610472,20.332778,7.14
7459,19.67175,-54.4175,6.26
7460,19.629806,-4.6475,5.46
7461,19.661667,-45.278056,6.25
7462,19.539333,69.661111,4.68
7463,19.6215,16.462778,5.66
7464,19.665472,-39.433333,6.61
7465,19.598861,50.238611,6.52
7466,19.619278,29.333611,6.43
7467,19.615722,38.383889,6.5
7468,19.610528,44.695,5.17
7469,19.607361,50.221111,4.48
7470,19.663722,-23.427778,6.34
7471,19.646944,3.381667,6.35
7472,19.638194,20.782778,6.48
7473,19.668639,-23.428611,5.97
7474,19.653222,5.397778,5.17
7475,19.657056,16.571389,6.38
7476,19.678722,-16.293333,6.2
7477,19.632417,49.284444,6.47
7478,19.656278,30.153333,4.69
7479,19.668278,18.013889,4.37
7480,19.678694,-0.621111,5.67
7481,19.6625,33.979167,6.1
7482,19.674528,20.476667,6.5
7483,19.657361,42.818333,5.4
7484,19.644778,54.973889,5.82
7485,19.677694,23.7175,6.64
7486,19.684861,13.815556,6.01
7487,19.659556,45.958056,6.2
7488,19.684139,17.476111,4.37
7489,19.708639,-16.123889,5.06
7490,19.687472,22.452778,6.36
7491,19.727111,-37.538889,6.16
7492,19.678111,43.077778,6.16
7493,19.703556,12.193333,6.34
7494,19.93375,-81.349722,6.39
7495,19.680611,45.525,5.06
7496,19.725972,-15.47,5.49
7497,19.709444,11.826667,5.27
7498,19.823694,-72.503333,5.41
7499,19.699306,40.253889,6.23
7500,19.670278,60.507222,6.51
7501,19.713639,29.331667,6.49
7502,19.712389,32.426667,5.94
7503,19.696917,50.525278,5.96
7504,19.697778,50.5175,6.2
7505,19.719306,30.678611,6.05
7506,19.728583,25.771944,5.49
7507,19.767,-31.908611,5.52
7508,19.732194,27.135556,6.28
7509,19.701139,55.463333,6.48
7510,19.800333,-56.3625,5.35
7511,19.742806,13.302778,6.26
7512,19.730944,34.1625,6.05
7513,19.831472,-66.812778,6.45
7514,19.729167,41.773056,5.84
7515,19.772694,-19.761111,4.86
7516,19.7645,-2.883333,6.48
7517,19.737944,37.354444,4.89
7518,19.746861,29.264722,6.82
7519,19.761083,7.613333,5.91
7520,19.743944,34.413889,6.57
7521,19.815306,-52.888056,6.25
7522,19.720722,58.016389,6.22
7523,19.746944,40.716667,6.34
7524,19.850361,-65.605,6.05
7525,19.771,10.613333,2.72
7526,19.727667,57.0425,6.27
7527,19.839361,-61.061389,6.21
7528,19.749583,45.130833,2.87
7529,19.761,36.091111,6.43
7530,19.764278,35.012778,6.09
7531,19.845778,-59.193056,5.42
7532,19.800833,-13.703333,6.11
7533,19.777639,25.133889,6.62
7534,19.773778,33.727778,4.99
7535,19.776389,32.888611,6.18
7536,19.789806,18.534167,3.82
7537,19.837167,-47.557222,5.94
7538,19.819889,-28.788889,6.05
7540,19.796833,25.383889,5.95
7541,19.817278,-10.870833,6.04
7542,19.808444,10.694167,6.44
7543,19.791056,38.4075,5.77
7544,19.811694,11.815833,5.72
7545,19.738472,69.336944,5.92
7546,19.816306,19.142222,5.0
7547,19.790778,47.907778,6.12
7548,19.877111,-54.971111,5.74
7549,19.8775,-54.976667,6.5
7550,19.812194,35.311389,6.53
7551,19.814056,33.437222,6.44
7552,19.864056,-39.874444,5.33
7553,19.846333,-10.763611,5.39
7554,19.838194,7.9025,6.51
7555,19.824306,38.71,6.11
7556,19.831833,28.440556,6.38
7557,19.846389,8.868333,0.77
7558,19.911222,-61.170833,6.24
7559,19.853083,-2.460833,6.13
7560,19.850444,10.415556,5.11
7561,19.87,-19.045,5.92
7562,19.854917,9.630278,6.25
7563,19.779083,68.438333,6.34
7564,19.84275,32.914167,4.23
7565,19.851139,22.61,4.95
7566,19.842778,38.7225,5.12
7567,19.843694,40.599722,5.69
7568,19.846389,37.826389,6.06
7569,19.867639,11.628889,6.13
7570,19.874556,1.005556,3.9
7571,19.885111,-14.603056,6.48
7572,19.871,10.351389,6.54
7573,19.867111,24.992222,5.57
7574,19.872722,18.671944,6.23
7575,19.888528,-3.114444,5.65
7576,19.843806,52.988056,5.03
7577,19.855389,47.377222,6.2
7578,19.904917,-23.941111,6.18
7579,19.978139,-69.163889,5.75
7580,19.889611,4.400556,6.53
7581,19.921028,-41.868333,4.13
7582,19.802889,70.267778,3.83
7583,19.871194,36.432222,6.1
7584,19.902278,-8.574167,5.79
7585,19.918083,-33.046389,6.46
7586,19.949361,-57.925556,6.53
7587,19.951722,-58.901389,5.26
7588,19.981389,-68.762222,6.39
7589,19.866417,47.0275,5.62
7590,20.009861,-72.910556,3.96
7591,19.868667,47.931944,5.91
7592,19.891028,24.079722,4.58
7593,19.910444,-8.227222,5.71
7594,19.910583,-8.237222,6.49
7595,19.904139,8.461389,4.71
7596,19.912444,0.273611,5.61
7597,19.930667,-26.299444,4.7
7598,19.911194,7.140278,6.15
7599,19.922111,-6.734167,6.51
7600,19.883667,47.8075,6.29
7601,19.908639,24.319444,5.52
7602,19.921889,6.406667,3.71
7603,20.006389,-66.949444,5.76
7604,19.949111,-27.17,4.52
7605,19.961472,-38.058333,6.55
7606,19.913417,36.996111,5.76
7607,19.918472,30.195278,6.57
7608,19.888167,57.523611,5.14
7609,19.933694,16.634722,5.36
7610,19.937306,11.423889,5.28
7611,19.893167,59.708889,6.06
7612,20.031222,-66.944167,5.31
7613,19.931028,38.486667,4.94
7614,19.965833,-15.491389,5.02
7615,19.938444,35.083333,3.89
7616,19.950056,20.998056,6.48
7617,19.982333,-30.538056,6.28
7618,19.982556,-26.195556,4.83
7619,19.927167,52.438889,4.92
7620,19.945611,36.250833,6.02
7621,20.007028,-49.351111,6.17
7622,19.962611,16.789167,5.53
7623,19.995611,-35.276389,4.37
7624,19.997583,-34.697778,5.3
7625,20.029083,-59.376111,5.13
7626,19.922806,58.250278,6.09
7627,20.007361,-43.043333,6.14
7628,19.953861,40.368056,5.45
7629,20.004417,-37.702222,5.95
7630,20.013417,-45.113056,5.81
7631,20.005639,-33.703889,5.66
7632,19.945861,50.9025,6.43
7633,19.932056,58.846111,4.96
7634,19.938611,56.686944,6.12
7635,19.979278,19.492222,3.47
7636,19.989639,1.377778,6.17
7637,19.9965,-9.958333,5.88
7638,19.965611,42.260833,6.43
7639,20.024,-40.814167,6.29
7640,19.977222,30.983611,5.49
7641,19.98625,23.101389,5.67
7642,19.976222,38.105556,6.32
7643,20.023306,-22.737222,6.01
7644,20.092444,-67.320833,6.07
7645,20.000917,17.516667,5.37
7646,19.989028,45.772222,5.92
7647,19.998667,37.042778,5.19
7648,20.016361,8.558056,5.91
7649,20.032944,-13.636944,5.71
7650,20.044306,-27.709722,4.58
7651,19.987611,52.055833,6.15
7652,20.059306,-37.940833,4.77
7653,20.018361,27.753611,4.64
7654,19.974639,63.534167,5.96
7655,20.020917,37.098889,6.2
7656,20.029083,24.800278,5.88
7657,20.033722,24.938056,5.22
7658,20.062306,-22.595556,6.45
7659,20.072111,-32.056389,4.99
7660,20.022667,50.104722,5.05
7661,20.067,-7.469722,6.72
7662,20.054556,18.500556,5.96
7663,20.139028,-66.354722,6.45
7664,20.058333,16.031389,5.67
7665,20.145444,-66.181944,3.56
7666,19.978306,70.366944,6.33
7667,20.073111,-0.709444,5.68
7668,20.09225,-33.0,6.53
7669,20.068972,7.278056,5.52
7670,20.060389,29.896667,5.71
7671,20.084833,-11.599444,6.34
7672,20.068389,17.07,5.8
7673,20.123111,-52.880833,4.94
7674,20.126417,-55.016389,6.26
7675,20.090667,-12.665278,6.55
7676,20.024583,64.821111,5.27
7677,20.082944,23.210278,6.45
7678,20.076694,32.218611,5.64
7679,20.085972,19.991111,5.1
7680,20.090694,15.500278,6.34
7681,20.103389,-4.078333,6.47
7682,20.038972,64.634444,6.57
7683,20.086056,38.478333,6.19
7684,20.074667,48.229722,6.16
7685,20.046972,67.873611,4.51
7686,19.9935,76.481389,6.2
7687,20.085194,51.839444,6.14
7688,20.114833,23.614444,5.07
7689,20.106056,35.9725,5.36
7690,20.133833,-0.678333,5.99
7691,20.185333,-57.523889,6.37
7692,20.089306,56.341389,6.21
7693,20.130639,9.399722,6.43
7694,20.142028,-10.062778,6.18
7695,20.079056,63.890556,6.26
7696,20.135139,16.664167,6.42
7697,20.103833,53.165833,5.85
7698,20.415111,-83.310556,6.17
7699,20.128167,34.423056,6.11
7700,20.143972,10.725833,6.31
7701,20.092444,61.995556,5.39
7702,20.119861,50.229167,6.54
7703,20.186639,-36.101111,5.32
7704,20.081472,68.027222,6.28
7705,20.165722,20.915278,6.48
7706,20.206639,-42.780556,6.22
7707,20.240806,-63.415833,6.09
7708,20.157111,36.839722,4.93
7709,20.186139,-8.842222,6.49
7710,20.188417,-0.821389,3.23
7711,20.175972,26.904167,5.52
7712,20.199417,-12.3925,6.34
7713,20.184306,21.134722,6.22
7714,20.238611,-52.445556,5.65
7715,20.207194,-12.6175,5.85
7716,20.189194,21.875556,6.26
7717,20.209778,0.8675,6.27
7718,20.196667,26.808889,5.49
7719,20.200194,26.478889,5.92
7720,20.220528,-1.009444,5.47
7721,20.201056,47.736944,6.92
7722,20.254833,-27.032778,5.73
7723,20.227944,24.238889,6.56
7724,20.237944,15.1975,4.95
7725,20.264056,-30.005278,6.3
7726,20.208833,51.463611,6.01
7727,20.193028,62.078611,5.75
7728,20.27325,-36.454444,6.39
7729,20.274028,-35.197778,6.53
7730,20.221667,46.815833,4.83
7731,20.237361,28.694722,5.18
7732,20.3175,-63.231111,6.27
7733,20.228556,43.379167,6.14
7734,20.234722,36.605278,6.45
7735,20.227194,46.741389,3.79
7736,20.242222,36.806389,4.97
7737,20.239333,42.103611,6.71
7738,20.273,-12.336944,6.32
7739,20.254417,25.591944,4.78
7740,20.223306,56.567778,4.3
7741,20.258389,23.508611,5.15
7742,20.224361,60.640556,5.79
7743,20.256583,33.729444,5.66
7744,20.262806,27.814167,4.52
7745,20.315556,-47.710833,6.31
7746,20.272139,21.598611,6.13
7747,20.294139,-12.508333,4.24
7748,20.300389,-21.81,5.87
7749,20.321639,-47.580278,6.13
7750,20.148139,77.711389,4.39
7751,20.257861,47.714444,3.98
7752,20.267611,38.897778,6.27
7753,20.27975,24.671111,5.32
7754,20.300917,-12.544722,3.57
7755,20.262056,50.232778,6.31
7756,20.266833,45.579444,5.91
7757,20.2745,37.056389,6.48
7758,20.342306,-55.050833,6.27
7759,20.282028,40.365,5.24
7760,20.292083,29.148056,6.22
7761,20.323222,-19.118611,5.28
7762,20.291417,42.721944,6.29
7763,20.296444,38.033056,4.81
7764,20.341139,-29.197222,6.3
7765,20.34775,-35.673611,6.46
7766,20.361389,-49.999444,6.27
7767,20.301944,40.732222,5.84
7768,20.328694,-1.078611,6.06
7769,20.307944,37.0,5.58
7770,20.310861,34.982778,5.17
7771,20.324778,13.216944,6.21
7772,20.340583,-6.361667,6.63
7773,20.344389,-12.759167,4.76
7774,20.333389,13.548056,5.95
7775,20.346278,-14.785,6.1
7776,20.350194,-14.781389,3.08
7777,20.313778,46.322778,6.45
7778,20.339028,14.569167,6.13
7779,20.374306,-42.049722,5.59
7780,20.339278,17.793056,5.8
7781,20.306889,55.397222,5.76
7782,20.330083,37.1325,6.57
7783,20.292028,66.853889,5.93
7784,20.337556,39.403333,6.23
7785,20.554861,-80.965,5.77
7786,20.33225,46.8375,6.5
7787,20.398111,-42.422778,5.64
7788,20.383556,-9.654722,6.3
7789,20.367611,24.446111,5.54
7790,20.427472,-56.735,1.94
7791,20.341778,53.596111,6.18
7792,20.326861,62.2575,5.72
7793,20.381194,14.551389,6.17
7794,20.386306,5.343056,5.31
7795,20.3675,41.131389,6.39
7796,20.370472,40.256667,2.2
7797,20.377056,31.265,6.09
7798,20.368167,45.795,5.58
7799,20.429972,-40.796389,6.09
7800,20.37925,41.026111,5.93
7801,20.424111,-28.663333,5.85
7802,20.382083,42.983333,6.2
7803,20.410417,1.068611,6.15
7804,20.335,68.880278,5.55
7805,20.353167,63.980278,5.69
7806,20.397694,32.19,4.43
7807,20.395667,37.476389,5.9
7808,20.448056,-37.403056,6.25
7809,20.428472,-2.800278,6.11
7810,20.428889,10.056389,6.33
7811,20.427917,21.409722,5.66
7812,20.6385,-81.288889,5.91
7813,20.433667,19.865,6.41
7814,20.455333,-18.211667,5.25
7815,20.409,53.551944,6.51
7816,20.439778,17.315556,6.22
7817,20.479639,-35.595833,6.1
7818,20.418083,59.6,6.44
7819,20.478778,-15.741667,6.41
7820,20.46875,8.4375,6.25
7821,20.473583,-3.357778,6.13
7822,20.481,-17.813611,4.78
7823,20.452139,34.328889,6.39
7824,20.471333,2.936944,6.21
7825,20.492028,-22.391667,6.16
7826,20.459528,38.440278,5.62
7827,20.439861,56.638889,6.36
7828,20.450639,49.383333,5.69
7829,20.497917,-18.586667,6.74
7830,20.498306,-18.583333,5.94
7831,20.494167,-2.885556,4.91
7832,20.515778,-29.1125,6.39
7833,20.489194,20.087778,6.55
7834,20.489917,30.368611,4.01
7835,20.489,36.454722,5.88
7836,20.505,10.895833,6.08
7837,20.517861,-15.056389,6.12
7838,20.597694,-69.611111,6.11
7839,20.516139,20.605833,6.18
7840,20.520278,11.260556,7.11
7841,20.499972,45.928611,6.41
7842,20.547889,-24.943889,6.36
7843,20.490861,56.068056,5.91
7844,20.500972,48.951667,4.95
7845,20.539917,-9.853333,5.65
7846,20.565306,-44.516111,5.11
7847,20.516444,36.935833,6.19
7848,20.593,-60.581667,4.76
7849,20.532833,25.804444,6.34
7850,20.493028,62.994167,4.22
7851,20.521889,49.220278,5.44
7852,20.553556,11.303333,4.03
7853,20.582083,-38.089722,6.44
7854,20.522528,52.309722,6.18
7855,20.569917,-13.721111,6.13
7856,20.579833,-30.473611,6.4
7857,20.564889,10.059722,6.56
7858,20.565833,13.027222,5.38
7859,20.626472,-61.53,4.88
7860,20.529583,56.78,6.14
7861,20.547861,43.191667,6.6
7862,20.569444,20.985278,6.48
7863,20.700806,-76.180556,6.0
7864,20.695472,-75.350556,6.55
7865,20.592278,-16.525833,6.19
7866,20.565056,35.250833,4.61
7867,20.563444,41.772222,6.49
7868,20.500194,72.531667,6.27
7869,20.626111,-47.291389,3.11
7870,20.56525,46.693889,5.78
7871,20.588472,14.674167,4.68
7872,20.664278,-62.907778,6.22
7873,20.612111,-2.55,4.89
7874,20.602306,25.8825,6.41
7875,20.667389,-60.548889,5.12
7876,20.580667,51.854167,6.11
7877,20.631139,-25.108889,6.36
7878,20.62175,0.096944,6.22
7879,20.525111,74.954722,5.2
7880,20.617972,26.461944,5.59
7881,20.699194,-66.760833,5.15
7882,20.625833,14.595278,3.63
7883,20.630306,11.377778,5.43
7884,20.638972,-1.105278,4.32
7885,20.6255,31.5725,6.32
7886,20.631833,18.269167,6.25
7887,20.625722,31.521944,6.49
7888,20.623222,38.328611,6.2
7889,20.654556,-14.954722,5.22
7890,20.653667,-2.412778,6.22
7891,20.642028,21.201111,4.82
7892,20.645528,13.315,5.72
7893,20.672167,-33.431944,5.47
7894,20.642194,24.116111,5.04
7895,20.643083,23.680556,5.91
7896,20.652167,10.086111,5.05
7897,20.656917,0.486389,5.16
7898,20.669917,-23.773889,6.37
7899,20.651389,15.838056,5.97
7900,20.6675,-18.138611,5.1
7901,20.470722,81.422778,5.46
7902,20.676667,-26.645,6.51
7903,20.652944,21.817222,6.08
7904,20.649861,30.334444,5.68
7905,20.675694,-16.124167,5.8
7906,20.660639,15.911944,3.77
7907,20.664389,11.249722,6.42
7908,20.490972,81.091389,5.96
7909,20.689917,-31.598333,5.76
7910,20.690028,-26.0,6.28
7911,20.65925,40.579444,6.06
7912,20.656417,45.666944,6.58
7913,20.749306,-66.203056,3.42
7914,20.679222,19.935278,6.45
7915,20.714722,-39.558611,6.29
7916,20.650056,56.005,6.48
7917,20.676722,29.805278,6.08
7918,20.687833,14.583056,5.99
7919,20.667528,43.458611,5.95
7920,20.733972,-51.921111,4.51
7921,20.684056,32.307222,5.51
7922,20.683444,39.082222,6.51
7923,20.6995,17.521389,6.22
7924,20.690528,45.280278,1.25
7925,20.671639,60.505278,6.01
7926,20.699028,41.716944,5.67
7927,20.706167,35.456111,6.66
7928,20.724306,15.074444,4.43
7929,20.7035,50.34,5.39
7930,20.484194,83.625556,6.19
7931,20.753667,-27.247222,6.5
7932,20.723389,35.587778,6.47
7933,20.77225,-39.199167,5.5
7934,20.821694,-68.776389,5.41
7935,20.771833,-36.120278,6.49
7936,20.76825,-25.270833,4.14
7937,20.769444,-21.514167,5.93
7938,20.711028,60.601389,6.15
7939,20.747917,25.270556,4.91
7940,20.720417,57.114167,6.32
7941,20.757833,18.090278,6.38
7942,20.761028,30.719722,4.22
7943,20.808111,-43.988611,5.11
7944,20.739444,56.488056,5.78
7945,20.719722,66.6575,5.58
7946,20.784333,-2.486667,6.27
7947,20.777417,16.124444,5.14
7948,20.777639,16.124167,4.27
7949,20.770194,33.970278,2.46
7950,20.794611,-9.495833,3.77
7951,20.795611,-5.027778,4.42
7952,20.824722,-46.226944,4.89
7953,20.79675,6.008333,5.58
7954,20.796611,3.306667,6.4
7955,20.755861,57.579722,4.51
7956,20.786333,34.374167,4.92
7957,20.754833,61.838889,3.43
7958,20.777361,46.531667,6.3
7959,20.860639,-62.429167,6.28
7960,20.860778,-62.429167,6.59
7961,20.821556,-25.781389,5.86
7962,20.772556,52.995278,6.33
7963,20.790139,36.490833,4.53
7964,20.822361,-18.035833,6.21
7965,20.832806,-33.779722,4.9
7966,20.789111,45.579722,6.4
7967,20.742528,69.751944,6.41
7968,20.858361,-51.608333,5.05
7969,20.797028,47.831944,5.57
7970,20.846417,-32.054444,6.36
7971,20.850194,-37.913333,5.52
7972,20.798,52.407222,6.27
7973,20.827167,12.545278,5.98
7974,20.830083,7.864167,6.33
7975,20.833083,5.544722,6.21
7976,20.844944,-12.545,5.88
7977,20.815639,46.114167,4.84
7978,20.811861,51.910556,6.29
7979,20.866333,-33.177222,6.04
7980,20.863694,-26.919167,4.11
7981,20.843611,18.051389,6.52
7982,20.857139,-5.626389,5.99
7983,20.831861,46.661111,6.33
7984,20.834694,44.059444,5.04
7985,20.869083,-5.506944,5.55
7986,20.9135,-58.454167,3.65
7987,20.8945,-39.81,5.35
7988,20.857833,28.250556,5.77
7989,20.883667,-23.783056,6.33
7990,20.877556,-8.983333,4.73
7991,20.890278,-30.718611,6.35
7992,20.909722,-50.727778,6.24
7993,20.8215,64.042222,6.45
7994,20.884889,-11.573611,6.38
7995,20.868806,27.096944,4.59
7996,20.86675,32.849167,6.44
7997,20.901889,-27.925556,6.41
7998,20.899556,-6.889722,6.44
7999,20.885389,29.649444,6.34
8000,20.913306,-17.923056,5.78
8001,20.887444,44.387222,4.78
8002,20.709778,82.531111,5.75
8003,20.8885,45.181944,5.45
8004,20.890667,42.410278,6.66
8005,20.898306,33.437778,5.47
8006,20.918917,-1.373333,6.55
8007,20.906222,28.521944,6.56
8008,20.909333,28.0575,5.01
8009,20.906194,40.703056,6.7
8010,20.927972,4.532778,6.05
8011,20.926861,13.721389,5.17
8012,20.927389,12.568611,5.58
8013,20.946472,-26.296389,5.7
8014,20.938417,-3.561389,6.57
8015,20.948333,-9.6975,5.51
8016,20.792611,80.552222,5.39
8017,20.952944,0.463611,6.05
8018,20.961278,-16.031667,5.87
8019,21.024472,-68.209722,6.37
8020,20.9305,47.417778,5.67
8021,21.078611,-77.023889,5.15
8022,20.936917,51.075,6.63
8023,20.942972,44.925,5.96
8024,20.978306,-14.482778,6.01
8025,20.940417,50.728611,5.81
8026,20.940528,49.195833,5.9
8027,21.005972,-51.265278,5.76
8028,20.952889,41.167222,3.94
8029,20.938056,56.8875,6.23
8030,20.973861,10.839167,5.48
8031,20.999917,-36.129722,6.11
8032,20.971222,22.325833,5.31
8033,20.993361,-19.035278,6.25
8034,20.984556,4.293611,5.23
8035,20.972083,44.471667,5.55
8036,20.975222,41.940278,6.16
8037,20.997444,16.824167,6.66
8038,21.001083,7.516389,5.99
8039,21.021528,-32.257778,4.67
8040,20.975028,50.462222,5.61
8041,21.009389,-4.730278,6.21
8042,21.036833,-43.001944,6.64
8043,20.912306,75.925556,6.05
8044,21.007694,19.329444,5.65
8045,21.02925,-26.881111,6.05
8046,21.040889,-38.530556,5.94
8047,20.997111,47.521111,4.74
8048,21.049444,-38.631667,5.3
8049,20.990389,59.438611,5.51
8050,21.052833,-27.731944,6.25
8051,21.02025,36.026111,5.97
8052,21.146639,-76.2125,6.58
8053,21.019694,46.155833,5.37
8054,21.049889,-0.924722,6.5
8055,21.087278,-54.727222,5.16
8056,21.050833,1.531944,6.25
8057,21.0505,14.73,6.31
8058,21.067944,-5.823333,7.31
8059,21.067972,-5.823056,5.89
8060,21.073417,-19.855,4.84
8061,21.156194,-73.173056,5.68
8062,21.040028,44.791111,6.19
8063,21.051333,38.6575,6.07
8064,21.046806,45.848889,6.48
8065,21.035861,56.669722,5.83
8066,21.076306,5.502778,5.61
8067,21.07825,2.941944,6.42
8068,21.079278,2.269722,6.33
8069,21.107083,-41.386111,5.53
8070,21.100333,-30.125,5.68
8071,21.064472,41.628056,6.33
8072,21.057222,50.351944,6.37
8073,21.142472,-63.928889,5.76
8074,21.062028,46.861944,6.32
8075,21.099111,-17.232778,4.07
8076,21.106861,-32.341667,5.18
8077,21.09075,5.958333,5.94
8078,21.063222,53.286111,5.9
8079,21.082194,43.927778,3.72
8080,21.118806,-25.005833,4.5
8081,21.189083,-72.544167,6.2
8082,21.106528,26.924444,6.12
8083,21.129056,-17.455278,6.17
8084,21.108417,31.184722,5.82
8085,21.115167,38.745833,5.21
8086,21.115361,38.743333,6.03
8087,21.142667,-21.193611,5.3
8088,21.126,15.658611,6.34
8089,21.110028,47.648333,4.55
8090,21.141167,6.989444,6.15
8091,21.159167,-20.556389,6.25
8092,21.222361,-70.126389,5.02
8093,21.159917,-11.371667,4.51
8094,21.144139,30.205833,5.59
8095,21.166194,2.943333,6.45
8096,21.179694,-9.353889,6.27
8097,21.172361,10.131667,4.69
8098,21.175333,10.048889,6.07
8099,21.106472,71.431944,5.87
8100,21.203778,-40.269444,5.83
8101,21.175556,22.454722,6.68
8102,21.194806,-14.472222,6.48
8103,21.166278,45.5025,6.63
8104,21.217528,-39.425278,5.26
8105,21.184417,36.299167,6.54
8106,21.171,53.563333,5.73
8107,21.175278,47.691944,6.46
8108,21.221917,-36.423889,5.96
8109,21.158028,63.295556,6.54
8110,21.221472,-27.619444,5.42
8111,21.304472,-75.346667,6.63
8112,21.091472,78.126389,5.91
8113,21.158889,68.490278,7.33
8114,21.26275,-53.263056,5.75
8115,21.215611,30.226944,3.2
8116,21.224667,15.9825,6.27
8117,21.254083,-40.506389,6.21
8118,21.237972,-10.605278,6.77
8119,21.196722,59.986389,5.64
8120,21.223972,36.633611,6.05
8121,21.243611,0.092222,6.38
8122,21.251833,-17.345,6.04
8123,21.241361,10.006944,4.49
8124,21.263,-36.210833,6.12
8125,21.300083,-64.681667,6.31
8126,21.236194,29.901111,6.17
8127,21.260528,-20.651667,5.24
8128,21.262472,-15.171389,5.28
8129,21.5345,-84.81,6.45
8130,21.246528,38.045556,3.72
8131,21.263722,5.247778,3.92
8132,21.277667,-1.607778,6.48
8133,21.2285,64.403889,6.39
8134,21.287083,-13.278889,6.4
8135,21.298972,-32.1725,4.71
8136,21.260222,47.973611,6.46
8137,21.29925,-17.985278,5.43
8138,21.274889,42.251389,6.43
8139,21.304361,-17.462222,7.05
8140,21.331111,-53.449722,4.39
8141,21.303083,-4.519444,5.82
8142,21.315111,-28.765556,6.4
8143,21.290278,39.394722,4.23
8144,21.289778,42.683333,6.19
8145,21.335972,-45.022222,6.0
8146,21.298639,34.896944,4.43
8147,21.283889,53.9975,6.13
8148,21.329389,-26.353056,6.56
8149,21.314444,11.203333,5.96
8150,21.287306,55.798056,5.98
8151,21.346,-40.809722,4.82
8152,21.354556,-49.937778,6.38
8153,21.288556,58.611667,6.42
8154,21.307556,43.945833,5.0
8155,21.315361,41.040833,6.15
8156,21.404639,-69.734167,6.41
8157,21.322833,38.2375,5.83
8158,21.337222,22.026389,6.29
8159,21.421694,-71.799444,6.09
8160,21.351194,-4.56,5.87
8161,21.324667,49.510278,5.76
8162,21.309667,62.585556,2.44
8163,21.351333,7.354444,5.82
8164,21.321056,58.623611,5.66
8165,21.351222,23.855833,5.57
8166,21.34725,32.452778,5.68
8167,21.370778,-16.834444,4.28
8168,21.261722,77.012222,5.95
8169,21.356111,32.612778,6.04
8170,21.350389,40.345556,6.4
8171,21.322833,64.871944,5.18
8172,21.383472,-22.668889,5.6
8173,21.368111,19.804444,4.08
8174,21.222639,81.230833,6.15
8175,21.382306,-9.319444,5.99
8176,21.565111,-82.683056,6.38
8177,21.405778,-46.615,6.31
8178,21.381556,6.811111,5.16
8179,21.342639,60.756944,6.11
8180,21.406889,-41.006667,5.77
8181,21.440722,-65.366111,4.22
8182,21.378306,30.309722,6.05
8183,21.402667,-20.851944,5.41
8184,21.402194,-22.746944,6.38
8185,21.366778,49.388889,5.69
8186,21.379694,38.634167,6.63
8187,21.403194,-12.878056,5.49
8188,21.437611,-54.660556,6.12
8189,21.389722,37.406667,6.58
8190,21.399667,24.274167,5.71
8191,21.406833,10.174167,6.35
8192,21.414361,-3.398333,6.36
8193,21.39675,37.351389,6.47
8194,21.402056,25.312222,6.15
8195,21.420306,-9.748611,5.7
8196,21.479139,-69.505278,5.34
8197,21.406417,24.528889,6.32
8198,21.409444,26.174444,5.68
8199,21.421389,-3.556667,5.49
8200,21.439694,-37.829444,5.63
8201,21.555722,-80.039167,6.47
8202,21.450444,-42.547778,5.51
8203,21.430972,0.534444,6.46
8204,21.444444,-22.411389,3.74
8205,21.441139,1.103333,6.13
8206,21.415417,49.323333,6.58
8207,21.454111,-21.196111,5.78
8208,21.422111,46.714444,5.6
8209,21.429722,36.6675,5.94
8210,21.44075,19.375556,6.07
8211,21.483417,-53.705833,6.39
8212,21.470528,-11.568333,6.61
8213,21.478722,-21.807222,4.51
8214,21.484389,-31.238611,6.5
8215,21.455944,37.116667,5.31
8216,21.447667,48.835,5.31
8217,21.461139,27.608611,5.41
8218,21.445833,52.898611,6.03
8219,21.473556,8.195556,6.4
8220,21.468972,32.225278,5.8
8221,21.483306,17.905833,6.44
8222,21.499889,-19.147778,6.57
8223,21.483306,22.179444,5.93
8224,21.457028,59.75,6.1
8225,21.499139,23.638889,4.57
8226,21.481306,55.418611,6.12
8227,21.462806,66.809167,5.44
8228,21.490833,46.540556,5.24
8229,21.534972,-41.179167,5.29
8230,21.537389,-33.944722,5.97
8231,21.519333,12.1375,6.08
8232,21.525972,-5.571111,2.91
8233,21.554917,-52.7375,6.41
8234,21.648944,-79.4425,6.18
8235,21.542583,-24.590556,6.43
8236,21.556528,-44.848611,5.57
8237,21.505667,52.958056,6.02
8238,21.477667,70.560833,3.23
8239,21.413806,80.524722,5.97
8240,21.540861,23.394444,6.7
8241,21.571389,-42.925,6.32
8242,21.524306,52.62,6.16
8243,21.516472,60.459444,5.53
8244,21.581389,-29.696111,6.41
8245,21.580833,-20.084444,5.69
8246,21.549056,49.977778,5.75
8247,21.58775,-23.454167,6.4
8248,21.554972,45.854167,6.25
8249,21.634139,-64.824167,6.2
8250,21.576111,22.754722,6.47
8251,21.588222,-3.983056,5.77
8252,21.566361,45.591944,4.02
8253,21.603056,-26.171389,5.73
8254,21.69125,-77.39,3.76
8255,21.579611,38.534167,4.9
8256,21.613583,-33.048056,6.11
8257,21.588611,28.197222,6.31
8258,21.590833,24.452222,6.11
8259,21.574306,51.698333,6.15
8260,21.618,-19.466111,4.68
8261,21.603861,30.055556,6.36
8262,21.600667,45.374722,5.53
8263,21.626056,-0.390278,6.25
8264,21.629194,-7.854167,4.69
8265,21.628806,6.618333,6.18
8266,21.615833,40.413611,5.01
8267,21.629278,19.318611,5.45
8268,21.651694,-33.679167,6.28
8269,21.666583,-52.359167,6.21
8270,21.642194,5.771667,5.67
8271,21.676,-55.7375,6.33
8272,21.624417,44.696667,6.2
8273,21.657806,-10.576944,6.08
8274,21.645833,25.498889,6.16
8275,21.627417,54.042222,6.15
8276,21.650306,20.265278,5.85
8277,21.65925,2.243611,5.1
8278,21.668194,-16.662222,3.68
8279,21.632,62.081944,4.73
8280,21.848417,-82.719167,5.29
8281,21.649333,57.489167,5.62
8282,21.696139,-25.101944,6.49
8283,21.692472,-14.0475,5.18
8284,21.66975,43.273889,5.11
8285,21.700222,-23.262778,5.24
8286,21.758,-71.008889,6.01
8287,21.702806,1.285278,5.67
8288,21.710972,-18.866389,4.73
8289,21.704306,5.68,5.3
8290,21.678694,54.872222,6.2
8291,21.692861,40.805278,6.11
8292,21.709167,10.824722,6.09
8293,21.720417,-19.620833,6.22
8294,22.757944,-88.818333,6.57
8295,21.717889,-14.399722,5.88
8297,21.700306,35.510278,6.07
8298,21.702333,45.765833,6.17
8299,21.741528,-38.5525,6.3
8300,21.706361,41.077222,5.69
8301,21.701583,51.189722,4.67
8302,21.733611,-14.749444,5.99
8303,21.755278,-49.498611,6.45
8304,21.710806,49.600278,6.09
8305,21.749111,-33.025833,4.34
8306,21.718444,41.155,5.49
8307,21.723806,38.283889,5.65
8308,21.736444,9.875,2.39
8309,21.735722,28.742778,4.73
8310,21.735639,28.743056,6.08
8311,21.750083,-9.0825,5.09
8312,21.712611,59.271111,6.08
8313,21.741861,17.35,4.34
8314,21.742028,14.771944,5.94
8315,21.744083,25.645,4.13
8316,21.725111,58.78,4.08
8317,21.698694,71.311389,4.56
8318,21.771194,-9.275833,6.0
8319,21.775583,-11.365833,5.58
8320,21.762361,35.857222,6.4
8321,21.767889,22.948889,5.29
8322,21.784,-16.127222,2.87
8323,21.804389,-47.303611,5.58
8324,21.717778,72.320278,5.17
8325,21.773333,25.563333,6.28
8326,21.795611,-30.898333,5.01
8327,21.748139,62.460556,5.95
8328,21.787222,2.686111,5.64
8329,21.771278,43.060833,6.54
8330,21.784639,17.194167,6.21
8331,21.833361,-64.7125,5.62
8332,21.793917,-5.917222,6.17
8333,21.846417,-69.629444,5.53
8334,21.757472,61.120833,4.29
8335,21.779889,49.309444,4.23
8336,21.802306,36.580556,6.47
8337,21.828083,-12.723056,6.31
8338,21.808167,38.648611,6.12
8339,21.790361,60.692778,5.52
8340,21.836972,-16.844722,6.38
8341,21.824139,20.4625,6.29
8342,21.783611,70.150833,6.29
8343,21.83075,30.174167,5.04
8344,21.83575,17.285556,5.29
8345,21.827806,41.148889,6.48
8346,21.861611,-18.623056,6.16
8347,21.821944,61.272778,6.17
8348,21.8595,19.826667,5.77
8349,21.851361,39.536667,6.17
8350,21.871722,21.273056,6.89
8351,21.888278,-13.551667,5.08
8352,21.919861,-61.886389,5.9
8353,21.898806,-37.365,3.01
8354,21.874972,28.793333,5.53
8355,21.893333,-10.311667,6.59
8356,21.884389,25.925,5.08
8357,21.866944,55.796944,5.71
8358,21.893722,19.668333,5.68
8359,21.899389,6.864444,6.15
8360,21.902889,-4.276111,5.71
8361,21.860361,65.752778,6.37
8362,21.937222,-57.899444,6.19
8363,21.909972,-3.301111,6.2
8364,21.904833,19.718333,6.39
8365,21.932111,-30.606389,6.41
8366,21.939667,-37.253611,5.46
8367,21.950611,-37.746944,6.18
8368,21.965306,-54.9925,4.4
8369,21.975028,-59.012222,6.12
8370,22.031139,-77.6625,6.41
8371,21.914778,56.611389,5.8
8372,21.94,21.239722,6.4
8373,21.949,12.076389,5.54
8374,21.922417,61.541944,6.13
8375,21.925306,65.320833,5.86
8376,21.970361,-5.424722,6.33
8377,21.950611,48.668611,6.42
8378,21.978833,-21.182778,6.12
8379,21.988306,-38.395278,5.5
8380,22.051056,-76.118611,5.95
8381,22.006694,-55.882778,6.01
8382,21.981944,-4.373056,6.22
8383,21.944194,63.625556,4.91
8384,21.953083,66.156111,6.43
8385,22.002194,6.7175,6.0
8386,22.013944,-28.453611,5.42
8387,22.056,-56.786111,4.69
8388,21.9815,62.698333,5.93
8389,21.989722,57.658333,6.59
8390,22.018056,0.605,5.58
8391,22.007444,33.006111,6.46
8392,22.018167,13.119722,5.6
8393,22.019222,8.257222,5.65
8394,22.036639,-17.903611,6.28
8395,21.964167,74.996667,6.35
8396,22.040722,-16.964167,6.37
8397,22.033722,10.973889,6.37
8398,22.054778,-29.904167,7.1
8399,22.010917,62.488056,6.66
8400,21.9875,73.18,5.03
8401,22.054556,-6.5225,5.54
8402,22.05525,-2.155278,4.69
8403,22.030722,52.882222,5.78
8404,22.055278,11.386389,5.8
8405,22.073306,-29.916667,6.47
8406,22.034611,58.000556,5.56
8407,22.049083,44.65,5.6
8408,22.076889,-26.8225,5.96
8409,22.097472,-59.636111,5.62
8410,22.079833,-0.906667,5.3
8411,22.101917,-39.543333,4.46
8412,22.076222,32.941944,6.38
8413,22.094667,5.058611,4.84
8414,22.096389,-0.319722,2.96
8415,22.0865,26.673889,5.78
8416,22.064694,63.119722,5.29
8417,22.063167,64.627778,4.29
8418,22.107278,-13.869722,4.27
8419,22.092972,28.963889,5.7
8420,22.178472,-75.880556,6.55
8421,22.087889,46.744722,6.13
8422,22.097389,45.112222,6.44
8423,21.970194,82.869722,6.98
8424,22.100556,45.014444,5.14
8425,22.137222,-46.961111,1.74
8426,22.083472,62.785556,5.27
8427,22.097556,48.231667,6.27
8428,22.085806,62.28,5.11
8429,22.103444,45.248611,6.19
8430,22.116861,25.345,3.76
8431,22.139722,-32.988611,4.5
8432,22.198694,-76.116111,6.15
8433,22.140556,-34.043889,4.99
8434,22.10375,56.343056,6.39
8435,22.124611,19.475556,5.75
8436,22.125,18.000556,6.35
8437,22.145194,-33.125556,6.37
8438,22.130639,21.702778,5.78
8439,22.149722,-18.519722,5.81
8440,22.166111,-48.107222,6.43
8441,22.138111,25.543611,6.11
8442,22.119333,58.840833,6.32
8443,22.12375,53.307222,6.14
8444,22.165472,-34.014722,5.37
8445,22.137917,49.796389,6.42
8446,22.166694,-28.2925,6.44
8447,22.169111,-32.548333,4.92
8448,22.144722,45.741944,6.11
8449,22.153778,33.172222,5.58
8450,22.17,6.197778,3.53
8451,22.172528,-3.894167,6.27
8452,22.177083,-11.565,5.46
8453,22.176056,-4.267222,6.01
8454,22.166444,33.178333,4.29
8455,22.171944,19.616944,6.18
8456,22.172833,14.63,6.33
8457,22.184,-21.2325,6.09
8458,22.177056,11.624444,5.78
8459,22.175056,20.978056,6.46
8460,22.181,30.553056,6.32
8461,22.197583,16.040556,5.95
8462,22.207167,-14.193889,6.03
8463,22.186083,50.823333,5.4
8464,22.215972,-26.327778,6.17
8465,22.180917,58.201111,3.35
8466,22.202222,24.95,5.92
8467,22.212167,-4.720833,6.39
8468,22.163444,72.341111,4.79
8469,22.191861,59.414444,5.04
8470,22.229,-25.180833,5.58
8471,22.297361,-77.511667,5.51
8472,22.196889,56.839444,5.24
8473,22.170917,72.111111,6.37
8474,22.177472,70.132778,5.5
8475,22.213278,34.604722,5.33
8476,22.199139,59.084722,6.3
8477,22.244056,-41.381667,6.23
8478,22.238556,-27.766944,5.43
8479,22.200528,60.759444,5.35
8480,22.238333,-21.074167,5.32
8481,22.33375,-80.439722,5.1
8482,22.227389,28.608333,5.89
8483,22.206194,63.291389,5.79
8484,22.25975,-44.451944,6.1
8485,22.231306,39.715,4.49
8486,22.26025,-41.346667,4.79
8487,22.230361,45.440833,5.53
8488,22.274056,-41.6275,5.1
8489,22.245667,42.953889,5.71
8490,22.230417,63.1625,6.11
8491,22.266611,8.549444,6.21
8492,22.277056,-25.898333,6.15
8493,22.214694,73.307222,6.08
8494,22.250556,57.043611,4.19
8495,22.276,-1.596389,6.15
8496,22.280028,-12.831389,5.34
8497,22.283278,-23.14,6.17
8498,22.266167,37.748889,4.13
8499,22.280556,-7.783333,4.16
8500,22.281278,-9.04,5.79
8501,22.304333,-53.627778,5.37
8502,22.308361,-60.259722,2.86
8503,22.274917,27.804167,6.37
8504,22.285139,-5.387222,5.75
8505,22.527056,-85.967222,5.77
8506,22.274028,57.220278,5.88
8507,22.301194,-0.237778,6.39
8508,22.316889,-13.305,5.95
8509,22.343389,-57.51,6.34
8510,22.315611,37.769444,6.17
8511,22.303528,62.804444,5.75
8512,22.336639,-7.821111,5.37
8513,22.341,5.789444,5.37
8514,22.348833,8.186667,6.17
8515,22.410222,-72.255556,5.29
8516,22.359889,-21.598333,5.13
8517,22.350028,26.935278,6.47
8518,22.360944,-1.387222,3.84
8519,22.344333,50.980833,6.42
8520,22.358639,12.205278,5.01
8521,22.378861,-45.947778,6.62
8522,22.355361,28.330556,4.81
8523,22.350444,46.536667,4.57
8524,22.385556,-45.928611,5.62
8525,22.305667,76.488056,6.66
8526,22.430833,-75.015556,6.04
8527,22.419583,-70.431667,5.78
8528,22.364139,42.078333,6.41
8529,22.391917,-24.7625,5.53
8530,22.39225,-7.194444,5.93
8531,22.415667,-57.797222,5.32
8532,22.394333,20.848333,6.04
8533,22.401917,-4.836944,5.78
8534,22.407528,-13.529444,5.76
8535,22.383389,57.284444,6.16
8536,22.398389,38.573611,6.22
8537,22.383389,62.42,6.04
8538,22.392667,52.229167,4.43
8539,22.421278,1.3775,4.66
8540,22.455556,-64.966389,4.48
8541,22.408611,49.476389,4.57
8542,22.436306,-23.6825,6.29
8543,22.427972,18.444444,6.26
8544,22.442833,-16.741389,6.57
8545,22.442889,-16.7425,6.35
8546,22.219611,86.108056,5.27
8547,22.477139,-67.489167,5.55
8548,22.443722,4.393611,5.75
8549,22.446028,37.443889,6.46
8550,22.394806,78.243333,6.76
8551,22.464306,4.695556,4.79
8552,22.477556,-39.131944,5.47
8553,22.457361,39.809722,6.14
8554,22.449778,56.433333,6.57
8555,22.462833,31.840278,5.98
8556,22.487833,-43.495556,3.97
8557,22.433556,70.770833,5.47
8558,22.480472,-0.020278,4.59
8559,22.480583,-0.02,4.42
8560,22.495972,-43.749444,4.11
8561,22.451472,65.132222,5.46
8562,22.485556,9.128889,5.58
8563,22.496111,-27.107222,5.95
8564,22.486167,26.763056,5.79
8565,22.500417,-12.915,6.4
8566,22.499444,4.431667,5.48
8567,22.504833,-14.585833,6.37
8568,22.472139,64.085556,6.29
8569,22.495528,35.725556,6.56
8570,22.514917,-26.073611,6.43
8571,22.486194,58.415278,3.75
8572,22.492167,47.706944,4.36
8573,22.510778,-10.678056,4.82
8574,22.5005,32.5725,5.65
8575,22.501806,49.356111,6.4
8576,22.525083,-32.346111,4.29
8577,22.590667,-78.771667,6.15
8578,22.445139,78.785833,5.83
8579,22.508139,43.123333,4.51
8580,22.521778,-2.911111,6.16
8581,22.521778,-6.555,6.14
8582,22.550028,-61.982222,4.81
8583,22.528139,-10.905556,6.38
8584,22.526167,29.542778,6.35
8585,22.521528,50.2825,3.77
8586,22.543194,20.23,6.42
8587,22.546361,15.863333,6.32
8588,22.540667,39.779722,5.88
8589,22.538556,54.0375,6.35
8590,22.567472,-1.574167,5.89
8591,22.498028,78.824167,5.5
8592,22.578222,-20.708333,5.2
8593,22.598028,-57.883611,6.23
8594,22.561278,56.625,5.71
8595,22.550806,69.913611,6.6
8596,22.593472,-23.991111,5.97
8597,22.589278,-0.1175,4.02
8598,22.554722,70.373889,6.34
8599,22.537833,76.226389,5.68
8600,22.608139,-40.582778,6.28
8601,22.609833,-31.663889,5.82
8602,22.616333,-40.591111,5.86
8603,22.597861,39.634167,5.73
8604,22.602194,35.577222,6.1
8605,22.610111,11.696944,6.4
8606,22.598167,50.071111,6.29
8607,22.597722,56.07,6.38
8608,22.617972,12.577222,6.3
8609,22.613528,35.6525,6.3
8610,22.629278,-4.228056,5.03
8611,22.652333,-52.692222,6.65
8612,22.6395,-7.897778,6.23
8613,22.622889,51.545278,4.63
8614,22.64575,-28.747778,6.47
8615,22.596139,73.643056,5.08
8616,22.647639,-33.081389,5.66
8617,22.638194,45.183056,6.4
8618,22.647944,19.522222,5.82
8619,22.662222,-28.325278,6.31
8620,22.68025,-57.422222,5.97
8621,22.643861,56.795833,5.21
8622,22.654361,39.050278,4.88
8623,22.672861,-30.658889,5.87
8624,22.663056,19.681111,6.21
8625,22.620278,75.371667,5.79
8626,22.659528,37.592778,6.03
8627,22.644167,63.584444,5.19
8628,22.677611,-27.043611,4.17
8629,22.68,-3.554167,6.31
8630,22.767583,-81.381667,4.15
8631,22.681306,14.549444,5.71
8632,22.67525,44.276389,4.46
8633,22.671778,53.846111,5.93
8634,22.691028,10.831389,3.4
8635,22.71025,-47.210556,5.98
8636,22.711139,-46.884722,2.1
8637,22.706139,-29.360833,6.17
8638,22.692056,30.965833,6.34
8639,22.711972,-44.247778,6.07
8640,22.691278,40.225556,5.25
8641,22.695944,29.3075,4.79
8642,22.699278,14.516389,5.9
8643,22.693361,41.549444,5.94
8644,22.725,-41.414444,4.85
8645,22.717639,-8.311667,6.45
8646,22.737917,-60.499444,6.3
8647,22.720639,-6.962778,6.41
8648,22.705778,53.908889,6.12
8649,22.726472,-18.830278,4.69
8650,22.716694,30.221389,2.94
8651,22.715417,37.802778,6.43
8652,22.717917,47.168611,6.39
8653,22.728528,10.939167,6.51
8654,22.734778,39.465556,5.95
8655,22.760528,-53.500278,4.85
8656,22.734861,41.819167,5.08
8657,22.761306,-46.5475,5.51
8658,22.768889,-48.978889,6.62
8659,22.774528,-49.685833,6.48
8660,22.757833,19.366667,6.25
8661,22.747,52.517222,6.55
8662,22.778806,-46.939444,6.56
8663,22.839694,-80.124167,5.35
8664,22.828028,-77.050556,6.73
8665,22.778222,12.172778,4.19
8666,22.7695,44.546111,5.76
8667,22.775528,23.565556,3.95
8668,22.788639,-34.161111,6.28
8669,22.805944,-61.684167,6.37
8670,22.792528,-19.613333,5.26
8671,22.796417,-38.221944,6.71
8672,22.8215,-70.347778,6.34
8673,22.795222,-14.056389,5.66
8674,22.798944,-25.911944,6.3
8675,22.80925,-51.316944,3.49
8676,22.808389,-10.555556,6.19
8677,22.789778,58.482778,6.36
8678,22.803028,37.416667,5.9
8679,22.826528,-13.5925,4.01
8680,22.833083,-32.805278,6.33
8681,22.825639,10.478889,6.54
8682,22.813278,54.415,6.12
8683,22.812278,62.938333,6.06
8684,22.833389,24.601667,3.48
8685,22.850611,-39.156944,5.42
8686,22.862472,-59.881389,6.46
8687,22.816861,68.570278,6.19
8688,22.8295,55.902778,5.43
8689,22.869417,-63.188611,6.12
8690,22.839389,41.953611,5.92
8691,22.844194,19.140833,6.4
8692,22.836167,50.676944,6.21
8693,22.855806,-29.536111,5.97
8694,22.828,66.200556,3.52
8695,22.875444,-32.875556,4.46
8696,22.856333,61.696944,5.6
8697,22.873361,9.835556,5.16
8698,22.876917,-7.579722,3.74
8699,22.867222,43.3125,4.94
8700,22.893861,-48.598056,6.04
8701,22.910944,-70.073611,6.05
8702,22.791389,83.153889,4.74
8703,22.883972,16.841111,5.64
8704,22.891306,-11.616667,5.8
8705,22.881194,50.411944,6.46
8706,22.886472,40.167222,6.34
8707,22.884389,60.101111,6.01
8708,22.894472,44.749167,5.81
8709,22.910833,-15.820833,3.27
8710,22.909472,-7.204722,6.19
8711,22.912639,-16.271944,5.56
8712,22.901944,40.376944,5.81
8713,22.920806,-36.388611,6.4
8714,22.909917,16.941667,6.12
8715,22.916528,1.064722,6.11
8716,22.919722,-4.987778,5.72
8717,22.920472,8.815833,4.9
8718,22.917389,37.076944,5.91
8719,22.930944,-31.633056,6.1
8720,22.932472,-32.539722,4.21
8721,22.94,-31.565556,6.48
8722,22.946611,-47.969167,5.7
8723,22.929028,36.351667,5.74
8724,22.947639,11.848333,6.51
8725,22.939889,41.603889,5.59
8726,22.940556,49.733611,4.95
8727,22.954778,-4.81,6.31
8728,22.960861,-29.622222,1.16
8729,22.95775,20.768889,5.49
8730,22.959111,3.810278,6.28
8731,22.95125,48.684167,5.43
8732,22.976389,-35.523056,6.13
8733,22.961306,39.308889,6.18
8734,22.970972,-2.395278,6.16
8735,22.97325,-1.410278,6.37
8736,22.850611,85.373611,5.9
8737,22.976417,9.356944,6.43
8738,22.9785,7.339722,6.33
8739,22.986611,11.728889,5.75
8740,22.993278,-29.462222,5.51
8741,22.99325,-13.070833,6.07
8742,22.990944,0.962778,5.43
8743,23.001611,-25.164167,5.65
8744,22.986194,52.654444,6.29
8745,22.985833,59.814722,6.43
8746,23.006833,-25.626667,6.29
8747,23.014667,-52.754167,4.12
8748,22.906889,84.346111,4.71
8749,23.01875,-50.95,5.68
8750,23.010528,0.185833,6.21
8751,23.011917,3.011667,5.83
8752,23.001417,56.945278,5.0
8753,23.011806,31.083056,6.6
8754,23.022056,-28.853611,5.55
8755,23.009556,45.375,6.5
8756,23.023056,-22.790833,6.28
8757,23.023222,-7.061111,6.21
8758,23.015194,38.708056,6.54
8759,23.025472,-4.711389,5.94
8760,23.042778,-36.420833,6.47
8761,23.025194,57.105556,6.2
8762,23.032028,42.326111,3.62
8763,23.042389,-6.574167,6.15
8764,23.045639,-20.870556,5.97
8765,23.042528,31.780556,6.57
8766,23.043417,42.757778,5.1
8767,23.058278,-34.749444,5.11
8768,23.045889,44.058889,6.39
8769,23.081167,-68.820278,5.52
8770,23.0455,55.236389,6.5
8771,23.066528,-41.478333,5.79
8772,23.065917,-4.795278,6.68
8773,23.064611,3.82,4.53
8774,23.077667,-53.965,5.37
8775,23.062917,28.082778,2.42
8776,23.066944,6.616667,6.41
8777,23.056583,60.445278,6.74
8778,23.056,58.564722,6.43
8779,23.059139,67.209167,5.24
8780,23.069722,50.052222,4.65
8781,23.079361,15.205278,2.49
8782,23.086056,-7.693611,5.43
8783,23.086889,-17.079167,6.14
8784,23.085083,16.563056,6.44
8785,23.088222,1.306944,6.39
8786,23.139917,-79.480833,6.12
8787,23.114667,-43.520556,4.28
8788,23.105056,18.5175,6.13
8789,23.111361,-23.743056,4.47
8790,23.114889,-38.892222,5.61
8791,23.119306,-49.606667,6.33
8792,23.108861,19.910833,6.3
8793,23.12075,-50.686389,5.83
8794,23.14325,-73.586389,6.15
8795,23.11675,9.409444,4.52
8796,23.118556,25.468333,4.76
8797,23.11025,59.419722,4.85
8798,23.124361,32.825833,6.02
8799,23.124639,21.134167,5.99
8800,23.121694,46.068056,6.66
8801,23.119472,52.816389,6.11
8802,23.139167,-28.823333,5.6
8803,23.119556,59.7275,6.4
8804,23.127583,46.387222,5.33
8805,23.129278,49.295833,5.7
8806,23.13675,44.561667,6.56
8807,23.144694,2.127778,5.4
8808,23.129917,63.633333,6.26
8809,23.169917,-66.8575,6.47
8810,23.203333,-80.912778,6.41
8811,23.132556,64.2225,6.21
8812,23.157444,-21.1725,3.66
8813,23.162389,-28.088611,5.87
8814,23.165917,-42.860556,5.81
8815,23.15875,8.677222,5.12
8816,23.163778,-14.510556,6.42
8817,23.165222,-22.4575,4.69
8818,23.169389,-40.591667,5.83
8819,23.131639,75.3875,4.41
8820,23.172667,-45.246667,3.9
8821,23.167083,9.821944,5.39
8822,23.16225,59.333056,5.7
8823,23.179611,-29.525,6.51
8824,23.1785,17.594444,5.71
8825,23.174222,43.544167,5.94
8826,23.195611,8.72,5.16
8827,23.197,26.847222,6.17
8828,23.220833,-49.618889,6.8
8829,23.235167,-62.7,6.12
8830,23.209167,49.406389,4.52
8831,23.217778,29.441667,6.35
8832,23.221389,57.168333,5.56
8833,23.224028,11.065,5.82
8834,23.238722,-6.048889,4.22
8835,23.249611,-41.105556,5.77
8836,23.2445,-10.688611,6.12
8837,23.237306,50.617778,6.31
8838,23.239361,29.771667,6.41
8839,23.243472,24.103056,6.36
8840,23.259528,-3.496389,5.55
8841,23.264861,-9.087778,4.21
8842,23.262861,28.247778,6.49
8843,23.282694,-62.001111,5.66
8844,23.243694,74.231111,5.84
8845,23.266083,24.771111,6.6
8846,23.277694,-44.489167,5.92
8847,23.2805,-41.194444,6.47
8848,23.2905,-58.235833,3.99
8849,23.318917,-79.472778,6.33
8850,23.280806,-7.726667,5.06
8851,23.2605,70.888056,5.56
8852,23.286083,3.282222,3.69
8853,23.278417,53.213611,5.54
8854,23.274111,61.963056,6.53
8855,23.305556,-67.471111,6.13
8856,23.294444,-11.713056,6.34
8857,23.287944,45.164167,6.43
8858,23.298389,-9.1825,4.39
8859,23.30275,-40.824444,5.53
8860,23.29575,49.015278,4.85
8861,23.298917,45.488889,6.48
8862,23.467694,-87.482222,5.49
8863,23.313722,-32.531944,4.41
8864,23.3065,41.773611,6.02
8865,23.316028,-9.610833,4.98
8866,23.318528,-13.458889,5.08
8867,23.288583,75.299167,6.38
8868,23.323333,-5.124444,5.55
8869,23.323361,-18.075278,5.93
8870,23.317333,45.137222,6.5
8871,23.328667,-33.708056,6.37
8872,23.310417,68.111667,4.75
8873,23.324278,34.793333,6.32
8874,23.324944,48.625278,5.44
8875,23.328222,48.380833,6.32
8876,23.331222,42.078056,5.79
8877,23.347222,-50.306667,6.05
8878,23.339056,5.381389,5.05
8879,23.344694,-5.908056,6.17
8880,23.343944,23.740278,4.6
8881,23.337306,61.97,6.45
8882,23.347111,30.415,5.59
8883,23.354306,-26.986667,5.64
8884,23.345556,44.116389,6.13
8885,23.348139,38.182222,5.77
8886,23.342944,62.213056,6.39
8887,23.36525,31.8125,5.32
8888,23.366167,26.608889,6.62
8889,23.382472,-60.055833,6.09
8890,23.377556,-15.039167,5.2
8891,23.377917,20.828611,6.29
8892,23.382833,-20.100556,3.97
8893,23.384611,12.313889,5.08
8894,23.375694,60.133611,5.56
8895,23.398417,-53.808333,6.15
8896,23.395944,-43.124444,6.1
8897,23.392194,0.291389,6.31
8898,23.403639,-51.891389,5.75
8899,23.396528,32.531389,6.69
8900,23.402167,-18.6875,6.19
8901,23.422056,-56.849167,5.59
8902,23.409722,41.112778,6.72
8903,23.414111,32.385,5.57
8904,23.413972,62.282778,4.98
8905,23.423,23.404167,4.4
8906,23.434111,-20.641944,4.39
8907,23.4435,-52.721667,5.52
8908,23.452,-66.581111,6.45
8909,23.454167,-58.476111,5.63
8910,23.452528,-50.157222,6.2
8911,23.448889,1.255556,4.94
8912,23.454111,1.1225,6.25
8913,23.452056,42.911944,5.75
8914,23.466861,-35.544444,6.32
8915,23.461222,25.167222,5.98
8916,23.466139,6.378889,4.28
8917,23.468111,-11.449722,6.37
8918,23.454611,70.359722,5.6
8919,23.483611,-63.110833,5.68
8920,23.483556,-44.497778,6.43
8921,23.4835,-9.266111,6.18
8922,23.484889,23.047778,6.35
8923,23.485917,12.760556,4.55
8924,23.49225,-4.532778,6.25
8925,23.502056,49.133056,6.17
8926,23.500556,58.548889,4.91
8927,23.511028,38.661944,6.05
8928,23.516972,-6.288333,6.39
8929,23.524167,-44.843611,6.02
8930,23.5215,39.236389,5.22
8931,23.525417,-4.087222,6.49
8932,23.528361,-21.369444,6.29
8933,23.528639,28.403611,6.41
8934,23.532667,-1.085833,6.38
8935,23.555417,-77.385278,5.81
8936,23.540167,34.9525,6.65
8937,23.549528,-37.818333,4.37
8938,23.450222,87.3075,5.58
8939,23.554611,-20.914444,4.71
8940,23.557806,22.498889,5.32
8941,23.561861,45.058056,6.24
8942,23.565417,20.840833,6.06
8943,23.565889,31.325278,4.98
8944,23.569167,-1.2475,5.87
8945,23.586861,-64.689444,7.4
8946,23.580389,-15.245833,5.96
8947,23.577083,40.236389,5.59
8948,23.577278,33.497222,5.63
8949,23.584611,-42.615,4.71
8950,23.579639,38.023889,6.18
8951,23.59225,-7.464444,6.39
8952,23.583056,71.642222,5.84
8953,23.598861,24.561111,6.45
8954,23.606472,2.102222,5.68
8955,23.608472,32.904167,6.35
8956,23.618167,-31.870833,6.52
8957,23.640028,-76.87,6.0
8958,23.627667,-13.060278,5.65
8959,23.630833,-45.4925,4.74
8960,23.627722,16.825556,6.26
8961,23.626083,46.458056,3.82
8962,23.625556,44.429167,5.8
8963,23.632444,18.400556,5.53
8964,23.632944,46.199722,6.58
8965,23.635611,43.268056,4.29
8966,23.657778,-46.637778,6.09
8967,23.652306,50.471667,5.3
8968,23.663083,-14.221667,5.0
8969,23.665833,5.626389,4.13
8970,23.665306,9.677222,5.97
8971,23.652889,75.292778,5.95
8972,23.655861,74.002778,5.98
8973,23.667444,37.6525,6.53
8974,23.655778,77.6325,3.21
8975,23.677278,-32.073056,5.31
8976,23.673472,44.333889,4.14
8977,23.677944,36.720833,6.23
8978,23.685278,-24.160278,6.6
8979,23.685806,-11.680556,5.89
8980,23.692917,-18.027222,5.34
8981,23.690806,49.512222,6.26
8982,23.696056,-17.816389,4.82
8983,23.699083,7.250556,5.89
8984,23.700778,1.78,4.5
8985,23.698472,57.26,6.24
8986,23.704111,44.991944,6.57
8987,23.70775,-15.447778,5.28
8988,23.712028,-14.545,4.49
8989,23.705778,64.515556,6.56
8990,23.70875,61.679444,6.4
8991,23.722889,10.331389,5.06
8992,23.730417,-15.284444,6.36
8993,23.733722,-45.083333,6.09
8994,23.740389,-70.490278,6.07
8995,23.744639,-78.791389,5.75
8996,23.736667,-64.404444,5.72
8997,23.733194,29.361667,4.93
8998,23.736694,-18.276944,5.24
8999,23.741361,-26.246389,6.17
9000,23.74675,55.799722,6.51
9001,23.767,-40.1825,6.31
9002,23.766917,-18.678056,5.29
9003,23.76725,46.420278,4.95
9004,23.773194,3.486667,5.04
9005,23.776861,66.782222,5.95
9006,23.787778,-50.226667,5.18
9007,23.789806,-68.394167,6.89
9008,23.784306,58.651944,4.87
9009,23.78775,-11.910833,5.73
9010,23.783861,57.451389,5.51
9011,23.792556,46.8325,6.07
9012,23.799028,-2.761667,5.49
9013,23.798556,67.806944,5.04
9014,23.809028,-6.380556,6.07
9015,23.813694,2.214167,6.46
9016,23.815444,-28.130278,4.57
9017,23.810833,64.876389,6.41
9018,23.813944,62.214444,5.43
9019,23.814972,59.978889,6.34
9020,23.82,58.963056,6.33
9021,23.825444,-15.861111,6.24
9022,23.824306,1.076111,5.77
9023,23.829083,-62.839444,6.59
9024,23.828056,36.425278,5.9
9025,23.827611,28.8425,5.97
9026,23.830444,-25.331389,6.42
9027,23.837417,-9.974167,5.94
9028,23.839528,51.621667,6.44
9029,23.842583,-14.401944,5.72
9030,23.855889,9.313333,5.79
9031,23.855917,-18.908889,5.18
9032,23.868444,-82.018889,5.11
9033,23.866083,2.930278,5.55
9034,23.866,77.599444,6.55
9035,23.873167,21.670833,6.11
9036,23.874806,19.120278,5.08
9037,23.875,-14.251111,5.87
9038,23.873639,75.544722,6.39
9039,23.876972,10.9475,5.3
9040,23.880694,-8.996667,5.75
9041,23.882111,-3.155556,5.93
9042,23.884667,2.090556,6.28
9043,23.889111,-24.229167,6.24
9044,23.905944,-27.042222,6.35
9045,23.906389,57.499444,4.54
9046,23.910722,-40.3,6.03
9047,23.912944,0.109167,5.61
9048,23.918833,7.071111,6.21
9049,23.921278,-31.921667,6.1
9050,23.921278,-31.884167,6.83
9051,23.923056,25.955,6.54
9052,23.926028,57.412222,6.0
9053,23.926,47.355833,6.0
9054,23.941639,-24.737222,6.31
9055,23.944861,22.648056,6.15
9056,23.941028,83.191111,6.59
9057,23.951,42.658333,5.97
9058,23.952306,-26.623611,6.26
9059,23.952361,55.705833,5.55
9060,23.955528,-62.956389,5.97
9061,23.959083,-82.17,5.73
9062,23.959778,-64.298333,5.0
9063,23.959306,60.023611,6.47
9064,23.962639,25.141389,4.66
9065,23.972556,-15.8475,6.26
9066,23.973556,51.388611,4.8
9067,23.977889,-3.556111,4.86
9068,23.980333,32.381667,6.52
9069,23.982167,-52.745833,5.13
9070,23.979583,46.413056,6.54
9071,23.983472,55.755,4.88
9072,23.988528,6.863333,4.01
9073,23.991083,-29.485,5.62
9074,23.991444,33.724444,6.58
9075,23.991444,33.724444,6.58
9076,23.998611,-65.577222,4.5
9077,0.005333,-44.290556,6.29
9078,0.006639,26.918333,6.46
9079,0.008583,59.559722,6.19
9080,0.012139,45.253333,6.38
9081,0.017917,-48.81,5.71
9082,0.022222,-50.337222,5.53
9083,0.022028,49.981667,6.22
9084,0.026583,-77.065833,4.78
9085,0.026917,61.223056,5.55
9086,0.028833,42.367222,6.25
9087,0.030389,-3.0275,5.1
9088,0.036167,27.081944,5.75
9089,0.032667,-6.014167,4.41
9090,0.035361,-14.676111,7.1
9091,0.038861,-29.720278,5.01
9092,0.040056,8.956944,6.32
9093,0.041583,8.485556,5.63
9094,0.043361,66.098889,5.86
9095,0.049333,-20.046111,6.25
9096,0.052139,-24.145278,6.44
9097,0.057139,63.641944,6.24
9098,0.062333,-17.336111,4.55
9099,0.064417,66.712222,6.29
9100,0.070444,62.287778,5.88
9101,0.072139,-16.528889,5.78
9102,0.072306,-29.268611,6.4
9103,0.075028,-10.509444,4.94
9104,0.078333,67.166667,5.67
9105,0.076861,42.092222,6.01
9106,0.075194,-72.897778,7.31
9107,0.081611,34.659722,6.12
9108,0.078139,-71.436944,5.59
9109,0.082222,26.648889,6.25
9110,0.085056,61.314167,5.8
